27.99969,-15.19152,-1.2791620695243089,0.12057765289073663,0.07612980569000247,0.6313757472040753
27.99336,-15.18378,-1.2788909681854692,0.09925774096066599,0.03520406911036834,0.35467328562634787
27.98704,-15.17603,-1.278620110347685,0.10037557812388057,0.03881597156043811,0.38670732747892705
27.98071,-15.16829,-1.2783490090088452,0.07555359875228021,0.003695080895190792,0.04890674906573229
27.97439,-15.16054,-1.278078151171061,0.08036032631879866,0.005599539115391814,0.06968039294885138
27.96806,-15.15279,-1.2778069667013254,0.0808897655803525,0.00492170910864553,0.060844645467002995
27.96174,-15.14505,-1.2775361919944372,0.0800478057502682,0.004126545558695356,0.051551014047396676
27.95541,-15.1373,-1.2772650075247014,0.08458443461131235,0.006233461644574817,0.07369513874768104
27.94909,-15.12956,-1.2769942328178134,0.10366883850537886,0.009752418042593605,0.09407280126985892
27.94276,-15.12181,-1.2767230483480776,0.09694510964811531,0.005762499601033519,0.0594408487643146
27.93643,-15.11407,-1.2764519470092381,0.09861863168217681,0.005037379647284143,0.05107939099701117
27.93011,-15.10632,-1.2761810891714536,0.0945311551851141,0.0027726482836386633,0.029330523658672846
27.92378,-15.09858,-1.2759099878326143,0.09517303108922641,0.006119635031402134,0.06430009595538538
27.91746,-15.09083,-1.27563912999483,0.09381939268015177,0.004292666077333921,0.04575457114680373
27.91113,-15.08309,-1.2753680286559903,0.0908709276435772,0.006671522998943337,0.07341757338618832
27.90481,-15.07534,-1.275097170818206,0.09299919360660289,0.005483294199583266,0.05896066392551984
27.9011,-15.0708,-1.2749382489373944,0.0901755166978334,0.0038962398885299403,0.043207292081128196
27.89478,-15.06305,-1.27466739109961,0.09097277322313442,0.004343944480223259,0.047749940188902495
27.88846,-15.0553,-1.2743965332618257,0.08777214931742595,0.004371617350890901,0.04980642931599006
27.88214,-15.04755,-1.2741256754240415,0.08648682857385719,0.0031379334552874586,0.03628221206663575
27.87582,-15.0398,-1.2738548175862574,0.09254772191509711,0.005392135521270747,0.05826329821729669
27.8695,-15.03205,-1.2735839597484726,0.09922247378796804,0.00218360129543191,0.022007124112810608
27.86318,-15.02431,-1.2733131850415846,0.10641000813608206,0.008440408845086686,0.07931968987628212
27.85685,-15.01656,-1.2730420005718488,0.10505588252820593,0.00732135701559693,0.0696901195764193
27.85053,-15.00881,-1.2727711427340647,0.11017792294488338,0.005818425061633006,0.052809355142260934
27.84421,-15.00106,-1.2725002848962803,0.11454480338072523,0.003560379385310421,0.03108285387226511
27.83789,-14.99331,-1.272229427058496,0.1121591698138932,0.006770195471715022,0.06036238929860904
27.83157,-14.98556,-1.2719585692207118,0.11037283352962002,0.005315131440002808,0.04815615645652897
27.82525,-14.97781,-1.2716877113829275,0.10446427883032787,0.0048602430969054665,0.046525407070483214
27.81893,-14.97006,-1.2714168535451433,0.09867006251440744,0.003340366012220094,0.03385389577241168
27.81261,-14.96231,-1.271145995707359,0.09344039939173444,0.003212421777584337,0.034379366938670226
27.80629,-14.95456,-1.2708751378695746,0.09358260170081392,0.003072030092572255,0.03282693616911418
27.79997,-14.94682,-1.2706043631626864,0.09056501407353823,0.004117161013821725,0.045460833368596576
27.79365,-14.93907,-1.270333505324902,0.09164044749067038,0.0036131012015211982,0.03942692665145526
27.78733,-14.93132,-1.270062647487118,0.09216271589079189,0.002240090237563266,0.024305818420299795
27.78101,-14.92357,-1.2697917896493334,0.08881816404624546,0.004124628420048683,0.046439019139160424
27.77468,-14.91582,-1.2695206051795977,0.09281715360392173,0.003377026947132142,0.03638365125419505
27.76836,-14.90807,-1.2692497473418136,0.09935432852791212,0.004143152258922783,0.04170077258142634
27.76204,-14.90032,-1.2689788895040293,0.1009614320436483,0.0041471277911724344,0.04107635665646582
27.75572,-14.89257,-1.2687080316662451,0.1042805183513263,0.005264296253589435,0.0504820683366164
27.7494,-14.88482,-1.2684371738284608,0.10511413100382552,0.004949517655322523,0.04708708151849146
27.74308,-14.87707,-1.2681663159906764,0.10380334669662625,0.004584599063587052,0.044166197039734345
27.73676,-14.86932,-1.2678954581528923,0.10826822232991185,0.005465276162157206,0.05047904218380507
27.73044,-14.86158,-1.267624683446004,0.11550874131303557,0.004056285133160223,0.03511669408783054
27.72412,-14.85383,-1.2673538256082197,0.1263728199376036,0.005290598601682909,0.04186500391694301
27.7178,-14.84608,-1.2670829677704356,0.13193977981205074,0.005350102229435187,0.040549576761886745
27.71148,-14.83833,-1.266812109932651,0.13653667266999542,0.00335982442299807,0.02460748718491664
27.70516,-14.83058,-1.2665412520948667,0.14130646020591384,0.0047732992883180204,0.03377976690777123
27.69883,-14.82283,-1.2662700676251313,0.14807187602563257,0.006346041731391952,0.04285784648459101
27.69251,-14.81508,-1.265999209787347,0.14705367553793458,0.0046303045859680285,0.0314871734353459
27.68619,-14.80733,-1.2657283519495626,0.15287840188882793,0.0069162051968587514,0.04523991035625926
27.67987,-14.79958,-1.2654574941117784,0.15628538301173867,0.004163813245509872,0.026642371572248223
27.67355,-14.79183,-1.2651866362739939,0.15950191381053155,0.004222229328123477,0.026471339604984056
27.66723,-14.78409,-1.264915861567106,0.15067178944239218,0.00413075782155573,0.027415602063550745
27.66091,-14.77634,-1.2646450037293218,0.15500743669142553,0.004684273199511523,0.030219667517220744
27.65459,-14.76859,-1.2643741458915372,0.15114441210538496,0.004551514768679377,0.030113682042746295
27.64827,-14.76084,-1.264103288053753,0.15099671614445692,0.003293535574975423,0.021811968227339017
27.64195,-14.75309,-1.2638324302159687,0.148358487333185,0.004727449230513859,0.03186504065586019
27.63563,-14.74534,-1.2635615723781843,0.14624890080138758,0.004438163609181018,0.030346645922544328
27.62931,-14.73759,-1.2632907145404,0.14071565275997386,0.003502799991929469,0.024892753032275526
27.62299,-14.72984,-1.2630198567026156,0.13278270388932048,0.005214001981955278,0.03926717734488484
27.61666,-14.72209,-1.2627486722328802,0.12979497165445383,0.004089567603822036,0.03150790474926465
27.61034,-14.71434,-1.2624778143950959,0.1299206689790393,0.0030234940366278213,0.023271847815959253
27.60402,-14.70659,-1.2622069565573115,0.1268816129958949,0.004886931334759123,0.038515677877749184
27.5977,-14.69885,-1.2619361818504233,0.12687969539085522,0.0032127340245469236,0.025321104489178018
27.59138,-14.6911,-1.2616653240126392,0.12576495019556733,0.0037983924874819904,0.03020231377323654
27.58506,-14.68335,-1.2613944661748548,0.1261794278933805,0.004574971424320415,0.03625766498312379
27.57874,-14.6756,-1.2611236083370705,0.12583296472211303,0.003532179844762313,0.028070385630368858
27.57242,-14.66785,-1.2608527504992864,0.12755906284241086,0.004642808941271568,0.03639732715038359
27.5714,-14.6666,-1.2608090426782272,0.12640464870970586,0.003910984639887205,0.030940196265004168
27.56369,-14.66023,-1.2605042550628578,0.1326344428372575,0.004142617319655095,0.031233345057573678
27.55598,-14.65387,-1.2601995505783847,0.13392340153221366,0.0035784887003460827,0.026720413754464864
27.54827,-14.6475,-1.2598947629630155,0.13151924577125756,0.005665471835693955,0.043077131430235865
27.54055,-14.64113,-1.2595896487156943,0.1378897283077188,0.0046145894254674535,0.0334657953286368
27.53284,-14.63477,-1.259284944231221,0.14613672029791056,0.0049615400256781015,0.033951357438182776
27.52513,-14.6284,-1.2589801566158518,0.1473281699444634,0.004515160395666139,0.03064695908031822
27.51742,-14.62204,-1.2586754521313788,0.15643484535750457,0.006759454874336731,0.04320939403806853
27.50971,-14.61567,-1.258370664516009,0.1609269856088217,0.008356748224607295,0.05192881848244347
27.502,-14.6093,-1.2580658769006396,0.17086095226382964,0.004520781894427898,0.02645883588104597
27.49428,-14.60294,-1.257760845784215,0.1756717882758393,0.00470566249928943,0.026786671584970796
27.48657,-14.59657,-1.2574560581688456,0.17434718922782727,0.003315259043829615,0.019015270957407966
27.47886,-14.5902,-1.2571512705534764,0.174442283646741,0.0032437387189202566,0.01859491088461715
27.47115,-14.58384,-1.2568465660690031,0.17183268812554003,0.00812253040892996,0.04726999558428419
27.46344,-14.57747,-1.2565417784536335,0.16862199401880468,0.0032741184924634796,0.01941691243491256
27.45573,-14.5711,-1.256236990838264,0.1663245129995292,0.004932180008984548,0.0296539573153508
27.44801,-14.56474,-1.2559319597218397,0.16888291600748956,0.005254015560173005,0.03111040290149894
27.4403,-14.55837,-1.2556271721064702,0.15824866166797685,0.004841962878132822,0.030597180583377025
27.43259,-14.552,-1.2553223844911008,0.14622441201905267,0.006414282322916255,0.04386601549186254
27.42488,-14.54564,-1.2550176800066273,0.14681825080474342,0.002792386028833133,0.019019338628048253
27.41717,-14.53927,-1.254712892391258,0.14737528405816325,0.004763324923792696,0.032321056778508384
27.40946,-14.53291,-1.254408187906785,0.13828058467217103,0.0047010364464592875,0.03399635934143813
27.40175,-14.52654,-1.2541034002914155,0.1352587330457976,0.004893882584848101,0.03618163851343387
27.39403,-14.52017,-1.2537982860440946,0.13598334386802022,0.006267639607147484,0.04609123021147792
27.38632,-14.51381,-1.2534935815596213,0.13326354190310594,0.003540588871762462,0.026568323347857397
27.37861,-14.50744,-1.253188793944252,0.1320206616757295,0.00601322176122787,0.04554758084759192
27.3709,-14.50107,-1.2528840063288824,0.12973544212063687,0.004371690400054133,0.03369696305493018
27.36319,-14.49471,-1.2525793018444094,0.1313029262910863,0.0054472952888368845,0.04148647286626911
27.35548,-14.48834,-1.2522745142290397,0.13086600363057727,0.006098174390574823,0.046598614012768436
27.34776,-14.48197,-1.251969399981719,0.13073088885152565,0.004267631150381449,0.03264439787622269
27.3461,-14.4806,-1.2519037901450156,0.12875763680048824,0.004432245617663731,0.03442316687228081
27.33839,-14.47423,-1.2515990025296464,0.1266713456569865,0.005367503598209855,0.042373463156730996
27.33067,-14.46787,-1.2512939714132219,0.12584893396889257,0.0027664244644997793,0.021982104871731262
27.32296,-14.4615,-1.2509891837978522,0.12014194600761174,0.0049138348103470635,0.04090024320095283
27.31525,-14.45514,-1.250684479313379,0.11097016333317793,0.005098830976009368,0.04594776490236017
27.30754,-14.44877,-1.2503796916980097,0.10837602618237434,0.006695183637517902,0.061777349413525265
27.29982,-14.44241,-1.250074660581585,0.10755480711434659,0.005378520460656183,0.05000725309225857
27.29211,-14.43604,-1.2497698729662152,0.10367973586397934,0.004428253064288771,0.042710882964616476
27.2844,-14.42968,-1.2494651684817422,0.10345484455009905,0.003069644761555191,0.029671348643984328
27.27669,-14.42331,-1.249160380866373,0.10232808944021463,0.005111958420678881,0.049956551017846886
27.26897,-14.41695,-1.248855349749948,0.09951536134296587,0.0026692386728157567,0.026822378342340497
27.26126,-14.41058,-1.2485505621345785,0.10167456807518374,0.004100842895144914,0.040333024991190784
27.25355,-14.40422,-1.2482458576501054,0.10087556488088618,0.0037401042639438773,0.03707641457433414
27.24584,-14.39785,-1.2479410700347362,0.10147393913406066,0.003118171507708243,0.03072879139528348
27.23812,-14.39149,-1.2476360389183112,0.10409548787036198,0.003880339150053916,0.037276727641513116
27.23041,-14.38512,-1.2473312513029418,0.10937459067056421,0.007278340589729155,0.06654507728994831
27.2227,-14.37876,-1.2470265468184687,0.11245270145230524,0.003444610406140503,0.0306316376721414
27.21499,-14.37239,-1.2467217592030992,0.11704027336056474,0.004290738051479328,0.03666035569022379
27.20727,-14.36603,-1.2464167280866747,0.12438633074127403,0.0049121871714016396,0.039491374511392924
27.19956,-14.35966,-1.246111940471305,0.12455079899050969,0.0035401721896162605,0.028423520509780177
27.19185,-14.3533,-1.2458072359868317,0.12305718007238808,0.0070236966927668424,0.057076691409921554
27.18413,-14.34693,-1.245502121739511,0.12449177615338472,0.005161560760540224,0.041461058071665155
27.17642,-14.34057,-1.2451974172550377,0.12204522877174155,0.0044758542366123,0.03667373384160219
27.16871,-14.3342,-1.2448926296396683,0.12340215509491892,0.004039666971026629,0.03273578948373619
27.161,-14.32784,-1.244587925155195,0.1171188845150013,0.005370765554333793,0.04585738309047737
27.15328,-14.32147,-1.2442828109078743,0.11537294969666903,0.006452240544481177,0.0559250722239917
27.14557,-14.31511,-1.2439781064234008,0.11278243738029745,0.004667794867676687,0.041387604099538004
27.13786,-14.30874,-1.2436733188080316,0.11611440667233024,0.0043821987919002115,0.037740353824194994
27.13015,-14.30237,-1.243368531192662,0.10378291429627713,0.005950084006882639,0.05733201892843819
27.12243,-14.29601,-1.2430635000762378,0.0953542593679445,0.003952278831788149,0.04144837218584487
27.11472,-14.28964,-1.242758712460868,0.09615835652864026,0.00739307260356922,0.07688434859394912
27.10701,-14.28328,-1.2424540079763948,0.08881855381757267,0.004487392871159079,0.0505231472286284
27.0993,-14.27691,-1.2421492203610254,0.0850427316653353,0.0039518602853464676,0.046469112738499976
27.09158,-14.27055,-1.2418441892446008,0.0859622532195073,0.0035044375084882597,0.04076716671839172
27.08387,-14.26418,-1.2415394016292316,0.08004880351630146,0.004709830658684396,0.05883699008349659
27.07616,-14.25782,-1.2412346971447583,0.07980494423844317,0.004336421695466633,0.054337757351351136
27.06845,-14.25145,-1.2409299095293886,0.07691701487451069,0.0026702574065478554,0.03471608214260983
27.06073,-14.24509,-1.2406248784129639,0.07871431803581123,0.0024430565428041865,0.03103700322592788
27.05302,-14.23872,-1.2403200907975946,0.07491831067446914,0.002894617473941611,0.038636982706659544
27.04531,-14.23236,-1.2400153863131214,0.07659528264361076,0.00309127928528925,0.040358611896148026
27.0376,-14.22599,-1.239710598697752,0.07944392951586146,0.003213206077969905,0.040446212788711175
27.02988,-14.21963,-1.2394055675813271,0.07999871329617059,0.00214714058479755,0.026839688994101985
27.02217,-14.21326,-1.2391007799659577,0.07723305908887253,0.002893722418605704,0.03746740648037625
27.01446,-14.2069,-1.2387960754814846,0.07961977433393586,0.0028133018834540723,0.03533421071572889
27.00674,-14.20053,-1.238490961234164,0.07941979462961864,0.003389574800053578,0.04267921890079375
26.99903,-14.19417,-1.2381862567496906,0.0804395821533717,0.004364740955356679,0.054261109251345446
26.99132,-14.1878,-1.2378814691343212,0.08159627112201846,0.004099808893876497,0.050245052102266693
26.98361,-14.18144,-1.2375767646498477,0.08461575090092312,0.003027588382410913,0.03578043508655885
26.97589,-14.17507,-1.2372716504025272,0.08958482509403305,0.005589169404671041,0.06238968931182651
26.96818,-14.16871,-1.236966945918054,0.08883231462704269,0.004565007703368778,0.05138904375659576
26.96047,-14.16234,-1.2366621583026842,0.09315182765707407,0.0035130682367582994,0.037713358128529564
26.95276,-14.15598,-1.2363574538182112,0.09152748911190357,0.00492883299364247,0.05385084897954938
26.94504,-14.14961,-1.2360523395708904,0.09488334867431003,0.0023141403238642797,0.024389319687774053
26.93733,-14.14325,-1.2357476350864172,0.09505454391652349,0.004605592233817856,0.04845209964778189
26.92962,-14.13688,-1.2354428474710475,0.09436756036772599,0.0032081662869354803,0.03399649492298079
26.92191,-14.13052,-1.2351381429865742,0.10262684209510901,0.004742042991616547,0.04620665407615171
26.91419,-14.12415,-1.2348330287392537,0.1193390792093233,0.006983889039850313,0.05852139203789584
26.90648,-14.11778,-1.234528241123884,0.11259902218992468,0.00520908962314014,0.04626229892435289
26.89877,-14.11142,-1.2342235366394108,0.1074776893281012,0.0054751967292364055,0.050942635289842025
26.89106,-14.10505,-1.2339187490240413,0.10487737166051084,0.0029388392616355,0.02802167154940299
26.88334,-14.09869,-1.2336137179076168,0.11019658062452468,0.004473003028434435,0.040591123636362185
26.87563,-14.09232,-1.2333089302922475,0.10986002492985095,0.0040245046556517585,0.036633021503695545
26.86792,-14.08596,-1.2330042258077742,0.11200892627198947,0.002631187040284332,0.02349086923568094
26.8602,-14.07959,-1.232699111560453,0.10990552687346059,0.0037280883655600606,0.0339208452169324
26.85249,-14.07323,-1.2323944070759798,0.1179614928242628,0.004561917828667307,0.03867294079995733
26.84478,-14.06686,-1.2320896194606108,0.11764191344421653,0.004321089708223582,0.03673086897105391
26.83707,-14.0605,-1.2317849149761373,0.11985613065571077,0.002395322599492066,0.019984981881091088
26.82935,-14.05413,-1.2314798007288164,0.11653332179929972,0.0031330942839511706,0.026885823175513378
26.82164,-14.04777,-1.231175096244343,0.11571691691999009,0.004057603672149121,0.03506491341239813
26.81393,-14.0414,-1.2308703086289738,0.11746226642065585,0.004558311602076248,0.03880660352450568
26.80622,-14.03504,-1.2305656041445006,0.11474197704827001,0.003391729631940514,0.029559623419367007
26.7985,-14.02867,-1.2302604898971796,0.11354916871342373,0.0037125205702730787,0.03269526859895176
26.79079,-14.02231,-1.2299557854127063,0.1107650839476313,0.005257044864970917,0.047461209594319445
26.78308,-14.01594,-1.229650997797337,0.10605258852274468,0.005727901768646801,0.05401001379064275
26.77537,-14.00958,-1.2293462933128638,0.10354695713519173,0.005460694218061446,0.05273640451772929
26.76765,-14.00321,-1.2290411790655429,0.09722855371601934,0.005230519101373709,0.053796121627508395
26.75994,-13.99685,-1.2287364745810696,0.09588722506752968,0.002472002796770552,0.0257803142705362
26.7594,-13.9964,-1.2287150955653676,0.0931715517135667,0.002870105800929761,0.030804529367002537
26.75168,-13.99004,-1.2284100644489433,0.09179066260139915,0.003112472314487051,0.03390837614935801
26.74396,-13.98368,-1.2281050333325185,0.08887314652903348,0.004798244344769,0.0539898105576974
26.73625,-13.97732,-1.227800328848045,0.08669091230373285,0.004539705027758145,0.052366561928114216
26.72853,-13.97097,-1.2274953808625166,0.08640793269925569,0.004133904968578808,0.0478417297977367
26.72081,-13.96461,-1.2271903497460919,0.0848921103075466,0.003829718102118036,0.045112768291938526
26.71309,-13.95825,-1.2268853186296673,0.08308157548868958,0.002519551747194759,0.03032623939031779
26.70537,-13.95189,-1.2265802875132423,0.08501132655951327,0.0031516173883418997,0.03707291152709598
26.69765,-13.94553,-1.2262752563968178,0.08608496207290303,0.0023860507749017975,0.02771739357776699
26.68994,-13.93917,-1.2259705519123447,0.0828864074752372,0.002295129780962549,0.02769006222942202
26.68222,-13.93282,-1.2256656039268157,0.08821752517512535,0.004189936293312004,0.04749550936726389
26.6745,-13.92646,-1.2253605728103911,0.08880894291150083,0.0037475843151448156,0.04219827634790482
26.66678,-13.9201,-1.2250555416939664,0.08489335626554052,0.0018913628642100474,0.022279280115796055
26.65906,-13.91374,-1.2247505105775418,0.08778462991157775,0.003735167743058426,0.04254922241878475
26.65134,-13.90738,-1.224445479461117,0.09015125761985202,0.003725028898194294,0.04131976631875642
26.64363,-13.90102,-1.2241407749766438,0.09013530436801195,0.0040247810957731835,0.04465265995375653
26.63591,-13.89467,-1.2238358269911151,0.09099711840570861,0.0035339927677603606,0.038836315145762454
26.62819,-13.88831,-1.2235307958746904,0.08887683819664283,0.0023933563269968178,0.026928909438716092
26.62047,-13.88195,-1.2232257647582658,0.0907376225896199,0.002466250208265801,0.02718001792288453
26.61275,-13.87559,-1.2229207336418408,0.09350930450818103,0.004332876570206001,0.04633631479771002
26.60504,-13.86923,-1.2226160291573678,0.08966642944460514,0.003470759043108615,0.03870745232754929
26.59732,-13.86287,-1.222310998040943,0.0905903450828174,0.003785078812480082,0.041782364434308925
26.5896,-13.85652,-1.2220060500554144,0.08873634512486908,0.0024527432562138434,0.02764079648268545
26.58188,-13.85016,-1.2217010189389896,0.08877839890454761,0.003520627330901178,0.03965635080540787
26.57416,-13.8438,-1.221395987822565,0.08731865851739298,0.0024066100762090824,0.027561235102228583
26.56644,-13.83744,-1.2210909567061403,0.08567571961347077,0.0027470723644920595,0.03206360421465474
26.55873,-13.83108,-1.2207862522216668,0.0855361630679614,0.004211103184194053,0.04923184572644658
26.55101,-13.82472,-1.2204812211052423,0.08623926205050496,0.0032261899762562342,0.03740975861280974
26.54329,-13.81837,-1.2201762731197137,0.08479340174876501,0.002421396804777333,0.028556429566910256
26.53557,-13.81201,-1.2198712420032891,0.08378280317258632,0.004419230763445375,0.05274627484523393
26.52785,-13.80565,-1.2195662108868643,0.08260549561931634,0.002765318443154199,0.033476204245514646
26.52013,-13.79929,-1.2192611797704398,0.08599375896581211,0.003669299880183812,0.04266937420008105
26.51242,-13.79293,-1.2189564752859663,0.088656375057715,0.0038711284254709065,0.04366441130658472
26.5047,-13.78657,-1.2186514441695415,0.08926192659924397,0.0028179035940235084,0.03156893091356797
26.49698,-13.78022,-1.2183464961840131,0.09164094697859439,0.0038120266503017235,0.04159741661325413
26.48926,-13.77386,-1.2180414650675884,0.08744968523181573,0.004859598431592053,0.05557022210783265
26.48154,-13.7675,-1.2177364339511638,0.08774664051880912,0.002629609165195801,0.029968203336880175
26.47383,-13.76114,-1.2174317294666903,0.09048048266435926,0.003935110892321028,0.04349126769049707
26.46611,-13.75478,-1.2171266983502655,0.08703614839057335,0.002035832730608329,0.023390657425148936
26.45839,-13.74842,-1.2168216672338412,0.08760783166647293,0.0032837372736744296,0.03748223430726798
26.45067,-13.74207,-1.2165167192483124,0.08694176686359537,0.0027283888097685244,0.03138179620905504
26.4461,-13.7383,-1.2163361080986785,0.08722492697426702,0.002846258171709345,0.03263124740189286
26.4384,-13.73192,-1.2160315639843644,0.08793958316742946,0.003672182170633051,0.0417580120165174
26.43071,-13.72553,-1.2157272633711056,0.08376610148113776,0.003440584917829601,0.04107371427097324
26.42301,-13.71915,-1.2154227192567917,0.08581279186550506,0.003391728847266871,0.03952474652709994
26.41531,-13.71276,-1.2151180920115814,0.08010281885881461,0.0025477418794352925,0.03180589541955846
26.40762,-13.70638,-1.2148138745292187,0.07936249332760302,0.0034481446290822986,0.0434480380404455
26.39992,-13.7,-1.2145093304149048,0.07794078994373535,0.0027949660293865785,0.035860119347061216
26.39222,-13.69361,-1.2142047031696945,0.07610720651721727,0.0030256536872094193,0.039755153626942596
26.38452,-13.68723,-1.2139001590553804,0.07286156904592114,0.0017636636312007186,0.024205677345339162
26.37683,-13.68084,-1.2135958584421216,0.07329804944579824,0.001931459038611675,0.026350756305458477
26.36913,-13.67446,-1.2132913143278075,0.07380829046590895,0.0024332656049465755,0.03296737520387995
26.36143,-13.66807,-1.2129866870825974,0.07362455285902456,0.004090247996912901,0.05555548846245438
26.35374,-13.66169,-1.2126824696002347,0.07231602323001327,0.00278160198455265,0.03846453192960152
26.34604,-13.65531,-1.2123779254859206,0.0699507499988967,0.002030172965652483,0.0290228906149613
26.33834,-13.64892,-1.2120732982407105,0.07117648909444127,0.003461100085289453,0.04862701334842543
26.33065,-13.64254,-1.2117690807583479,0.0699146893455894,0.0024790941064760782,0.03545884462450912
26.32295,-13.63615,-1.2114644535131378,0.07174405409646867,0.004732129759691819,0.06595849397260002
26.31525,-13.62977,-1.2111599093988235,0.07312695862908555,0.0023812200880654294,0.032562821327541465
26.30756,-13.62339,-1.2108556919164608,0.07622592479359089,0.0036355599350848923,0.047694533650191565
26.29986,-13.617,-1.2105510646712507,0.07414728345903052,0.0025941043280408973,0.034985830997763374
26.29216,-13.61062,-1.2102465205569366,0.07346332453031287,0.002489718892646355,0.033890637383542754
26.28446,-13.60423,-1.2099418933117263,0.06869986803523329,0.0023206764898367287,0.03377992645701373
26.27677,-13.59785,-1.2096376758293637,0.07334418687768587,0.00310195551578088,0.042293133891496096
26.26907,-13.59146,-1.2093330485841536,0.07276827519430064,0.001088824615673603,0.014962902621593015
26.26137,-13.58508,-1.2090285044698397,0.06973148070123723,0.0030333018507230037,0.04349974818000938
26.25368,-13.5787,-1.2087242869874768,0.07050416414916123,0.001964578367897736,0.027864713972658422
26.24598,-13.57231,-1.2084196597422667,0.07152578720632294,0.003081534599129392,0.04308284773211111
26.23828,-13.56593,-1.2081151156279528,0.07021265341918931,0.0016935905973954426,0.024120874442448856
26.23059,-13.55954,-1.2078108150146938,0.07029030034736147,0.002517342948463811,0.035813518167137924
26.22289,-13.55316,-1.2075062709003797,0.06733553559091013,0.0028019492249733444,0.0416117463146991
26.21519,-13.54678,-1.2072017267860657,0.06850774458831127,0.0029077749467603573,0.04244447053737161
26.2075,-13.54039,-1.206897426172807,0.06846913961111518,0.0018834671347916102,0.02750826351096503
26.1998,-13.53401,-1.206592882058493,0.0690366640964942,0.0015359008549092456,0.02224761110650538
26.1921,-13.52762,-1.2062882548132827,0.06951464233813673,0.0029628408868967227,0.04262182451410335
26.1844,-13.52124,-1.2059837106989688,0.06942302491735941,0.0018906257094408344,0.027233410121374275
26.17671,-13.51485,-1.20567941008571,0.0719641148562036,0.0021550308454537925,0.02994590914874596
26.16901,-13.50847,-1.2053748659713959,0.07328702361610448,0.0013706254572452459,0.01870215748458991
26.16131,-13.50209,-1.2050703218570817,0.07378850659270761,0.0024173641982124247,0.03276071450470755
26.15362,-13.4957,-1.2047660212438231,0.07439095532042957,0.0020187227836849665,0.02713666970654665
26.14592,-13.48932,-1.204461477129509,0.07459980780645468,0.0036358133283077637,0.048737569642815864
26.13822,-13.48293,-1.2041568498842987,0.07423353559788316,0.0032516860578105256,0.04380346472279909
26.13053,-13.47655,-1.203852632401936,0.07376063657463623,0.0026973295276245535,0.03656868558740277
26.12283,-13.47017,-1.2035480882876224,0.07618104483568668,0.0022228366650684493,0.029178343114915788
26.11513,-13.46378,-1.203243461042412,0.07243300008520266,0.002789015234392362,0.03850475931014391
26.10744,-13.4574,-1.2029392435600494,0.072092013882939,0.0018762610730974167,0.026025921208749102
26.09974,-13.45101,-1.2026346163148391,0.07391050112504495,0.002858292417944043,0.03867234526130816
26.09204,-13.44463,-1.2023300722005252,0.07327910161309567,0.0033410639529479276,0.04559368059106838
26.08434,-13.43825,-1.2020255280862109,0.0767220477244258,0.002699252114005002,0.03518222198266025
26.07665,-13.43186,-1.201721227472952,0.0740809509108157,0.002712623840610978,0.03661702242289845
26.06895,-13.42548,-1.201416683358638,0.07408234083270508,0.002965414667487188,0.04002863076618724
26.06125,-13.41909,-1.201112056113428,0.07538103001819806,0.002483986232919518,0.03295240503240468
26.05356,-13.41271,-1.2008078386310652,0.07702957817573472,0.0025144430211229063,0.0326425651116312
26.04586,-13.40632,-1.2005032113858551,0.0785913621354081,0.0028921205994818346,0.03679947160731084
26.03816,-13.39994,-1.200198667271541,0.07854728918321138,0.0036850007463320633,0.04691442295019001
26.03047,-13.39356,-1.1998944497891784,0.08085655964206731,0.003069844108559967,0.037966543743011505
26.02277,-13.38717,-1.199589822543968,0.07608014309938316,0.002501172190574509,0.03287549271966062
26.01507,-13.38079,-1.199285278429654,0.0781647398122176,0.003919869405356267,0.05014881920893401
26.00738,-13.3744,-1.1989809778163953,0.08060827780104507,0.00537288821862582,0.06665429860549832
25.99968,-13.36802,-1.1986764337020812,0.0786595113631554,0.0041358458198080365,0.05257909371841448
25.99198,-13.36164,-1.198371889587767,0.07960840545534553,0.0031467455046832885,0.039527804717158686
25.98428,-13.35525,-1.1980672623425568,0.07963215989850865,0.0028377344573139603,0.03563553294210101
25.97659,-13.34887,-1.1977630448601946,0.07931043871713231,0.002523576576918802,0.03181897134523944
25.96889,-13.34248,-1.1974584176149843,0.0791217807866347,0.0031849118074559397,0.04025328772673348
25.96119,-13.3361,-1.1971538735006702,0.081800752223019,0.002881921217273968,0.03523098674467918
25.9535,-13.32971,-1.1968495728874111,0.08189724389884964,0.002760246106157234,0.03370377285914997
25.9458,-13.32333,-1.1965450287730972,0.08205151224373167,0.002557956156198162,0.031175003193113938
25.9381,-13.31695,-1.1962404846587833,0.07814219817140403,0.0036880464382809232,0.0471966047101879
25.93041,-13.31056,-1.1959361840455243,0.07736553552666349,0.00196646528353726,0.025417846204393316
25.9237,-13.305,-1.1956707932278823,0.07406636526039599,0.003220024091622888,0.04347484962036697
25.91601,-13.29861,-1.1953664926146237,0.07181140969636576,0.0031423332811715793,0.043758133901813746
25.90832,-13.29222,-1.1950621920013649,0.07408504837317717,0.0033641798346757848,0.04540970018309121
25.90063,-13.28583,-1.194757891388106,0.07215649709162658,0.0017530533846979205,0.024295156435765422
25.89294,-13.27943,-1.1944535076439513,0.07185403830148954,0.003246094651746137,0.04517623126658485
25.88525,-13.27304,-1.1941492070306925,0.0706020737164708,0.0020201375303282084,0.028613005595853048
25.87755,-13.26665,-1.1938445797854822,0.06956543373699489,0.0023661369148891727,0.03401311237179653
25.86986,-13.26026,-1.1935402791722234,0.06694825935029816,0.0026968046430983117,0.040281923223539365
25.86217,-13.25387,-1.1932359785589648,0.06872089667200827,0.002738339108294622,0.03984725521502131
25.85448,-13.24748,-1.192931677945706,0.07161676580892377,0.00420595198288895,0.05872859428071059
25.84679,-13.24109,-1.1926273773324472,0.07294520145332332,0.004374055503162406,0.059963581099454585
25.8391,-13.23469,-1.1923229935882924,0.07129994181851682,0.004368016343803466,0.06126255130644551
25.83141,-13.2283,-1.1920186929750336,0.07473931554393276,0.0022724343872854843,0.030404805967880682
25.82372,-13.22191,-1.191714392361775,0.07394428487477989,0.0032088393850916597,0.043395367073001415
25.81603,-13.21552,-1.191410091748516,0.073468845528725,0.0033814490715429477,0.04602561871236784
25.80834,-13.20913,-1.1911057911352572,0.07136043275345441,0.002071565897047051,0.029029615111838998
25.80065,-13.20274,-1.1908014905219986,0.07278862357814744,0.0030230584058170856,0.041532017741364
25.79296,-13.19634,-1.1904971067778436,0.07206596126863232,0.002675045733507102,0.03711940681031964
25.78526,-13.18995,-1.1901924795326337,0.07292442814544946,0.0022954868709885463,0.03147761222631934
25.77757,-13.18356,-1.1898881789193747,0.0733692741941533,0.0029001339068630175,0.03952790781585959
25.76988,-13.17717,-1.1895838783061161,0.07326123859660741,0.002599403901900962,0.03548129886547312
25.76219,-13.17078,-1.1892795776928573,0.0721848375029342,0.0039033565621923007,0.05407446628987196
25.7545,-13.16439,-1.1889752770795985,0.06959132234084422,0.0016248020484751794,0.023347767994940916
25.74681,-13.158,-1.1886709764663397,0.06999783004141044,0.002021326068456856,0.02887698186159553
25.73912,-13.1516,-1.188366592722185,0.06926469344157012,0.002121777724462217,0.030632889846716683
25.73143,-13.14521,-1.188062292108926,0.06895806737453555,0.0016999219489587298,0.024651531193962482
25.72374,-13.13882,-1.1877579914956673,0.06996772677663907,0.0029305631983687795,0.041884499230968875
25.71605,-13.13243,-1.1874536908824087,0.06961458783656697,0.002817241024758727,0.0404691187912039
25.70836,-13.12604,-1.1871493902691497,0.06987461150273315,0.002830892715792874,0.04051389560401553
25.70067,-13.11965,-1.186845089655891,0.07095055237571028,0.004335171985714247,0.06110131409207154
25.69297,-13.11326,-1.1865404624106808,0.07328661628622161,0.002952422937409691,0.040285976990382166
25.68528,-13.10686,-1.186236078666526,0.07429973889888086,0.0025717103524362126,0.03461264320102408
25.67759,-13.10047,-1.1859317780532672,0.0719131029711884,0.0023037487086618584,0.03203517319486051
25.6699,-13.09408,-1.1856274774400084,0.07145521427744876,0.0034344602907716766,0.04806451601189293
25.66221,-13.08769,-1.1853231768267498,0.0740215350731773,0.003358671787580793,0.04537425202355541
25.65452,-13.0813,-1.1850188762134912,0.0756846773995716,0.0020553993854338097,0.027157404326142293
25.64683,-13.07491,-1.1847145756002324,0.07792747513995325,0.0023849903836324162,0.030605256738385416
25.63914,-13.06852,-1.1844102749869736,0.07758502419820637,0.0018775736267930762,0.024200206756350828
25.63145,-13.06212,-1.1841058912428186,0.07739642311665887,0.003632153586591174,0.04692921766056895
25.62376,-13.05573,-1.18380159062956,0.07872788007566353,0.0022966261253649085,0.02917170033230508
25.61607,-13.04934,-1.1834972900163012,0.07669995804621434,0.002714305559039517,0.03538861856226904
25.60838,-13.04295,-1.1831929894030424,0.07480544020370997,0.002317637022797715,0.03098219884123845
25.60068,-13.03656,-1.182888362157832,0.07510086482675955,0.003324666137389105,0.04426934556690321
25.59299,-13.03017,-1.1825840615445733,0.07594487510000325,0.002856127575585535,0.03760790404651561
25.5853,-13.02377,-1.1822796778004185,0.07711991139335325,0.0028082312362169154,0.036413828614161876
25.57761,-13.01738,-1.1819753771871597,0.07729398208757997,0.0025126521261926637,0.03250773292215217
25.56992,-13.01099,-1.181671076573901,0.07775850131307344,0.0034176482797623102,0.04395208526463338
25.56223,-13.0046,-1.1813667759606423,0.07558254958124658,0.0016231442558625206,0.021475119122804143
25.55454,-12.99821,-1.1810624753473835,0.07641582887869611,0.0018930824997735315,0.02477343408495438
25.54685,-12.99182,-1.180758174734125,0.0765276312830627,0.0030773172531748886,0.0402118450758317
25.53916,-12.98543,-1.1804538741208659,0.0801516049714099,0.0017300178147128642,0.021584319057989694
25.53147,-12.97903,-1.1801494903767114,0.08298756890475939,0.0027320905583434916,0.032921684469139866
25.52378,-12.97264,-1.1798451897634523,0.08323499994393035,0.0026014912491703615,0.031254775646336344
25.51609,-12.96625,-1.1795408891501937,0.08254106618557253,0.003388535543864677,0.041052723213514344
25.50839,-12.95986,-1.1792362619049834,0.08409204259870222,0.003181230828595886,0.03783034316073304
25.5007,-12.95347,-1.1789319612917248,0.07984685125719196,0.0037637520059397014,0.04713713749107537
25.49301,-12.94708,-1.178627660678466,0.0789292040707246,0.0027002696727499126,0.034211287248384424
25.48532,-12.94069,-1.1783233600652072,0.08012944092758466,0.002412605978404552,0.03010885824830471
25.47763,-12.93429,-1.1780189763210522,0.07622647101853812,0.002575925966157586,0.033793063377302694
25.46994,-12.9279,-1.1777146757077936,0.07342762524932554,0.001145280824303656,0.015597410653208832
25.46225,-12.92151,-1.1774103750945348,0.07435991213773119,0.003811576493444201,0.05125848570644232
25.45456,-12.91512,-1.177106074481276,0.07382885583830312,0.002981792530044126,0.04038790112872294
25.44687,-12.90873,-1.1768017738680172,0.07442855417899052,0.0032058048339541874,0.04307224383594318
25.43918,-12.90234,-1.1764974732547586,0.0752567729946574,0.003765241718437098,0.05003193159377693
25.43149,-12.89595,-1.1761931726414998,0.07399554541063665,0.0034873069541748536,0.0471286066589836
25.4238,-12.88955,-1.1758887888973448,0.07115447461611693,0.0024940996007916803,0.035051901011812846
25.4161,-12.88316,-1.1755841616521348,0.06944472074942057,0.002659730048059149,0.038299960304489254
25.40841,-12.87677,-1.1752798610388762,0.07038746617194219,0.0033379372013397413,0.04742232364475009
25.40072,-12.87038,-1.1749755604256173,0.06869397531309548,0.002454152421971062,0.03572587567956945
25.39303,-12.86399,-1.1746712598123585,0.0697049136204321,0.002695778939823675,0.03867415939288218
25.38534,-12.8576,-1.1743669591990997,0.06984545962604134,0.002249832141777098,0.032211573290846604
25.37765,-12.85121,-1.174062658585841,0.06713938479028025,0.0023417238313596157,0.03487854168867252
25.36996,-12.84481,-1.173758274841686,0.06849762844279879,0.002261609394269938,0.033017338639082516
25.36227,-12.83842,-1.1734539742284273,0.06822382445847003,0.0019179255256088746,0.02811225463879375
25.35458,-12.83203,-1.1731496736151685,0.06709668896280337,0.002829834621479094,0.042175473413418055
25.34689,-12.82564,-1.17284537300191,0.06953875443531408,0.0023340968851508883,0.033565411174025235
25.3392,-12.81925,-1.1725410723886511,0.07027126191770793,0.003648219856099551,0.05191624223814063
25.33151,-12.81286,-1.1722367717753923,0.071326603939904,0.00344096040181475,0.04824231369145123
25.32381,-12.80646,-1.171932061399286,0.07064391809186425,0.002247647059882164,0.03181656851138068
25.31612,-12.80007,-1.1716277607860273,0.06824110946515091,0.0019401284863767789,0.02843049448613604
25.30843,-12.79368,-1.1713234601727687,0.06832705281584421,0.0020738591666880956,0.03035194818482194
25.30074,-12.78729,-1.1710191595595099,0.06760542123978468,0.001309978894975743,0.019376832078739303
25.29305,-12.7809,-1.170714858946251,0.07139229830666952,0.0014428720131630384,0.02021047154085309
25.28536,-12.77451,-1.1704105583329925,0.07274787154075338,0.0023896238077210996,0.032848023689358824
25.27767,-12.76812,-1.1701062577197336,0.0743971391958242,0.0031664412723759077,0.04256133107539752
25.26998,-12.76172,-1.1698018739755787,0.07524380596569682,0.0027399986452033304,0.036414939542697755
25.26229,-12.75533,-1.16949757336232,0.0698327885125638,0.0020217882426033507,0.028951847486938107
25.2546,-12.74894,-1.169193272749061,0.07468636779261079,0.0030792035539445725,0.041228455003929354
25.24691,-12.74255,-1.1688889721358025,0.07720403175806398,0.0037946234405243614,0.04915058649288755
25.23922,-12.73616,-1.1685846715225434,0.0769296511914887,0.0032920072853668777,0.04279243743316357
25.23152,-12.72977,-1.1682800442773333,0.07172361323563724,0.003888374265240317,0.054213307024363694
25.22383,-12.72338,-1.1679757436640748,0.07450372497917326,0.0022244954628782825,0.029857506634736946
25.21614,-12.71698,-1.1676713599199198,0.07355619583078864,0.0023233779947870363,0.03158643495011379
25.20845,-12.71059,-1.167367059306661,0.07235711548414636,0.0031810556227599715,0.043963273017108444
25.20076,-12.7042,-1.1670627586934021,0.07317125275963221,0.002385078083998788,0.032595835031467575
25.19307,-12.69781,-1.1667584580801438,0.07330193775982696,0.0038712509246414738,0.052812395455705236
25.18538,-12.69142,-1.1664541574668847,0.06820940243184659,0.0012579132490771804,0.01844193328528367
25.17769,-12.68503,-1.1661498568536262,0.06791550761091215,0.002499446092386598,0.036802288318389983
25.17,-12.67864,-1.1658455562403673,0.06868426828966448,0.003092903312788689,0.04503073833071765
25.16231,-12.67224,-1.1655411724962126,0.06940380822546191,0.002224427224086629,0.032050506751163575
25.15462,-12.66585,-1.1652368718829538,0.07284378524416821,0.0025855171519628558,0.03549399778301402
25.14693,-12.65946,-1.164932571269695,0.07519334222116847,0.0030432910378702604,0.04047287895408261
25.13923,-12.65307,-1.1646279440244847,0.07454489189234867,0.003494334849286817,0.046875577394800375
25.13154,-12.64668,-1.164323643411226,0.07192949849652182,0.0022865620843337863,0.03178893405525904
25.12385,-12.64029,-1.1640193427979673,0.07008292684072409,0.0037976550753322557,0.0541880204855471
25.1205,-12.6375,-1.1638867275742257,0.06891924633203626,0.0036071021900989458,0.052338096860792695
25.1128,-12.63111,-1.1635821003290157,0.06975524908260491,0.002176819068203564,0.031206527061866718
25.10511,-12.62473,-1.163277882846653,0.07030627253913507,0.0017921812255452052,0.025491057352636792
25.09741,-12.61834,-1.1629732556014427,0.07075137208489023,0.0031178886972304132,0.04406824355984856
25.08972,-12.61196,-1.1626690381190803,0.0733586379130951,0.0036171403869656306,0.04930762742965191
25.08202,-12.60557,-1.1623644108738702,0.06959826544101805,0.0028344708874271326,0.04072617139904502
25.07432,-12.59919,-1.1620598667595559,0.07031060836856036,0.0022883498452849777,0.03254629562141894
25.06663,-12.5928,-1.161755566146297,0.07211041450825662,0.0026803267843879216,0.03716975977278601
25.05893,-12.58642,-1.1614510220319831,0.07331094186931336,0.003085887225255165,0.04209313298356165
25.05124,-12.58003,-1.1611467214187243,0.07301716390367465,0.004766181194655932,0.06527480581063859
25.04354,-12.57365,-1.1608421773044102,0.07311193223837414,0.003376209208709164,0.046178634668023424
25.03584,-12.56726,-1.1605375500592,0.07229101520668205,0.0042224524526429455,0.05840909054286809
25.02815,-12.56088,-1.1602333325768375,0.06942414327778619,0.002963729814385093,0.04269018924045411
25.02045,-12.55449,-1.1599287053316272,0.07060161810287939,0.003957349932430125,0.05605183052127144
25.01276,-12.54811,-1.1596244878492645,0.07220899160913549,0.0022937509650996788,0.031765447958554315
25.00506,-12.54172,-1.1593198606040545,0.07231957460689495,0.0013940883735097471,0.019276777844553786
24.99736,-12.53534,-1.1590153164897405,0.07498287468927779,0.003731292753034716,0.049761932554558005
24.98967,-12.52895,-1.1587110158764815,0.07526978236372998,0.0035007976979842636,0.04651000159754922
24.98197,-12.52257,-1.1584064717621676,0.07451456361244724,0.0035840056452961203,0.04809805589061294
24.97428,-12.51618,-1.1581021711489088,0.06905727406436543,0.0016040713364764347,0.0232281299574806
24.96658,-12.5098,-1.1577976270345947,0.06799941426986733,0.001882934973759766,0.02769045871905625
24.95888,-12.50341,-1.1574929997893844,0.06760739189313751,0.0026593472932654526,0.03933515579877575
24.95119,-12.49703,-1.157188782307022,0.07053775988878448,0.002498429810408497,0.03541974985238719
24.94349,-12.49064,-1.1568841550618116,0.07043633633707043,0.003187336304499224,0.04525130735429433
24.9358,-12.48425,-1.1565798544485526,0.07212409939011075,0.0025640344162048082,0.035550314498018876
24.9281,-12.47787,-1.156275310334239,0.0747983482418835,0.002830989053080217,0.037848283011883394
24.9204,-12.47148,-1.1559706830890288,0.08226674370616219,0.0011078155248200965,0.013466140446459844
24.91271,-12.4651,-1.155666465606666,0.08549134373369995,0.0030063350997755907,0.035165374276255754
24.90501,-12.45871,-1.1553618383614557,0.08691152229609153,0.0030070451299235904,0.034598923715536155
24.89731,-12.45233,-1.1550572942471418,0.09016925669071432,0.00293670463532401,0.03256880164152926
24.88962,-12.44594,-1.154752993633883,0.08614723495264048,0.0031621330901583284,0.03670614723614419
24.88192,-12.43956,-1.1544484495195688,0.08127316015787278,0.0027828957491928892,0.034241264198255926
24.87423,-12.43317,-1.15414414890631,0.08107415303430812,0.0019431767123858296,0.023967894077950296
24.86653,-12.42679,-1.153839604791996,0.08220507762411859,0.0034219541141820423,0.041627040726472796
24.85883,-12.4204,-1.153534977546786,0.08165149567759532,0.00350199110664646,0.0428894912161099
24.85114,-12.41402,-1.1532307600644234,0.0808204610994046,0.002685587869680338,0.033229058992588725
24.84344,-12.40763,-1.152926132819213,0.0795895520117343,0.002162149480337076,0.027166247650424004
24.83575,-12.40125,-1.1526219153368504,0.07959292325477646,0.002414116067768088,0.030330787826959405
24.82805,-12.39486,-1.1523172880916401,0.08082438721225585,0.0034132513826244924,0.04223046410065355
24.82035,-12.38848,-1.1520127439773262,0.07825204592611254,0.0018427727265803886,0.023549195484554857
24.81266,-12.38209,-1.1517084433640674,0.0826460461410293,0.0028931456338752138,0.035006461518295465
24.80496,-12.37571,-1.1514038992497533,0.08112367174517462,0.003128471720937382,0.03856422735357105
24.79727,-12.36932,-1.1510995986364945,0.08040548250350724,0.0036503695147363856,0.0453995100965554
24.78957,-12.36294,-1.1507950545221808,0.07878498770366811,0.003593003713973888,0.04560518213810171
24.78187,-12.35655,-1.1504904272769705,0.08070909850345387,0.005171569022831386,0.06407665453740725
24.77418,-12.35017,-1.1501862097946076,0.07833136197562236,0.005211205555511104,0.06652770262226376
24.76648,-12.34378,-1.1498815825493975,0.07548253270252905,0.0031262842143927987,0.04141732004029658
24.75879,-12.33739,-1.1495772819361387,0.07559956368154079,0.0036019549078784067,0.04764518116865665
24.75109,-12.33101,-1.1492727378218246,0.07766966658363697,0.002600914667423942,0.033486878234802266
24.74339,-12.32462,-1.1489681105766143,0.07367781937207711,0.0038105920927751593,0.05171966441530328
24.7357,-12.31824,-1.1486638930942519,0.07504307699783574,0.0037211894926301773,0.04958737889622379
24.728,-12.31185,-1.1483592658490416,0.07748578573056711,0.0034287426855820636,0.04424995698571681
24.72031,-12.30547,-1.148055048366679,0.079195603296616,0.00471506223683762,0.05953691922994787
24.71261,-12.29908,-1.1477504211214686,0.07759419938813011,0.0036604101937465295,0.04717376070132475
24.70491,-12.2927,-1.147445877007155,0.07368566285021838,0.005496020970282115,0.07458738589966862
24.7013,-12.2897,-1.147303023603858,0.0781427437975055,0.00568309276076862,0.0727270695215854
24.69362,-12.2833,-1.1469989664916542,0.07488940443370354,0.004395779961926867,0.05869695446461011
24.68593,-12.2769,-1.1466945827474997,0.08491434592014682,0.0034213899715558977,0.040292249024368176
24.67825,-12.2705,-1.146390525635296,0.08703079584552141,0.007943164850422997,0.09126843864006502
24.67057,-12.2641,-1.1460864685230927,0.08674566972560517,0.008225938245487554,0.0948282291382144
24.66288,-12.2577,-1.145782084778938,0.08780666019210222,0.01142048554238127,0.13006400103814092
24.6552,-12.2513,-1.1454780276667345,0.08491609647398028,0.007624401714113908,0.08978747293747956
24.64752,-12.2449,-1.145173970554531,0.08761056755173988,0.004217578165597354,0.048140062134703024
24.63983,-12.2385,-1.144869586810376,0.09168582235538471,0.006691378341405353,0.07298160358390861
24.63215,-12.2321,-1.1445655296981727,0.09195208136758601,0.008654107239194813,0.09411540348498809
24.62447,-12.2257,-1.1442614725859692,0.09437973800844812,0.010201186108634134,0.10808661185010923
24.61678,-12.2193,-1.1439570888418142,0.08654197128953356,0.003994712235046428,0.04615924707425229
24.6091,-12.21289,-1.1436529485987148,0.16605981388903263,0.23375718582547017,1.4076686005542283
24.60142,-12.20649,-1.1433488914865115,0.1043621867182652,0.03999194382202137,0.3832033908026774
24.59373,-12.20009,-1.1430445077423563,0.19057564241721459,0.3206731519907454,1.682655495337211
24.58605,-12.19369,-1.142740450630153,0.0813935016579904,0.004250967524907262,0.05222735769213517
24.57837,-12.18729,-1.1424363935179498,0.08420084989453226,0.007275622217934052,0.08640794275885935
24.57068,-12.18089,-1.1421320097737946,0.08264360267893392,0.004690487727984591,0.05675560570860991
24.563,-12.17449,-1.1418279526615913,0.08347590605717588,0.0033198444432139033,0.03977009175485934
24.55532,-12.16809,-1.1415238955493878,0.08742567313187233,0.006455056591387717,0.07383479429035623
24.54763,-12.16169,-1.141219511805233,0.08443866015815599,0.004645976143568367,0.05502190743986608
24.53995,-12.15529,-1.1409154546930296,0.08797920869004905,0.006599398459097281,0.07501088674651504
24.53227,-12.14889,-1.1406113975808263,0.08626836973686909,0.0042546526043306864,0.04931880151796061
24.52458,-12.14249,-1.1403070138366713,0.09194687493346794,0.004644290396924796,0.0505105845118213
24.5169,-12.13609,-1.1400029567244678,0.09133663879899744,0.004664684266797762,0.05107133706839412
24.50922,-12.12969,-1.1396988996122646,0.10477629975496142,0.050534436685530794,0.4823078960004776
24.50153,-12.12329,-1.1393945158681096,0.09790262798393132,0.008590734948759504,0.08774774616029199
24.49385,-12.11689,-1.139090458755906,0.09161170279302816,0.007883598303016864,0.08605448935741015
24.48617,-12.11049,-1.1387864016437026,0.09624151947638515,0.006150359807841814,0.06390547282818962
24.47848,-12.10409,-1.138482017899548,0.09323970672477087,0.005139397661200306,0.055120268410656946
24.4708,-12.09769,-1.1381779607873446,0.09727431438655273,0.01597202550814121,0.16419571403681046
24.46312,-12.09129,-1.1378739036751409,0.09979416612685713,0.005930492504512347,0.05942724644818994
24.45543,-12.08489,-1.1375695199309863,0.09890883376182995,0.006543988381741135,0.06616181925164438
24.44775,-12.07849,-1.1372654628187826,0.20594010161027057,0.3054855004664493,1.4833706406757168
24.44007,-12.07208,-1.136961322575683,0.09988909171075647,0.00443425604719248,0.044391794651937766
24.43238,-12.06568,-1.1366569388315284,0.10047564325467784,0.005411405151645323,0.05385788014244323
24.4247,-12.05928,-1.136352881719325,0.09582182450684881,0.0033287846030135753,0.03473931560106802
24.41702,-12.05288,-1.1360488246071214,0.1761689858161945,0.23341473193153442,1.324947923439073
24.40933,-12.04648,-1.1357444408629667,0.1966561349194784,0.3024717868418899,1.5380745023069742
24.40165,-12.04008,-1.1354403837507632,0.10950758185678941,0.0280194750424975,0.2558679003536074
24.39397,-12.03368,-1.1351363266385597,0.10339568868932543,0.0045541138984396354,0.04404549122085206
24.38628,-12.02728,-1.1348319428944047,0.09964806579564345,0.003714192085695027,0.03727309763655653
24.3786,-12.02088,-1.1345278857822014,0.10203161128015155,0.005391277379181952,0.05283928491905263
24.3755,-12.0183,-1.1344051821060637,0.1015602666665475,0.007884858141854805,0.07763723354275089
24.3678,-12.01192,-1.1341006379917495,0.12958916985497276,0.053951139526165426,0.4163244473789269
24.36011,-12.00553,-1.133796337378491,0.10467355416306293,0.02214594972123284,0.2115715846118434
24.35241,-11.99915,-1.1334917932641766,0.12975750595854546,0.09477203711322456,0.7303780726450002
24.34471,-11.99276,-1.1331871660189665,0.09762162630118032,0.005246610053481048,0.053744341825389286
24.33702,-11.98638,-1.132882948536604,0.11379840783741846,0.037370289729826346,0.32839026872165505
24.32932,-11.98,-1.13257840442229,0.09531408258100912,0.012180784908905172,0.12779627709842883
24.32162,-11.97361,-1.1322737771770797,0.09185719931719157,0.006375635172021397,0.06940811628717014
24.31392,-11.96723,-1.1319692330627655,0.0942658708557535,0.0044288345631930265,0.046982375731404104
24.30623,-11.96084,-1.131664932449507,0.09597523334209461,0.005952150932553526,0.06201757188062934
24.29853,-11.95446,-1.1313603883351928,0.09473478317990805,0.002466533610152045,0.026036198398933615
24.29083,-11.94807,-1.1310557610899825,0.09346974100688302,0.004737098973092045,0.05068056166693786
24.28314,-11.94169,-1.1307515436076199,0.09651978784520578,0.008979280085428453,0.09303045816707586
24.27544,-11.93531,-1.130446999493306,0.10850814044258068,0.031089619396627924,0.2865187742580441
24.26774,-11.92892,-1.1301423722480959,0.09757598711740378,0.008906125925900371,0.09127374663588582
24.26005,-11.92254,-1.129838154765733,0.09473040679864307,0.0037918516393354086,0.040027819656631346
24.25235,-11.91615,-1.129533527520523,0.09655244441569195,0.0038820908874156075,0.04020706995984329
24.24465,-11.90977,-1.129228983406209,0.11906941244601794,0.07039706823381489,0.5912271404356727
24.23696,-11.90339,-1.1289247659238462,0.09592577494460229,0.00903734768263858,0.09421188088246045
24.22926,-11.897,-1.1286201386786359,0.09015984205431662,0.004126817887675328,0.04577223954306768
24.22156,-11.89062,-1.128315594564322,0.09154230349637907,0.004000649839604348,0.04370274383321141
24.21386,-11.88423,-1.1280109673191117,0.09432707777850742,0.006656743930996521,0.07057086986864414
24.20617,-11.87785,-1.127706749836749,0.09684426553569384,0.012732952176825591,0.13147863847583846
24.19847,-11.87147,-1.127402205722435,0.09520294331802574,0.010481403790865798,0.1100953754743972
24.19077,-11.86508,-1.127097578477225,0.09734963930731313,0.0152626868409736,0.1567821611828718
24.18308,-11.8587,-1.1267933609948624,0.272308750848655,0.3754799310414914,1.3788757425947626
24.17538,-11.85231,-1.126488733749652,0.1593969265879216,0.20179589763119266,1.265996164109753
24.16768,-11.84593,-1.126184189635338,0.0971388199319477,0.005709468392989991,0.05877638205806761
24.15999,-11.83954,-1.1258798890220794,0.09391209851486823,0.005982454193470205,0.06370269952516351
24.15229,-11.83316,-1.1255753449077652,0.09460746169599601,0.005658993563169968,0.05981550991563564
24.14459,-11.82678,-1.125270800793451,0.09628976462181839,0.009695273633305147,0.10068851732459512
24.13689,-11.82039,-1.1249661735482408,0.11363413842365618,0.04379144764504724,0.3853722855871173
24.1292,-11.81401,-1.1246619560658784,0.09461287888158103,0.007901599013534981,0.08351504686190499
24.1215,-11.80762,-1.1243573288206683,0.09779502680313842,0.009031439579894796,0.09235070407082255
24.1138,-11.80124,-1.124052784706354,0.134400796545085,0.12523528015519075,0.9318045976995408
24.10611,-11.79486,-1.1237485672239913,0.09581536775985974,0.004432093676069572,0.04625660559147093
24.09841,-11.78847,-1.1234439399787812,0.09585535120819384,0.005418955012785858,0.056532629054961286
24.09071,-11.78209,-1.123139395864467,0.0938002938194539,0.006266384133185327,0.06680559173137364
24.08302,-11.7757,-1.1228350952512083,0.0922132131581701,0.004900337555515632,0.05314138167065336
24.07532,-11.76932,-1.1225305511368942,0.09327082710266404,0.0063314110395779645,0.06788200808607522
24.06762,-11.76293,-1.122225923891684,0.0966403233624054,0.01451766060585258,0.15022363440787262
24.05993,-11.75655,-1.1219217064093212,0.12632377316818472,0.0960233279500338,0.760136635739897
24.05223,-11.75017,-1.1216171622950073,0.0956906665590129,0.016884583652873153,0.1764496398659774
24.04453,-11.74378,-1.1213125350497972,0.27440915101188856,0.37366589779002984,1.3617107753590953
24.03683,-11.7374,-1.121007990935483,0.09315104546688781,0.007143693976259745,0.0766893590990248
24.02914,-11.73101,-1.1207036903222243,0.09737978237728401,0.013502249671403463,0.13865557451228358
24.02144,-11.72463,-1.1203991462079101,0.11652062127951415,0.04946657811013654,0.42453067591764904
24.01374,-11.71825,-1.120094602093596,0.17267366454568342,0.22981952749968004,1.330947183546208
24.00605,-11.71186,-1.1197903014803374,0.09242903233678396,0.007744803977085014,0.08379189721326138
23.99835,-11.70548,-1.1194857573660233,0.08608886987460448,0.004402974917251409,0.05114453150174586
23.99065,-11.69909,-1.119181130120813,0.09014665662660068,0.006132201358668506,0.06802472313608803
23.98296,-11.69271,-1.1188769126384506,0.0937314176734994,0.0038817788851507567,0.041413850142247965
23.97526,-11.68633,-1.1185723685241367,0.09102801094147227,0.006224887230786807,0.06838430463771406
23.96756,-11.67994,-1.1182677412789264,0.09213199698150419,0.005765145778507392,0.06257484877555368
23.95987,-11.67356,-1.1179635237965635,0.08657449062528726,0.005879074569788193,0.06790770037832591
23.95217,-11.66717,-1.1176588965513534,0.19919657299035382,0.3258183145685978,1.6356622489904769
23.94447,-11.66079,-1.1173543524370395,0.08761772440100866,0.0056857101707019145,0.06489223738201148
23.93677,-11.6544,-1.1170497251918292,0.09640678604357587,0.00849102992859785,0.08807502331588882
23.92908,-11.64802,-1.1167455077094663,0.09355736702672687,0.005758953085650626,0.06155531380019967
23.92138,-11.64164,-1.1164409635951524,0.18706776249366283,0.2710809935933531,1.4491058746829044
23.91368,-11.63525,-1.1161363363499424,0.0949939708649435,0.006507240382440198,0.06850161460975018
23.90599,-11.62887,-1.1158321188675797,0.09299601226209983,0.0062187495910925724,0.06687114253421596
23.89829,-11.62248,-1.1155274916223694,0.09526831775919169,0.00864521088740399,0.09074591732853267
23.89059,-11.6161,-1.1152229475080555,0.16989673447438225,0.23087703267332937,1.3589256638016312
23.8836,-11.6103,-1.1149464158542668,0.09413333933885908,0.006528572478773567,0.06935451907503418
23.87592,-11.60389,-1.1146422756111671,0.09531193587532141,0.004245735701874839,0.04454568740927403
23.86824,-11.59749,-1.1143382184989636,0.0913131381027602,0.00810964184190498,0.08881133657654729
23.86056,-11.59108,-1.114034078255864,0.09603086340961048,0.009535901785434764,0.09930038580159678
23.85288,-11.58468,-1.1137300211436607,0.09673548720164168,0.007941004065697543,0.08208987513697845
23.8452,-11.57827,-1.113425880900561,0.2606072688924206,0.33749980389322687,1.2950513825941967
23.83752,-11.57187,-1.113121823788358,0.09088214387646662,0.004868551173817673,0.053569941972708625
23.82984,-11.56546,-1.1128176835452583,0.09170373184242556,0.0037984693382989345,0.041421098814450004
23.82216,-11.55906,-1.1125136264330546,0.09189375073609361,0.005393310902488782,0.05869072553124574
23.81449,-11.55265,-1.1122098128219065,0.09131354388247818,0.0051316500751986335,0.0561981263349404
23.80681,-11.54625,-1.1119057557097032,0.09407336185359239,0.0074247386341448765,0.07892498458490402
23.79913,-11.53984,-1.1116016154666037,0.0970985501483407,0.00523386417497996,0.05390259861742539
23.79145,-11.53344,-1.1112975583544003,0.10162080661857997,0.022334388724162883,0.21978165168469885
23.78377,-11.52703,-1.1109934181113006,0.0964370023166821,0.004794696603558379,0.049718432638681996
23.77609,-11.52063,-1.110689360999097,0.095833735587244,0.007905758045259215,0.0824945202940781
23.76841,-11.51422,-1.1103852207559977,0.09740622465250454,0.007738525397615778,0.07944590220207044
23.76073,-11.50782,-1.1100811636437942,0.09482056193108623,0.0054551544454239835,0.057531344829918694
23.75305,-11.50141,-1.1097770234006947,0.0952929155763084,0.00715148299971768,0.07504737321202996
23.74537,-11.49501,-1.1094729662884915,0.09358712642345604,0.008744128941293106,0.09343303160873136
23.73769,-11.4886,-1.1091688260453918,0.09376212120833931,0.004645724673112026,0.04954799031038591
23.73001,-11.4822,-1.1088647689331883,0.09322964671691433,0.005869008691862705,0.06295217131610037
23.72233,-11.47579,-1.1085606286900886,0.09450998721663596,0.006075013799463805,0.06427906698938227
23.71465,-11.46939,-1.1082565715778854,0.09272676104433411,0.006203252125615906,0.06689818619513771
23.70697,-11.46298,-1.1079524313347857,0.09257459534484822,0.005038336742205102,0.05442461534330094
23.69929,-11.45658,-1.1076483742225824,0.1029115258026998,0.030895150090415806,0.3002107863957576
23.69161,-11.45017,-1.1073442339794828,0.09208068283160806,0.0045037564902758315,0.04891098058549421
23.68393,-11.44377,-1.1070401768672793,0.0970410076149204,0.004774634637671598,0.04920223681743264
23.67626,-11.43736,-1.1067363632561311,0.09665647625898237,0.0034656816222553,0.03585565868312142
23.66858,-11.43096,-1.1064323061439278,0.1026254631745251,0.0038117380812409886,0.03714222536329739
23.6609,-11.42455,-1.1061281659008284,0.10020122317635946,0.005625984108980664,0.05614686059349429
23.657,-11.4213,-1.1059737618985372,0.09538539865589533,0.003154009870890406,0.033065960989150524
23.64931,-11.41491,-1.1056694612852787,0.09927155394087141,0.003846461637982761,0.0387468664011627
23.64161,-11.40852,-1.1053648340400686,0.10298911510248625,0.007329498179783664,0.07116769740656528
23.63392,-11.40214,-1.1050606165577057,0.10337357376454685,0.004880350833790352,0.04721081661456619
23.62623,-11.39575,-1.1047563159444471,0.10193145821807503,0.004046534686328852,0.039698585275524875
23.61853,-11.38936,-1.104451688699237,0.10473882379871971,0.00567320382615706,0.054165242843088025
23.61084,-11.38297,-1.1041473880859782,0.10402983802645045,0.005056254005560763,0.04860388232340772
23.60315,-11.37658,-1.1038430874727194,0.10481934985735283,0.007885625104349734,0.07523062406970821
23.59545,-11.37019,-1.1035384602275091,0.0985958062682766,0.0031359960614892554,0.03180658671177446
23.58776,-11.36381,-1.1032342427451465,0.10077602944141602,0.00700847851838506,0.06954509477334875
23.58006,-11.35742,-1.1029296154999364,0.09680144776447352,0.002982941715108032,0.030815052708362305
23.57237,-11.35103,-1.1026253148866776,0.10051952389717118,0.007370920323804355,0.07332824547940171
23.56468,-11.34464,-1.102321014273419,0.09881893522823532,0.006601254673425472,0.06680151590562078
23.55698,-11.33825,-1.1020163870282087,0.09931124010916684,0.004008934499208328,0.04036737930974932
23.54929,-11.33186,-1.1017120864149497,0.11169317790897333,0.009012645202896229,0.08069109834300955
23.5416,-11.32548,-1.1014078689325872,0.1104605794175046,0.005776527056232181,0.05229491902626014
23.5339,-11.31909,-1.101103241687377,0.11431496283379343,0.004432100964063839,0.03877096098528963
23.52621,-11.3127,-1.1007989410741184,0.11744506921796098,0.00511079792556594,0.04351649634673927
23.51852,-11.30631,-1.1004946404608598,0.11690817432499796,0.006912369997652115,0.05912648997867443
23.51082,-11.29992,-1.1001900132156495,0.11423267323691141,0.005129116548084573,0.04490060858023611
23.50313,-11.29354,-1.0998857957332868,0.11536589168364238,0.005704268943514573,0.049445021056629825
23.49544,-11.28715,-1.099581495120028,0.11731501284345514,0.007364131298953345,0.06277228395976928
23.48774,-11.28076,-1.0992768678748177,0.1275940516788903,0.022383592023586564,0.17542817810910383
23.48005,-11.27437,-1.0989725672615591,0.11653045882742222,0.010889097008114927,0.09344421293527491
23.47236,-11.26798,-1.0986682666483,0.127905757785968,0.025934441651765328,0.20276211251695886
23.46466,-11.26159,-1.09836363940309,0.1176205568640685,0.006106076229118805,0.05191334229249963
23.45697,-11.25521,-1.0980594219207274,0.12079838420986674,0.006051368249136573,0.05009477807768807
23.44927,-11.24882,-1.0977547946755173,0.12248225458611298,0.005310578724513324,0.04335794391161899
23.44158,-11.24243,-1.0974504940622585,0.12411965258902655,0.006140356701202936,0.0494712688371302
23.43389,-11.23604,-1.0971461934489997,0.11662405689399828,0.007038250660985473,0.060349904200148574
23.42619,-11.22965,-1.0968415662037896,0.12180895557788127,0.007104011489067741,0.05832092932219284
23.4185,-11.22326,-1.096537265590531,0.11942291044163547,0.006003912158360157,0.05027437479255203
23.41081,-11.21688,-1.0962330481081681,0.12880946209924898,0.008236731855653396,0.06394508385810128
23.40311,-11.21049,-1.095928420862958,0.12838539730892978,0.00579824574712154,0.0451628134402965
23.39542,-11.2041,-1.0956241202496992,0.127086764248237,0.006258165773308494,0.049243253696226744
23.38773,-11.19771,-1.0953198196364404,0.13188419497167098,0.0056281110735107295,0.04267464402932937
23.38003,-11.19132,-1.0950151923912304,0.13081676261654201,0.003938221951534503,0.030104872439615835
23.37234,-11.18494,-1.0947109749088677,0.13265211640430685,0.006442404486166254,0.04856616434622589
23.36465,-11.17855,-1.094406674295609,0.12726053382103567,0.004637685209262568,0.036442446609445046
23.35695,-11.17216,-1.0941020470503988,0.12793891051918196,0.006572530862281956,0.051372415441168946
23.3564,-11.1717,-1.0940802582718496,0.12790360714326365,0.004717775828806385,0.036885400921664764
23.34871,-11.16531,-1.0937759576585906,0.1224538007022495,0.006358901773110548,0.05192898657814983
23.34102,-11.15892,-1.093471657045332,0.12200131245960513,0.008995160919653378,0.07373003403247562
23.33333,-11.15253,-1.0931673564320732,0.11726807134797176,0.0048837135898951115,0.041645722776522655
23.32564,-11.14614,-1.0928630558188144,0.11426114761032362,0.005952304837788035,0.05209386534509337
23.31794,-11.13974,-1.0925583454427081,0.11722606989073399,0.009373506909563307,0.07996094143819989
23.31025,-11.13335,-1.0922540448294493,0.1158766756433887,0.011926634853854352,0.10292524175062336
23.30256,-11.12696,-1.0919497442161907,0.11077022988017267,0.0069281183625453215,0.06254494885530089
23.29487,-11.12057,-1.0916454436029317,0.10700374580865987,0.00542208589086606,0.050671926014269
23.28718,-11.11418,-1.091341142989673,0.10895577656530261,0.0068163594300253314,0.06256078975252816
23.27949,-11.10779,-1.091036842376414,0.10230857433246746,0.010641623781523397,0.10401497480496408
23.2718,-11.1014,-1.0907325417631555,0.10913142795713375,0.007324061272645138,0.0671123012843009
23.26411,-11.09501,-1.0904282411498967,0.10434934817124328,0.009195228651131798,0.08811965587022066
23.25642,-11.08862,-1.090123940536638,0.10500114191860528,0.009582623050968495,0.09126208416282508
23.24872,-11.08222,-1.0898192301605318,0.10240975412847178,0.00575480125005939,0.05619387820070403
23.24103,-11.07583,-1.089514929547273,0.1060052358776887,0.005463776815060991,0.05154251834659585
23.23334,-11.06944,-1.0892106289340144,0.10507014579905397,0.004385696879240092,0.041740656643112606
23.22565,-11.06305,-1.0889063283207556,0.10371402168344053,0.006575684789406764,0.06340208086306105
23.21796,-11.05666,-1.0886020277074968,0.10389954319716485,0.006447601951919221,0.0620561145267399
23.21027,-11.05027,-1.088297727094238,0.11061990649623207,0.008952721255474085,0.08093228008449846
23.20258,-11.04388,-1.0879934264809794,0.10685126229041246,0.007327989674597005,0.06858121764327094
23.19489,-11.03749,-1.0876891258677204,0.10994813396624281,0.0065554057000941504,0.05962270994164253
23.1872,-11.0311,-1.0873848252544618,0.11476518883739614,0.00957456916550634,0.08342746840308839
23.1795,-11.0247,-1.0870801148783555,0.11275386208830193,0.009546000930074544,0.08466229673444534
23.17181,-11.01831,-1.0867758142650967,0.11160149640082992,0.0070196532424660115,0.06289927526826433
23.16412,-11.01192,-1.086471513651838,0.1107301920828232,0.008737993471678017,0.0789124746134481
23.15643,-11.00553,-1.0861672130385789,0.11465401002483969,0.008213123818510788,0.07163398660658639
23.14874,-10.99914,-1.0858629124253203,0.11368374034456433,0.005693489988659423,0.050081832031590535
23.14105,-10.99275,-1.0855586118120615,0.11720650441072886,0.00860255159375763,0.07339653747894019
23.13336,-10.98636,-1.0852543111988031,0.11430638130992658,0.0028457249293256204,0.024895591100988622
23.12567,-10.97997,-1.084950010585544,0.11625799303821631,0.006565478009284109,0.05647334723149664
23.11797,-10.97358,-1.0846453833403338,0.11881381341606748,0.006624549171389085,0.05575571544186487
23.11028,-10.96718,-1.0843409995961792,0.11630050002526313,0.005751021985001044,0.0494496754850735
23.10259,-10.96079,-1.0840366989829202,0.11487628810563388,0.004953410602655102,0.043119521742382726
23.0949,-10.9544,-1.0837323983696616,0.10834154058886918,0.004323061446672117,0.03990215962570742
23.08721,-10.94801,-1.0834280977564026,0.10668202557068249,0.00425426134357026,0.03987795807974781
23.07952,-10.94162,-1.0831237971431442,0.10717077584752539,0.0044436283298357245,0.04146306019243332
23.07183,-10.93523,-1.0828194965298852,0.10749023961657085,0.006459594398770296,0.06009470647579127
23.06414,-10.92884,-1.0825151959166266,0.11183765485392747,0.005743548609576603,0.051356125243133204
23.05645,-10.92245,-1.0822108953033678,0.10909632082986205,0.00612542655077608,0.05614695806588023
23.04875,-10.91605,-1.0819061849272613,0.10672288194776021,0.003539823458170205,0.033168364586545866
23.04106,-10.90966,-1.0816018843140027,0.10707185891403248,0.005832473772721832,0.05447251810024798
23.03337,-10.90327,-1.081297583700744,0.10781377190203427,0.007771479448873204,0.07208243725982254
23.02568,-10.89688,-1.080993283087485,0.11119146993358404,0.0051859299422248465,0.04663963832227834
23.01799,-10.89049,-1.0806889824742265,0.10815781660958697,0.004525312052685619,0.04183989834983874
23.0103,-10.8841,-1.080384681860968,0.10545938611289898,0.005654187102108341,0.05361483041495501
23.00261,-10.87771,-1.0800803812477089,0.10679288548581227,0.003492869961717005,0.03270695370602232
22.99492,-10.87132,-1.0797760806344503,0.10640421992711495,0.003374860465520554,0.03171735545669406
22.98723,-10.86493,-1.0794717800211913,0.10501527167950013,0.00553605006314991,0.05271661896991115
22.97953,-10.85853,-1.0791670696450852,0.1987672944351802,0.2671628103448354,1.344098439856561
22.97184,-10.85214,-1.0788627690318264,0.11064881729072233,0.00444891141616846,0.040207491820533826
22.96415,-10.84575,-1.0785584684185676,0.11106976705199645,0.00513708545333788,0.046250978908896005
22.95646,-10.83936,-1.0782541678053088,0.11328681983397679,0.0033669471457092913,0.0297205548769362
22.94877,-10.83297,-1.07794986719205,0.11470250825518394,0.005693256695393039,0.04963497993197315
22.94108,-10.82658,-1.0776455665787914,0.11573156476623707,0.007822595239234427,0.0675925816352269
22.93339,-10.82019,-1.0773412659655324,0.11552546967616314,0.00752023401767946,0.0650958965045536
22.9257,-10.8138,-1.0770369653522738,0.1090062709500218,0.007688889703954028,0.07053621444842656
22.91801,-10.80741,-1.076732664739015,0.11479495136121683,0.00790019208459573,0.06882003076717876
22.91031,-10.80101,-1.0764279543629087,0.11820437373438739,0.004813226242964572,0.04071952746672634
22.90262,-10.79462,-1.0761236537496501,0.12783196005442485,0.0064336255876808685,0.05032877212351068
22.89493,-10.78823,-1.075819353136391,0.12601506236939614,0.008599654577303143,0.06824306884913818
22.88724,-10.78184,-1.0755150525231327,0.13532312450084596,0.009527240607898575,0.0704036404941198
22.87955,-10.77545,-1.0752107519098737,0.1396463981090415,0.00852169107673004,0.06102335034861381
22.87186,-10.76906,-1.074906451296615,0.13972509992731771,0.007384991657761215,0.05285372249941309
22.86417,-10.76267,-1.0746021506833563,0.14738931206865252,0.005485637495544221,0.037218692580565566
22.85648,-10.75628,-1.0742978500700975,0.15175348758224488,0.006424770283994146,0.04233688718693963
22.84879,-10.74989,-1.073993549456839,0.15278733335862776,0.0056509470847227175,0.036985703988030326
22.84109,-10.74349,-1.0736888390807324,0.15127337856052833,0.005145960462758912,0.03401762102311929
22.8334,-10.7371,-1.0733845384674736,0.14701384717168114,0.005147351684536048,0.0350126997120552
22.82571,-10.73071,-1.073080237854215,0.1444716345080645,0.0058132163056384785,0.04023776934090118
22.81802,-10.72432,-1.0727759372409562,0.14621936297427085,0.00488712895358126,0.03342326798702585
22.81033,-10.71793,-1.0724716366276974,0.14032177202711513,0.004874074797748274,0.034734986077616166
22.80264,-10.71154,-1.0721673360144386,0.13179755834950768,0.005675929065881726,0.043065509990936245
22.79495,-10.70515,-1.0718630354011798,0.13272847777297064,0.006795148165231833,0.05119585697995268
22.78726,-10.69876,-1.0715587347879214,0.13229640462361106,0.007480934904344762,0.056546774083757925
22.77957,-10.69237,-1.0712544341746624,0.12655428884757264,0.004661488282590968,0.036833902075064893
22.77187,-10.68597,-1.0709497237985561,0.12201284694583055,0.003440117585063886,0.02819471613994204
22.76418,-10.67958,-1.0706454231852975,0.12270050436796273,0.003581167341699452,0.02918624793065235
22.75649,-10.67319,-1.0703411225720387,0.12063926781801407,0.004266270692856113,0.035363864270892616
22.7488,-10.6668,-1.07003682195878,0.12632911846990677,0.006247762459499454,0.04945623412220478
22.74111,-10.66041,-1.069732521345521,0.12017513441784763,0.00439129458333627,0.03654079194176548
22.73342,-10.65402,-1.0694282207322623,0.11827116105493614,0.004751250427573539,0.04017251868666966
22.72573,-10.64763,-1.0691239201190035,0.11862375879992068,0.004829025716705294,0.04070875653881677
22.71804,-10.64124,-1.0688196195057449,0.11250527231005998,0.002476405388308168,0.022011460773885286
22.71034,-10.63485,-1.0685149922605346,0.12099504196550544,0.0041999306080331145,0.034711592638899
22.70265,-10.62845,-1.0682106085163798,0.11946817897715027,0.004368876649631426,0.03656937510085448
22.69496,-10.62206,-1.067906307903121,0.12354131407416351,0.0059608827697120925,0.04825011628202121
22.68727,-10.61567,-1.0676020072898624,0.12428127500747303,0.005350502839116848,0.0430515605733456
22.67958,-10.60928,-1.0672977066766034,0.12512711005824842,0.004477606241202389,0.03578446140982558
22.6784,-10.6083,-1.0672510172785168,0.12818940076155108,0.0032759861241490116,0.02555582680539065
22.67229,-10.60038,-1.0669856054864786,0.13965577088170944,0.003728399029682377,0.02669706383161486
22.66618,-10.59247,-1.0667202768253363,0.16795107194690337,0.013684497214103582,0.0814790703951556
22.66007,-10.58455,-1.0664548650332983,0.1775654534243344,0.007868219756637746,0.044311658630098415
22.65395,-10.57664,-1.0661892097402046,0.18918366243724122,0.01583436436085551,0.08369837097380603
22.64784,-10.56872,-1.0659237979481664,0.20239510508296568,0.015200508053309721,0.07510314069640536
22.64173,-10.56081,-1.0656584692870246,0.20239236736272725,0.009867127589161022,0.04875246886893305
22.63562,-10.55289,-1.0653930574949861,0.20238768957823208,0.012612613771917087,0.062319075820279755
22.62951,-10.54498,-1.065127728833844,0.19337778597726185,0.004406774718272353,0.022788422651557914
22.6234,-10.53706,-1.064862317041806,0.18914427092825864,0.006140764974843398,0.03246603740470974
22.61729,-10.52915,-1.0645969883806639,0.18127613037669493,0.006502678850346147,0.03587167729603157
22.61117,-10.52123,-1.0643312499566744,0.176280914848825,0.005983056214643604,0.033940464966241826
22.60506,-10.51332,-1.0640659212955321,0.15581332393194852,0.0027190233643023575,0.017450518965180996
22.59895,-10.5054,-1.0638005095034941,0.1508174443039359,0.005662756200058783,0.03754709029975918
22.59284,-10.49749,-1.0635351808423517,0.14388272491323215,0.004710327528327889,0.03273726940581943
22.58673,-10.48957,-1.0632697690503135,0.13677221265654013,0.004522849933451625,0.033068485517663754
22.58062,-10.48166,-1.0630044403891714,0.1439381601543132,0.006690159798500246,0.04647940331686788
22.5745,-10.47374,-1.062738701965182,0.14043253280526125,0.005581925479161299,0.039748093747634626
22.56839,-10.46583,-1.0624733733040397,0.13570650540835513,0.007892989094739934,0.05816220136970664
22.56228,-10.45791,-1.0622079615120015,0.13271465318803563,0.004179306380721789,0.03149091890252973
22.55617,-10.45,-1.0619426328508597,0.12412158396484363,0.0030791579301678636,0.024807594552128893
22.55006,-10.44208,-1.061677221058821,0.12788902797744003,0.005299211681457642,0.04143601499881942
22.54395,-10.43417,-1.0614118923976792,0.130748424846027,0.0036670132239135602,0.028046328116242605
22.53784,-10.42625,-1.061146480605641,0.1342214529551016,0.004929974671992646,0.03673015425963069
22.53172,-10.41834,-1.0608808253125475,0.12836155003598598,0.004573383608404024,0.03562892164454139
22.52561,-10.41042,-1.0606154135205093,0.1338190799299,0.006485326438217144,0.04846339133114969
22.5195,-10.40251,-1.0603500848593672,0.1295633953432152,0.00753751004007089,0.058176231180912814
22.51339,-10.39459,-1.0600846730673292,0.13633313876039005,0.006419692014924465,0.04708827269213895
22.50728,-10.38668,-1.0598193444061867,0.1383991929710797,0.010171462202278669,0.07349365255622645
22.50117,-10.37876,-1.0595539326141485,0.13660762660438458,0.007608048382335345,0.055692705974376075
22.49506,-10.37085,-1.0592886039530065,0.13269989612291724,0.0076386107465838985,0.057563049932672194
22.48894,-10.36293,-1.0590228655290168,0.12841841146032199,0.007109395656695399,0.055361186732106715
22.48283,-10.35501,-1.0587574537369786,0.13371115717418905,0.007036396092905313,0.052623851603788116
22.47672,-10.3471,-1.0584921250758366,0.12717595182591945,0.007314236112111093,0.0575127294673048
22.47061,-10.33918,-1.0582267132837986,0.1244882742333282,0.005189356421401602,0.04168550374210505
22.4645,-10.33127,-1.0579613846226563,0.12710094031958985,0.0034348580263000223,0.027024646848899932
22.45839,-10.32335,-1.0576959728306181,0.12440225545536196,0.007090277811577818,0.056994768990518446
22.45228,-10.31544,-1.057430644169476,0.12835126002772074,0.005247457387019684,0.040883567375079616
22.44616,-10.30752,-1.0571649057454862,0.12698433514483626,0.0051426425916315755,0.04049824402172096
22.44005,-10.29961,-1.0568995770843443,0.12488370544487573,0.004328032281464016,0.034656501150780075
22.43394,-10.29169,-1.0566341652923061,0.12031936795868155,0.004349488003947704,0.03614952503275571
22.42783,-10.28378,-1.0563688366311639,0.11956726090189236,0.005116455190587801,0.04279143932874709
22.42172,-10.27586,-1.0561034248391257,0.1165159279307211,0.0027173429699215612,0.02332164381454576
22.41561,-10.26795,-1.0558380961779836,0.12056525322341063,0.0063047454628648416,0.05229322125821757
22.40949,-10.26003,-1.0555723577539942,0.12048518534105837,0.0025255578416287466,0.020961563319835796
22.40338,-10.25212,-1.055307029092852,0.11703658412049919,0.0035784313804611487,0.030575323155166995
22.3992,-10.2467,-1.0551254399914658,0.11606533855915177,0.004314734368107578,0.03717504658730313
22.3931,-10.23878,-1.054860354831379,0.11601272895749193,0.007254346221688744,0.06253060579539337
22.387,-10.23085,-1.0545951865403962,0.11649676731003936,0.0030166481975536148,0.025894694481309
22.3809,-10.22293,-1.0543301013803095,0.11202069710152995,0.0024913831838747126,0.022240382789411206
22.37479,-10.21501,-1.054064689588271,0.11347320354459389,0.005631955554082552,0.04963247161581409
22.36869,-10.20709,-1.0537996044281843,0.10950560671723128,0.0021644610143942084,0.019765755190812702
22.36259,-10.19916,-1.0535344361372014,0.10863302430704111,0.004012061866354357,0.036932248659621573
22.35649,-10.19124,-1.0532693509771147,0.10713589391658136,0.004222854956336332,0.03941587456790486
22.35039,-10.18332,-1.053004265817028,0.10750612105424547,0.0033442277451663192,0.031107324051612727
22.34429,-10.17539,-1.0527390975260449,0.11126578477075419,0.0043695657787076615,0.039271423714940495
22.33819,-10.16747,-1.0524740123659582,0.10548979082787438,0.004133137122557213,0.03918044665858871
22.33208,-10.15955,-1.0522086005739202,0.10476037655245789,0.004831491729728754,0.04611945745832085
22.32598,-10.15162,-1.051943432282937,0.10571141254544059,0.005010961537488363,0.047402275845423746
22.31988,-10.1437,-1.0516783471228504,0.10265640302146725,0.0026776977155093017,0.026084078895199047
22.31378,-10.13578,-1.0514132619627636,0.10501566536976603,0.004370919069662141,0.04162159097189824
22.30768,-10.12786,-1.0511481768026767,0.10200286922397532,0.005058329027311585,0.04959006610102931
22.30158,-10.11993,-1.0508830085116938,0.10206351497839021,0.005738589207470601,0.05622566701416883
22.29548,-10.11201,-1.0506179233516069,0.10554799764182872,0.005006805013453025,0.04743628610031372
22.28937,-10.10409,-1.0503525115595689,0.10234190681539909,0.007483105642572771,0.07311868495933486
22.28327,-10.09616,-1.0500873432685858,0.09889135122216115,0.00415576966519057,0.04202359067634298
22.27717,-10.08824,-1.049822258108499,0.10077384082666185,0.003330887617391996,0.03305309780860053
22.27107,-10.08032,-1.0495571729484123,0.10630576608910147,0.004116435226647849,0.0387225959427037
22.26497,-10.0724,-1.0492920877883256,0.10683909039552675,0.004756484797769039,0.04452007949674747
22.25887,-10.06447,-1.0490269194973427,0.1119856672560331,0.0060472345015111385,0.054000075631869315
22.25277,-10.05655,-1.048761834337256,0.11355010461647141,0.00592697005598855,0.05219695812705392
22.24666,-10.04863,-1.0484964225452176,0.12285480813931955,0.0048677214752847085,0.039621741704766046
22.24056,-10.0407,-1.048231254254235,0.12488953247287451,0.0055280478845648835,0.044263500512066956
22.23446,-10.03278,-1.047966169094148,0.1264172672000914,0.005309007335008544,0.0419959033492278
22.22836,-10.02486,-1.047701083934061,0.12366866142273261,0.002552781211985547,0.02064210271719087
22.22226,-10.01694,-1.0474359987739743,0.12760877633386516,0.003530863374161027,0.027669439952336543
22.21616,-10.00901,-1.0471708304829914,0.12834919975799794,0.0037535481502079383,0.02924481147747896
22.21006,-10.00109,-1.0469057453229047,0.12592037370250933,0.005857373345970242,0.04651648636151972
22.20395,-9.99317,-1.0466403335308665,0.1283809089030427,0.0031787615072765315,0.02476039104597111
22.19785,-9.98524,-1.0463751652398836,0.12914195849233698,0.0029240555087438713,0.02264218030205403
22.19175,-9.97732,-1.046110080079797,0.13204499839206923,0.0018078618326257342,0.013691255667691509
22.18565,-9.9694,-1.0458449949197102,0.1285907683168275,0.004860817616117111,0.0378006732500487
22.17955,-9.96147,-1.0455798266287273,0.12454839671265579,0.0034066662626290375,0.027352148663049587
22.17345,-9.95355,-1.0453147414686406,0.12372838962581822,0.009219393595604478,0.07451316244789045
22.16735,-9.94563,-1.0450496563085538,0.11941982864171263,0.004800794317298906,0.04020098146098006
22.16125,-9.93771,-1.044784571148467,0.12247688273347201,0.005213222306995253,0.042564949324681974
22.15514,-9.92978,-1.0445190762255325,0.12804514938143371,0.007618833832333387,0.05950115150116028
22.14904,-9.92186,-1.0442539910654458,0.12640702870141732,0.0034102618258096784,0.02697841932401534
22.14294,-9.91394,-1.043988905905359,0.12107944590016231,0.003547326404368247,0.029297511051489637
22.13684,-9.90601,-1.0437237376143762,0.12008675553999457,0.004168272123123042,0.034710506619814625
22.13074,-9.89809,-1.0434586524542895,0.11933247568933736,0.005311952511802826,0.0445138884542346
22.12464,-9.89017,-1.0431935672942028,0.11467743099511227,0.005174726414350808,0.045124192000528536
22.11854,-9.88225,-1.0429284821341158,0.11127789685379061,0.004685797793089526,0.04210897155296036
22.11243,-9.87432,-1.0426629872111817,0.10814400715399788,0.00437015738208969,0.040410536811961786
22.10633,-9.8664,-1.0423979020510947,0.10858549388292482,0.0022176672526479876,0.020423236781876606
22.10023,-9.85848,-1.042132816891008,0.10825132194258762,0.0022538760119091626,0.02082077125214723
22.09413,-9.85055,-1.041867648600025,0.10834262328428064,0.004267382733528702,0.03938784759098457
22.08803,-9.84263,-1.0416025634399382,0.1109279410995703,0.006127961839938483,0.05524272585603972
22.08193,-9.83471,-1.0413374782798515,0.10944771334245118,0.0024322317133833346,0.02222277322298292
22.07583,-9.82678,-1.0410723099888686,0.10849984276975841,0.0027161533747979303,0.025033707934137114
22.06972,-9.81886,-1.0408068981968304,0.11124293831481791,0.0034103481985354725,0.030656761230849323
22.06362,-9.81094,-1.0405418130367436,0.10881011343875266,0.004320375025750541,0.03970563846698318
22.05752,-9.80302,-1.040276727876657,0.10864018559658592,0.005715786077806217,0.052612079465978366
22.05142,-9.79509,-1.0400115595856738,0.10627558096005678,0.0035922242905602766,0.03380103179026985
22.04532,-9.78717,-1.039746474425587,0.11255970836573141,0.00583999888762921,0.05188356448698108
22.03922,-9.77925,-1.0394813892655002,0.11096737942292012,0.0043456842568460035,0.03916181745883791
22.03312,-9.77132,-1.0392162209745175,0.11236902433483933,0.0032249670297458824,0.028699786696875333
22.02701,-9.7634,-1.038950809182479,0.10753604581314909,0.004214460377087474,0.03919114140025545
22.02091,-9.75548,-1.0386857240223923,0.10386404969574006,0.004738415348999617,0.04562132290123828
22.01481,-9.74756,-1.0384206388623056,0.10416109465368348,0.0025002411758081114,0.024003599272079026
22.00871,-9.73963,-1.038155470571323,0.10100623306583227,0.0023722041848971446,0.023485720760925973
22.00261,-9.73171,-1.037890385411236,0.09799997167010982,0.004459589281178508,0.04550602622815545
21.99651,-9.72379,-1.0376253002511493,0.09707960834797358,0.004502453685833436,0.04637898486049485
21.99041,-9.71586,-1.0373601319601666,0.0932657362817932,0.006178729678429833,0.06624865598831936
21.9843,-9.70794,-1.0370947201681282,0.09016266015406073,0.004577510138942869,0.05076946633031111
21.9782,-9.70002,-1.0368296350080413,0.0892173015441301,0.004884117266095742,0.05474405952168236
21.9721,-9.69209,-1.0365644667170584,0.0863208558455705,0.002798244012997403,0.03241677791058409
21.966,-9.68417,-1.0362993815569719,0.09094134361404124,0.0031738437861136984,0.03489989986934458
21.9599,-9.67625,-1.036034296396885,0.0918800669637588,0.004604249724098448,0.05011151902963403
21.9538,-9.66833,-1.0357692112367982,0.09119756526051041,0.0033250843703664227,0.03646023181505068
21.9477,-9.6604,-1.0355040429458153,0.08953355775186399,0.0027377585846360456,0.030578016258703274
21.94159,-9.65248,-1.0352386311537773,0.09217051456150055,0.003560252009824,0.038626799760876136
21.93549,-9.64456,-1.0349735459936904,0.09222688691293199,0.005743590173321926,0.06227674342672152
21.92939,-9.63663,-1.0347083777027075,0.09165000207370637,0.0025427967423371344,0.027744644678700362
21.92329,-9.62871,-1.0344432925426208,0.09084699115362078,0.0044841312150388024,0.04935916047517974
21.91719,-9.62079,-1.0341782073825339,0.09245727395309802,0.0045392446900457155,0.04909559298004391
21.9125,-9.6147,-1.0339743902815859,0.0884525304152065,0.004761436023716657,0.05383041051924598
21.90465,-9.6085,-1.0336664430441302,0.09636833782559162,0.0026897842231643865,0.027911493379001562
21.89681,-9.6023,-1.033358822438626,0.09364543548876914,0.0031596366579187004,0.03374042356071519
21.88896,-9.5961,-1.0330508752011707,0.0897566229628943,0.004198355256292683,0.046774879866283495
21.88112,-9.5899,-1.0327432545956667,0.09330145680363269,0.004962628471999647,0.053189185271182465
21.87327,-9.5837,-1.0324353073582113,0.092064964179988,0.005204053941884565,0.05652588895500555
21.86542,-9.5775,-1.0321273601207557,0.09246028242023527,0.005928956961015974,0.06412436568243059
21.85758,-9.5713,-1.0318197395152513,0.09172486961605826,0.003418255259202487,0.03726639540083962
21.84973,-9.5651,-1.0315117922777959,0.09144591369907147,0.0044925681473838314,0.04912814543215011
21.84188,-9.5589,-1.0312038450403405,0.09038732864482828,0.0032796903206195605,0.03628484622559111
21.83404,-9.5527,-1.0308962244348365,0.09461366499898452,0.0045765777982432814,0.04837121359047238
21.82619,-9.5465,-1.0305882771973809,0.09099271976874776,0.0035609961576041726,0.03913495680373352
21.81835,-9.5403,-1.030280656591877,0.0933399195915503,0.0033813547812792106,0.03622624484867578
21.8105,-9.5341,-1.0299727093544215,0.09309558757160452,0.003933974174638481,0.04225736447082052
21.80265,-9.5279,-1.029664762116966,0.09189637367062173,0.005126898045371522,0.05578999301699906
21.79481,-9.5217,-1.0293571415114617,0.09528839995150194,0.0064711190702501096,0.06791087974552679
21.78696,-9.5155,-1.029049194274006,0.09393444756944844,0.008922406607213182,0.09498545888202078
21.77911,-9.5093,-1.0287412470365507,0.09401835159733479,0.0031419971357188946,0.03341897706498359
21.77127,-9.5031,-1.0284336264310467,0.09363873619630894,0.005208572073641558,0.05562411759511626
21.76342,-9.4969,-1.0281256791935913,0.09457167004944292,0.006435952297967315,0.06805370249465344
21.75558,-9.49071,-1.0278181417189831,0.09074961666462852,0.005956793991146289,0.06563988047641053
21.74773,-9.48451,-1.0275101944815277,0.08909079031283038,0.004350369649021464,0.04883074483620275
21.73988,-9.47831,-1.0272022472440723,0.0900261322738199,0.004625844304277102,0.05138335044992623
21.73204,-9.47211,-1.0268946266385683,0.09036907408793678,0.004292236517059874,0.04749674111835166
21.72419,-9.46591,-1.0265866794011127,0.09006761803418803,0.004342525317379349,0.04821405752876695
21.71634,-9.45971,-1.0262787321636573,0.08862427626214872,0.003093171983862584,0.034902084556527685
21.7085,-9.45351,-1.0259711115581533,0.08659593426810541,0.00448288127393242,0.05176780309400199
21.70065,-9.44731,-1.0256631643206977,0.08909264371566564,0.0030739931566428373,0.03450333302997855
21.69281,-9.44111,-1.0253555437151936,0.08638400630361599,0.003158354260150878,0.03656179419428792
21.68496,-9.43491,-1.0250475964777381,0.08785317892264657,0.003972943431461003,0.045222534690055105
21.67711,-9.42871,-1.0247396492402827,0.09022750426940282,0.0028620353529365578,0.03172020966457239
21.66927,-9.42251,-1.0244320286347788,0.09077418225921523,0.003868594642987649,0.042617785660029085
21.66142,-9.41631,-1.0241240813973231,0.08732863160963507,0.0029563056202791967,0.03385265022237019
21.65357,-9.41011,-1.0238161341598675,0.08627507190360068,0.004288595669106101,0.049708398665815744
21.64573,-9.40391,-1.0235085135543636,0.08823767839124072,0.007166870034584561,0.08122233228765467
21.63788,-9.39771,-1.023200566316908,0.08737068189488835,0.0045245798009565545,0.051786019095053745
21.63004,-9.39151,-1.022892945711404,0.08913901033797966,0.004109658182847691,0.046103924278107895
21.62219,-9.38531,-1.0225849984739483,0.0875570327976267,0.004305623209405171,0.04917506991536468
21.61434,-9.37911,-1.0222770512364927,0.08703330083584873,0.0033421997579798474,0.03840139034004334
21.6065,-9.37291,-1.021969430630989,0.09219372909227161,0.004700000274335547,0.05097960914056938
21.59865,-9.36671,-1.0216614833935334,0.09200343335507363,0.0008979961086157971,0.00976046301609326
21.5908,-9.36051,-1.021353536156078,0.0883201013639865,0.005129170110254101,0.058074776082011795
21.58296,-9.35431,-1.0210459155505738,0.08837052689872436,0.003529560709993198,0.03994047375136956
21.57511,-9.34811,-1.0207379683131181,0.08860403509576283,0.003244255289783528,0.03661520929918318
21.56727,-9.34191,-1.0204303477076142,0.08919448831952562,0.004528161632481932,0.05076728077928409
21.55942,-9.33571,-1.0201224004701586,0.08675115712124735,0.006405754907943569,0.0738405702069264
21.55157,-9.32951,-1.0198144532327034,0.08840335591164247,0.0044099699602239565,0.04988464425074134
21.54373,-9.32331,-1.019506832627199,0.0842458742018444,0.0049600123040062305,0.05887543278526084
21.53588,-9.31711,-1.0191988853897438,0.08438879865168508,0.0034344334495610817,0.04069774074799562
21.52804,-9.31091,-1.0188912647842396,0.0879829941104991,0.005462111934456743,0.06208145096308951
21.52019,-9.30471,-1.018583317546784,0.08746165162914529,0.004676882544448304,0.0534735219073979
21.51234,-9.29851,-1.0182753703093284,0.08596334732552072,0.007661276253059865,0.08912259109744314
21.5045,-9.29231,-1.0179677497038244,0.08525335500858872,0.004952603054530733,0.05809276425580895
