proxy,value,sd,x,sampleID
d18o,1.53001,NA,1,QG1-7188-1
mg_ca,0.49954,0.018803429053180304,1,QG1-7188-1
d18o,1.81001,NA,1,QG1-7189-2
mg_ca,0.45017,NA,1,QG1-7189-2
d18o,2.66001,NA,1,QG2-1061-1
mg_ca,0.35704,NA,1,QG2-1061-1
d18o,2.14001,NA,1,QG2-1064-1
mg_ca,0.53404,0.05030266795332196,1,QG2-1064-1
d18o,1.48001,NA,1,QG2-7180-1
mg_ca,0.50152,0.044819036227930126,1,QG2-7180-1
d18o,2.60001,NA,1,QG2-7180-2
mg_ca,0.46745,0.01798383574750457,1,QG2-7180-2
d18o,2.60001,NA,1,QG1-7246-1
mg_ca,0.44287,0,1,QG1-7246-1
d18o,1.93898,NA,1,ND-1016-3
mg_ca,0.08087,0.00622009765608549,1,ND-1016-3
d18o,2.21734,NA,1,ND-1016-4
mg_ca,0.12322,NA,1,ND-1016-4
d18o,2.3588,NA,1,NM-1016-1
mg_ca,0.07557,NA,1,NM-1016-1
d18o,2.3693,NA,1,NM-1016-3
mg_ca,0.11714,NA,1,NM-1016-3
d18o,2.59401,NA,1,ORK_LT5
mg_ca,0.41794,0.025912949579035723,1,ORK_LT5
d18o,1.72003,NA,2,QG1-7188-1
mg_ca,0.49286,0.023853721458792602,2,QG1-7188-1
d18o,1.92003,NA,2,QG1-7189-2
mg_ca,0.45019,NA,2,QG1-7189-2
d18o,3.74003,NA,2,QG2-1061-1
mg_ca,0.36143,NA,2,QG2-1061-1
d18o,2.11003,NA,2,QG2-1064-1
mg_ca,0.47472,0.015901390511246068,2,QG2-1064-1
d18o,3.02003,NA,2,QG2-7180-1
mg_ca,0.43166,NA,2,QG2-7180-1
d18o,2.49003,NA,2,QG2-7180-2
mg_ca,0.43486,0.014945356308587066,2,QG2-7180-2
d18o,1.97003,NA,2,QG1-7246-1
mg_ca,0.50254,0,2,QG1-7246-1
d18o,1.85087,NA,2,ND-1016-3
mg_ca,0.0961,0.008589456722840838,2,ND-1016-3
d18o,1.99076,NA,2,ND-1016-4
mg_ca,0.12324,NA,2,ND-1016-4
d18o,2.27824,NA,2,NM-1016-1
mg_ca,0.07559,NA,2,NM-1016-1
d18o,1.99731,NA,2,NM-1016-3
mg_ca,0.11148,NA,2,NM-1016-3
d18o,2.95784,NA,2,ORK_LT5
mg_ca,0.37734,0.0036361044304568453,2,ORK_LT5
d18o,2.03005,NA,3,QG1-7188-1
mg_ca,0.47649,NA,3,QG1-7188-1
d18o,1.97005,NA,3,QG1-7189-2
mg_ca,0.44926,0.022120263454333954,3,QG1-7189-2
d18o,3.63005,NA,3,QG2-1061-1
mg_ca,0.3861,0.019577299084613003,3,QG2-1061-1
d18o,2.40005,NA,3,QG2-1064-1
mg_ca,0.42696,0.010008597508148495,3,QG2-1064-1
d18o,2.98005,NA,3,QG2-7180-1
mg_ca,0.43168,NA,3,QG2-7180-1
d18o,2.74005,NA,3,QG2-7180-2
mg_ca,0.40628,0.0019689053396860718,3,QG2-7180-2
d18o,1.76005,NA,3,QG1-7246-1
mg_ca,0.5402,0.015026738293212083,3,QG1-7246-1
d18o,1.37827,NA,3,ND-1016-3
mg_ca,0.11135,0.004530534575599262,3,ND-1016-3
d18o,1.65318,NA,3,ND-1016-4
mg_ca,0.1252,0.009029618197675483,3,ND-1016-4
d18o,2.19655,NA,3,NM-1016-1
mg_ca,0.08035,0.003213212894442825,3,NM-1016-1
d18o,2.15407,NA,3,NM-1016-3
mg_ca,0.1115,NA,3,NM-1016-3
d18o,3.09866,NA,3,ORK_LT5
mg_ca,0.37444,NA,3,ORK_LT5
d18o,2.56007,NA,4,QG1-7188-1
mg_ca,0.42562,0.02027425728884102,4,QG1-7188-1
d18o,2.23007,NA,4,QG1-7189-2
mg_ca,0.42773,0.015166362283092549,4,QG1-7189-2
d18o,2.80007,NA,4,QG2-1061-1
mg_ca,0.39873,0.0033219910951782492,4,QG2-1061-1
d18o,2.21007,NA,4,QG2-1064-1
mg_ca,0.46807,0.02373332157529958,4,QG2-1064-1
d18o,2.22007,NA,4,QG2-7180-1
mg_ca,0.43331,0.008686490691844378,4,QG2-7180-1
d18o,2.65007,NA,4,QG2-7180-2
mg_ca,0.4119,NA,4,QG2-7180-2
d18o,2.16007,NA,4,QG1-7246-1
mg_ca,0.50177,0,4,QG1-7246-1
d18o,1.09262,NA,4,ND-1016-3
mg_ca,0.11981,NA,4,ND-1016-3
d18o,1.01271,NA,4,ND-1016-4
mg_ca,0.15031,0.01100850577132569,4,ND-1016-4
d18o,1.68395,NA,4,NM-1016-1
mg_ca,0.09838,0.007635477389967235,4,NM-1016-1
d18o,2.0617,NA,4,NM-1016-3
mg_ca,0.11152,NA,4,NM-1016-3
d18o,2.91716,NA,4,ORK_LT5
mg_ca,0.39042,0.014688376534353354,4,ORK_LT5
d18o,2.52009,NA,5,QG1-7188-1
mg_ca,0.43363,0.011899163893005034,5,QG1-7188-1
d18o,2.22009,NA,5,QG1-7189-2
mg_ca,0.43913,NA,5,QG1-7189-2
d18o,2.21009,NA,5,QG2-1061-1
mg_ca,0.45983,0.02427085389440798,5,QG2-1061-1
d18o,2.32009,NA,5,QG2-1064-1
mg_ca,0.45835,NA,5,QG2-1064-1
d18o,2.24009,NA,5,QG2-7180-1
mg_ca,0.44139,0.0162423032095909,5,QG2-7180-1
d18o,2.53009,NA,5,QG2-7180-2
mg_ca,0.41192,NA,5,QG2-7180-2
d18o,3.10009,NA,5,QG1-7246-1
mg_ca,0.42879,0.009932846451779295,5,QG1-7246-1
d18o,1.10534,NA,5,ND-1016-3
mg_ca,0.11983,NA,5,ND-1016-3
d18o,0.97853,NA,5,ND-1016-4
mg_ca,0.24219,0.08120633193693724,5,ND-1016-4
d18o,1.01623,NA,5,NM-1016-1
mg_ca,0.11561,NA,5,NM-1016-1
d18o,1.92784,NA,5,NM-1016-3
mg_ca,0.11154,NA,5,NM-1016-3
d18o,2.53932,NA,5,ORK_LT5
mg_ca,0.42196,0.0026242658498719955,5,ORK_LT5
d18o,2.40011,NA,6,QG1-7188-1
mg_ca,0.43978,NA,6,QG1-7188-1
d18o,2.14011,NA,6,QG1-7189-2
mg_ca,0.43915,NA,6,QG1-7189-2
d18o,2.18011,NA,6,QG2-1061-1
mg_ca,0.45827,NA,6,QG2-1061-1
d18o,2.44011,NA,6,QG2-1064-1
mg_ca,0.44681,0.031961946624026516,6,QG2-1064-1
d18o,1.67011,NA,6,QG2-7180-1
mg_ca,0.47883,0.011840647134763049,6,QG2-7180-1
d18o,2.55011,NA,6,QG2-7180-2
mg_ca,0.41194,NA,6,QG2-7180-2
d18o,3.35011,NA,6,QG1-7246-1
mg_ca,0.40679,0.0027027741398037487,6,QG1-7246-1
d18o,1.08308,NA,6,ND-1016-3
mg_ca,0.13178,0.011149437076188328,6,ND-1016-3
d18o,1.5175399999999999,NA,6,ND-1016-4
mg_ca,0.12199,0.006512935129430445,6,ND-1016-4
d18o,1.17931,NA,6,NM-1016-1
mg_ca,0.11563,NA,6,NM-1016-1
d18o,1.76779,NA,6,NM-1016-3
mg_ca,0.11407,0.004259322240445926,6,NM-1016-3
d18o,2.28786,NA,6,ORK_LT5
mg_ca,0.43389,0.022173138604690317,6,ORK_LT5
d18o,2.33013,NA,7,QG1-7188-1
mg_ca,0.4398,NA,7,QG1-7188-1
d18o,2.18013,NA,7,QG1-7189-2
mg_ca,0.43903,0.005770999836574351,7,QG1-7189-2
d18o,2.14013,NA,7,QG2-1061-1
mg_ca,0.45829,NA,7,QG2-1061-1
d18o,2.85013,NA,7,QG2-1064-1
mg_ca,0.41299,0.0020021473981574256,7,QG2-1064-1
d18o,1.74013,NA,7,QG2-7180-1
mg_ca,0.48826,NA,7,QG2-7180-1
d18o,2.32013,NA,7,QG2-7180-2
mg_ca,0.45865,0.05183760287062037,7,QG2-7180-2
d18o,3.33013,NA,7,QG1-7246-1
mg_ca,0.42129,0,7,QG1-7246-1
d18o,1.43312,NA,7,ND-1016-3
mg_ca,0.10802,0.004999771097238324,7,ND-1016-3
d18o,2.2281,NA,7,ND-1016-4
mg_ca,0.11031,NA,7,ND-1016-4
d18o,1.06211,NA,7,NM-1016-1
mg_ca,0.11565,NA,7,NM-1016-1
d18o,1.62552,NA,7,NM-1016-3
mg_ca,0.14532,0.008675537198608712,7,NM-1016-3
d18o,1.86648,NA,7,ORK_LT5
mg_ca,0.45796,NA,7,ORK_LT5
d18o,2.93015,NA,8,QG1-7188-1
mg_ca,0.39424,0.09542622615308521,8,QG1-7188-1
d18o,2.66015,NA,8,QG1-7189-2
mg_ca,0.39739,0.019216345460202542,8,QG1-7189-2
d18o,2.07015,NA,8,QG2-1061-1
mg_ca,0.43527,0.015884057045027072,8,QG2-1061-1
d18o,2.78015,NA,8,QG2-1064-1
mg_ca,0.42064,0.013640114883647369,8,QG2-1064-1
d18o,1.46015,NA,8,QG2-7180-1
mg_ca,0.50682,0.011490347870935159,8,QG2-7180-1
d18o,2.97015,NA,8,QG2-7180-2
mg_ca,0.40449,0.01142891595374077,8,QG2-7180-2
d18o,2.62015,NA,8,QG1-7246-1
mg_ca,0.48877,0,8,QG1-7246-1
d18o,1.79825,NA,8,ND-1016-3
mg_ca,0.09781,0.008444277848949867,8,ND-1016-3
d18o,1.76036,NA,8,ND-1016-4
mg_ca,0.10681,0.0027227644778211116,8,ND-1016-4
d18o,0.95365,NA,8,NM-1016-1
mg_ca,0.14354,0.015189881985835697,8,NM-1016-1
d18o,1.38878,NA,8,NM-1016-3
mg_ca,0.16935,0.007550547261388646,8,NM-1016-3
d18o,1.97428,NA,8,ORK_LT5
mg_ca,0.46116,0.002336379014838135,8,ORK_LT5
d18o,2.29017,NA,9,QG1-7188-1
mg_ca,0.44044,0.027563086245176588,9,QG1-7188-1
d18o,3.26017,NA,9,QG1-7189-2
mg_ca,0.35734,0.013920738226761516,9,QG1-7189-2
d18o,1.88017,NA,9,QG2-1061-1
mg_ca,0.4904,0.010671823777638836,9,QG2-1061-1
d18o,2.27017,NA,9,QG2-1064-1
mg_ca,0.44313,0.011400148754159055,9,QG2-1064-1
d18o,1.82017,NA,9,QG2-7180-1
mg_ca,0.4811,NA,9,QG2-7180-1
d18o,3.27017,NA,9,QG2-7180-2
mg_ca,0.37559,0.021870221571335276,9,QG2-7180-2
d18o,2.08017,NA,9,QG1-7246-1
mg_ca,0.51945,0.01626089651446657,9,QG1-7246-1
d18o,2.11218,NA,9,ND-1016-3
mg_ca,0.082170000000000007,0.00413684346320185,9,ND-1016-3
d18o,2.0205,NA,9,ND-1016-4
mg_ca,0.10338,NA,9,ND-1016-4
d18o,1.14725,NA,9,NM-1016-1
mg_ca,0.12032,NA,9,NM-1016-1
d18o,1.41211,NA,9,NM-1016-3
mg_ca,0.17471,NA,9,NM-1016-3
d18o,2.10193,NA,9,ORK_LT5
mg_ca,0.46083,0.02353853163992513,9,ORK_LT5
d18o,1.94019,NA,10,QG1-7188-1
mg_ca,0.49171,0.011273863522705223,10,QG1-7188-1
d18o,3.14019,NA,10,QG1-7189-2
mg_ca,0.37944,0.00889779044148339,10,QG1-7189-2
d18o,2.39019,NA,10,QG2-1061-1
mg_ca,0.44833,0.013851486175380633,10,QG2-1061-1
d18o,2.05019,NA,10,QG2-1064-1
mg_ca,0.46544,0.00565992256453954,10,QG2-1064-1
d18o,1.84019,NA,10,QG2-7180-1
mg_ca,0.46696,NA,10,QG2-7180-1
d18o,3.62019,NA,10,QG2-7180-2
mg_ca,0.35564,NA,10,QG2-7180-2
d18o,2.39019,NA,10,QG1-7246-1
mg_ca,0.50107,0,10,QG1-7246-1
d18o,2.41697,NA,10,ND-1016-3
mg_ca,0.07213,0.0034558080805555764,10,ND-1016-3
d18o,1.92734,NA,10,ND-1016-4
mg_ca,0.1034,NA,10,ND-1016-4
d18o,1.35785,NA,10,NM-1016-1
mg_ca,0.11212,0.00869009863610161,10,NM-1016-1
d18o,1.3044,NA,10,NM-1016-3
mg_ca,0.18389,0.00426817163507141,10,NM-1016-3
d18o,2.34725,NA,10,ORK_LT5
mg_ca,0.42401,0.008843146125390371,10,ORK_LT5
d18o,2.23021,NA,11,QG1-7188-1
mg_ca,0.42619,0.030245130933574133,11,QG1-7188-1
d18o,2.66021,NA,11,QG1-7189-2
mg_ca,0.41016,0.009465090843134169,11,QG1-7189-2
d18o,1.97021,NA,11,QG2-1061-1
mg_ca,0.47277,NA,11,QG2-1061-1
d18o,2.04021,NA,11,QG2-1064-1
mg_ca,0.4728,0.01840771177418518,11,QG2-1064-1
d18o,1.78021,NA,11,QG2-7180-1
mg_ca,0.46698,NA,11,QG2-7180-1
d18o,3.58021,NA,11,QG2-7180-2
mg_ca,0.35084,0.0035863953734538608,11,QG2-7180-2
d18o,2.66021,NA,11,QG1-7246-1
mg_ca,0.47768,0,11,QG1-7246-1
d18o,2.69712,NA,11,ND-1016-3
mg_ca,0.06606,NA,11,ND-1016-3
d18o,2.0622,NA,11,ND-1016-4
mg_ca,0.10342,NA,11,ND-1016-4
d18o,1.59181,NA,11,NM-1016-1
mg_ca,0.104,NA,11,NM-1016-1
d18o,1.23513,NA,11,NM-1016-3
mg_ca,0.19299,0.002120250902171944,11,NM-1016-3
d18o,2.81123,NA,11,ORK_LT5
mg_ca,0.39612000000000003,0.006026007237134388,11,ORK_LT5
d18o,2.24023,NA,12,QG1-7188-1
mg_ca,0.45749,NA,12,QG1-7188-1
d18o,2.10023,NA,12,QG1-7189-2
mg_ca,0.44008,0.01502289133944357,12,QG1-7189-2
d18o,2.05023,NA,12,QG2-1061-1
mg_ca,0.47279,NA,12,QG2-1061-1
d18o,1.95023,NA,12,QG2-1064-1
mg_ca,0.49019,0.03312765663245741,12,QG2-1064-1
d18o,1.97023,NA,12,QG2-7180-1
mg_ca,0.467,NA,12,QG2-7180-1
d18o,3.86023,NA,12,QG2-7180-2
mg_ca,0.33533,0.007759950406415288,12,QG2-7180-2
d18o,3.49023,NA,12,QG1-7246-1
mg_ca,0.42111,0.016508357177411014,12,QG1-7246-1
d18o,2.65371,NA,12,ND-1016-3
mg_ca,0.06522,0.0020922730597770973,12,ND-1016-3
d18o,1.76601,NA,12,ND-1016-4
mg_ca,0.10514,0.0024079282972796654,12,ND-1016-4
d18o,1.72969,NA,12,NM-1016-1
mg_ca,0.09259,0.011590576945632557,12,NM-1016-1
d18o,1.18677,NA,12,NM-1016-3
mg_ca,0.20551,NA,12,NM-1016-3
d18o,2.90649,NA,12,ORK_LT5
mg_ca,0.38124,0.00451659681915962,12,ORK_LT5
d18o,2.06025,NA,13,QG1-7188-1
mg_ca,0.48109,0.007914383509564643,13,QG1-7188-1
d18o,1.81025,NA,13,QG1-7189-2
mg_ca,0.46806,NA,13,QG1-7189-2
d18o,2.00025,NA,13,QG2-1061-1
mg_ca,0.47281,NA,13,QG2-1061-1
d18o,2.14025,NA,13,QG2-1064-1
mg_ca,0.45982,0.019931234013461453,13,QG2-1064-1
d18o,1.97025,NA,13,QG2-7180-1
mg_ca,0.46702,NA,13,QG2-7180-1
d18o,3.34025,NA,13,QG2-7180-2
mg_ca,0.36378,0.0028221253955629634,13,QG2-7180-2
d18o,3.64025,NA,13,QG1-7246-1
mg_ca,0.44368,NA,13,QG1-7246-1
d18o,2.69945,NA,13,ND-1016-3
mg_ca,0.06392,0.0033950801252948877,13,ND-1016-3
d18o,1.63433,NA,13,ND-1016-4
mg_ca,0.11032,0.006775441998741331,13,ND-1016-4
d18o,2.33222,NA,13,NM-1016-1
mg_ca,0.07246,0.0031589474783804846,13,NM-1016-1
d18o,1.10944,NA,13,NM-1016-3
mg_ca,0.24832,0.03143859990173638,13,NM-1016-3
d18o,2.73324,NA,13,ORK_LT5
mg_ca,0.40305,0.015518516758905629,13,ORK_LT5
d18o,2.18027,NA,14,QG1-7188-1
mg_ca,0.45442,NA,14,QG1-7188-1
d18o,1.77027,NA,14,QG1-7189-2
mg_ca,0.47206,0.005629670579860594,14,QG1-7189-2
d18o,2.01027,NA,14,QG2-1061-1
mg_ca,0.48604,0.01538185756827625,14,QG2-1061-1
d18o,2.84027,NA,14,QG2-1064-1
mg_ca,0.42802,0.013038737037731698,14,QG2-1064-1
d18o,1.90027,NA,14,QG2-7180-1
mg_ca,0.46704,NA,14,QG2-7180-1
d18o,3.33027,NA,14,QG2-7180-2
mg_ca,0.38432,0.011829822340485177,14,QG2-7180-2
d18o,2.35027,NA,14,QG1-7246-1
mg_ca,0.47078,0,14,QG1-7246-1
d18o,2.35264,NA,14,ND-1016-3
mg_ca,0.075,0.003175176589638106,14,ND-1016-3
d18o,1.39157,NA,14,ND-1016-4
mg_ca,0.12757,0.00687494562616439,14,ND-1016-4
d18o,2.27905,NA,14,NM-1016-1
mg_ca,0.07542,0.0037188508423706746,14,NM-1016-1
d18o,1.16252,NA,14,NM-1016-3
mg_ca,0.20548,NA,14,NM-1016-3
d18o,3.12879,NA,14,ORK_LT5
mg_ca,0.37682,0.015055595439524505,14,ORK_LT5
d18o,2.25029,NA,15,QG1-7188-1
mg_ca,0.45444,NA,15,QG1-7188-1
d18o,1.84029,NA,15,QG1-7189-2
mg_ca,0.46477,0.013296955279159329,15,QG1-7189-2
d18o,2.35029,NA,15,QG2-1061-1
mg_ca,0.44107,0.014335846748602459,15,QG2-1061-1
d18o,2.26029,NA,15,QG2-1064-1
mg_ca,0.45127,0.008301837840304877,15,QG2-1064-1
d18o,1.92029,NA,15,QG2-7180-1
mg_ca,0.46706,NA,15,QG2-7180-1
d18o,3.52029,NA,15,QG2-7180-2
mg_ca,0.35811,NA,15,QG2-7180-2
d18o,2.34029,NA,15,QG1-7246-1
mg_ca,0.51937,0.03136544791700422,15,QG1-7246-1
d18o,2.01483,NA,15,ND-1016-3
mg_ca,0.0824,0.001977036942221047,15,ND-1016-3
d18o,1.33195,NA,15,ND-1016-4
mg_ca,0.13988,NA,15,ND-1016-4
d18o,2.41436,NA,15,NM-1016-1
mg_ca,0.06908,0.0011692982995956571,15,NM-1016-1
d18o,1.13931,NA,15,NM-1016-3
mg_ca,0.2055,NA,15,NM-1016-3
d18o,2.43528,NA,15,ORK_LT5
mg_ca,0.41079,0.011396198537780441,15,ORK_LT5
d18o,2.25031,NA,16,QG1-7188-1
mg_ca,0.44293,0.016297682750063207,16,QG1-7188-1
d18o,2.39031,NA,16,QG1-7189-2
mg_ca,0.42478,0.013821878950270953,16,QG1-7189-2
d18o,2.14031,NA,16,QG2-1061-1
mg_ca,0.46162,0.008580262998290919,16,QG2-1061-1
d18o,2.07031,NA,16,QG2-1064-1
mg_ca,0.45791,NA,16,QG2-1064-1
d18o,1.89031,NA,16,QG2-7180-1
mg_ca,0.46708,NA,16,QG2-7180-1
d18o,3.61031,NA,16,QG2-7180-2
mg_ca,0.34522,0.010472959546207278,16,QG2-7180-2
d18o,3.13031,NA,16,QG1-7246-1
mg_ca,0.42122,0,16,QG1-7246-1
d18o,2.01732,NA,16,ND-1016-3
mg_ca,0.0876,0.0012218652064984394,16,ND-1016-3
d18o,1.18738,NA,16,ND-1016-4
mg_ca,0.15272,0.008101223086516469,16,ND-1016-4
d18o,2.35471,NA,16,NM-1016-1
mg_ca,0.07032,0.0011783931017534251,16,NM-1016-1
d18o,1.14952,NA,16,NM-1016-3
mg_ca,0.19922,0.00891219674166063,16,NM-1016-3
d18o,2.91684,NA,16,ORK_LT5
mg_ca,0.42519,NA,16,ORK_LT5
d18o,2.76033,NA,17,QG1-7188-1
mg_ca,0.42892,0.03378389746228943,17,QG1-7188-1
d18o,2.20033,NA,17,QG1-7189-2
mg_ca,0.46946,0.0190133976663452,17,QG1-7189-2
d18o,2.55033,NA,17,QG2-1061-1
mg_ca,0.44209,0.012326198081165142,17,QG2-1061-1
d18o,1.82033,NA,17,QG2-1064-1
mg_ca,0.49864000000000003,0.004010350971101265,17,QG2-1064-1
d18o,2.00033,NA,17,QG2-7180-1
mg_ca,0.4671,NA,17,QG2-7180-1
d18o,4.04033,NA,17,QG2-7180-2
mg_ca,0.36101,NA,17,QG2-7180-2
d18o,3.40033,NA,17,QG1-7246-1
mg_ca,0.40726,0.0028519448341664325,17,QG1-7246-1
d18o,1.85184,NA,17,ND-1016-3
mg_ca,0.09325,0.0028453694582848744,17,ND-1016-3
d18o,0.83986,NA,17,ND-1016-4
mg_ca,0.18284,0.010527596887442871,17,ND-1016-4
d18o,2.61212,NA,17,NM-1016-1
mg_ca,0.06858,NA,17,NM-1016-1
d18o,1.31507,NA,17,NM-1016-3
mg_ca,0.19103,0.03175374976081332,17,NM-1016-3
d18o,2.07068,NA,17,ORK_LT5
mg_ca,0.45557,0.02797779048780391,17,ORK_LT5
d18o,3.35035,NA,18,QG1-7188-1
mg_ca,0.3669,0.010332051743286176,18,QG1-7188-1
d18o,2.36035,NA,18,QG1-7189-2
mg_ca,0.43293,0.01320654471029021,18,QG1-7189-2
d18o,2.64035,NA,18,QG2-1061-1
mg_ca,0.44197,NA,18,QG2-1061-1
d18o,1.90035,NA,18,QG2-1064-1
mg_ca,0.47129,0.007340790834273478,18,QG2-1064-1
d18o,2.16035,NA,18,QG2-7180-1
mg_ca,0.43466,0.011320173348164052,18,QG2-7180-1
d18o,4.18035,NA,18,QG2-7180-2
mg_ca,0.36103,NA,18,QG2-7180-2
d18o,3.26035,NA,18,QG1-7246-1
mg_ca,0.42625999999999997,0.00845404253656833,18,QG1-7246-1
d18o,2.00853,NA,18,ND-1016-3
mg_ca,0.09305,NA,18,ND-1016-3
d18o,1.04827,NA,18,ND-1016-4
mg_ca,0.19996,NA,18,ND-1016-4
d18o,2.40797,NA,18,NM-1016-1
mg_ca,0.06842,3.941738007029875e-4,18,NM-1016-1
d18o,1.34941,NA,18,NM-1016-3
mg_ca,0.16931,0.009998490856349332,18,NM-1016-3
d18o,1.88779,NA,18,ORK_LT5
mg_ca,0.47763,0.008657866221371652,18,ORK_LT5
d18o,3.21037,NA,19,QG1-7188-1
mg_ca,0.3962,0.01518088584191246,19,QG1-7188-1
d18o,2.47037,NA,19,QG1-7189-2
mg_ca,0.4176,0.010775229253549732,19,QG1-7189-2
d18o,2.73037,NA,19,QG2-1061-1
mg_ca,0.42124,0.007394675896561238,19,QG2-1061-1
d18o,1.89037,NA,19,QG2-1064-1
mg_ca,0.48417,0.0045994138306618155,19,QG2-1064-1
d18o,2.09037,NA,19,QG2-7180-1
mg_ca,0.44804,0.006753188118506061,19,QG2-7180-1
d18o,3.20037,NA,19,QG2-7180-2
mg_ca,0.38806,0.029234873650771133,19,QG2-7180-2
d18o,2.7703700000000002,NA,19,QG1-7246-1
mg_ca,0.45049,0,19,QG1-7246-1
d18o,1.75235,NA,19,ND-1016-3
mg_ca,0.09595,0.002214664091286361,19,ND-1016-3
d18o,0.35574,NA,19,ND-1016-4
mg_ca,0.24507,0.021879562591126715,19,ND-1016-4
d18o,2.62733,NA,19,NM-1016-1
mg_ca,0.06799,NA,19,NM-1016-1
d18o,1.27538,NA,19,NM-1016-3
mg_ca,0.17988,NA,19,NM-1016-3
d18o,1.89245,NA,19,ORK_LT5
mg_ca,0.47677,0.011220523974942144,19,ORK_LT5
d18o,3.58039,NA,20,QG1-7188-1
mg_ca,0.38318,NA,20,QG1-7188-1
d18o,2.82039,NA,20,QG1-7189-2
mg_ca,0.38508,0.010796617704985963,20,QG1-7189-2
d18o,2.65039,NA,20,QG2-1061-1
mg_ca,0.44473,0.01237359046176356,20,QG2-1061-1
d18o,1.92039,NA,20,QG2-1064-1
mg_ca,0.47651,NA,20,QG2-1064-1
d18o,2.72039,NA,20,QG2-7180-1
mg_ca,0.41571,0.014463463573099581,20,QG2-7180-1
d18o,2.67039,NA,20,QG2-7180-2
mg_ca,0.41214,0.013916878128353575,20,QG2-7180-2
d18o,2.56039,NA,20,QG1-7246-1
mg_ca,0.4767,0.008342141284087756,20,QG1-7246-1
d18o,1.55333,NA,20,ND-1016-3
mg_ca,0.10198,0.0033170297969327546,20,ND-1016-3
d18o,0.80464,NA,20,ND-1016-4
mg_ca,0.20476,NA,20,ND-1016-4
d18o,2.56247,NA,20,NM-1016-1
mg_ca,0.06801,NA,20,NM-1016-1
d18o,1.2497,NA,20,NM-1016-3
mg_ca,0.22313,0.032795579684372834,20,NM-1016-3
d18o,2.09841,NA,20,ORK_LT5
mg_ca,0.42901,NA,20,ORK_LT5
d18o,3.54041,NA,21,QG1-7188-1
mg_ca,0.3832,NA,21,QG1-7188-1
d18o,3.24041,NA,21,QG1-7189-2
mg_ca,0.3745,0.012385330335325111,21,QG1-7189-2
d18o,2.72041,NA,21,QG2-1061-1
mg_ca,0.4336,NA,21,QG2-1061-1
d18o,2.22041,NA,21,QG2-1064-1
mg_ca,0.46036,0.018557278049861417,21,QG2-1064-1
d18o,2.87041,NA,21,QG2-7180-1
mg_ca,0.38094,NA,21,QG2-7180-1
d18o,2.52041,NA,21,QG2-7180-2
mg_ca,0.42074,0.01727652940419681,21,QG2-7180-2
d18o,1.86041,NA,21,QG1-7246-1
mg_ca,0.50886,NA,21,QG1-7246-1
d18o,1.81497,NA,21,ND-1016-3
mg_ca,0.0892,0.0026222159708149326,21,ND-1016-3
d18o,0.6627,NA,21,ND-1016-4
mg_ca,0.20478,NA,21,ND-1016-4
d18o,2.30341,NA,21,NM-1016-1
mg_ca,0.07549,0.004918183683282278,21,NM-1016-1
d18o,1.48839,NA,21,NM-1016-3
mg_ca,0.15524,0.003251019932240997,21,NM-1016-3
d18o,2.14441,NA,21,ORK_LT5
mg_ca,0.42903,NA,21,ORK_LT5
d18o,3.64043,NA,22,QG1-7188-1
mg_ca,0.38322,NA,22,QG1-7188-1
d18o,3.50043,NA,22,QG1-7189-2
mg_ca,0.34157,0.001361438545229225,22,QG1-7189-2
d18o,2.99043,NA,22,QG2-1061-1
mg_ca,0.40402,0.006086039364837858,22,QG2-1061-1
d18o,2.33043,NA,22,QG2-1064-1
mg_ca,0.44814,0.014842509529137033,22,QG2-1064-1
d18o,3.58043,NA,22,QG2-7180-1
mg_ca,0.36097,NA,22,QG2-7180-1
d18o,2.07043,NA,22,QG2-7180-2
mg_ca,0.44976,NA,22,QG2-7180-2
d18o,2.08043,NA,22,QG1-7246-1
mg_ca,0.50888,NA,22,QG1-7246-1
d18o,1.74069,NA,22,ND-1016-3
mg_ca,0.09753,0.0016594808401360526,22,ND-1016-3
d18o,0.61756,NA,22,ND-1016-4
mg_ca,0.2048,NA,22,ND-1016-4
d18o,2.55249,NA,22,NM-1016-1
mg_ca,0.07533,NA,22,NM-1016-1
d18o,1.37819,NA,22,NM-1016-3
mg_ca,0.17358,0.02344366964720186,22,NM-1016-3
d18o,2.60052,NA,22,ORK_LT5
mg_ca,0.41569,0.01925667068028139,22,ORK_LT5
d18o,3.51045,NA,23,QG1-7188-1
mg_ca,0.39448,0.01001298329434192,23,QG1-7188-1
d18o,3.67045,NA,23,QG1-7189-2
mg_ca,0.34063,NA,23,QG1-7189-2
d18o,2.93045,NA,23,QG2-1061-1
mg_ca,0.42089,0.006391825687634399,23,QG2-1061-1
d18o,2.83045,NA,23,QG2-1064-1
mg_ca,0.42171,0.02733509703589978,23,QG2-1064-1
d18o,3.33045,NA,23,QG2-7180-1
mg_ca,0.36292,0.0027367619657988757,23,QG2-7180-1
d18o,1.84045,NA,23,QG2-7180-2
mg_ca,0.44978,NA,23,QG2-7180-2
d18o,2.09045,NA,23,QG1-7246-1
mg_ca,0.50381,0.011796448283651607,23,QG1-7246-1
d18o,1.68988,NA,23,ND-1016-3
mg_ca,0.09952,0.0022631512559898492,23,ND-1016-3
d18o,0.51248,NA,23,ND-1016-4
mg_ca,0.20482,NA,23,ND-1016-4
d18o,1.81587,NA,23,NM-1016-1
mg_ca,0.09357,0.004494061957619889,23,NM-1016-1
d18o,1.64874,NA,23,NM-1016-3
mg_ca,0.13617,0.01965173813948259,23,NM-1016-3
d18o,2.70433,NA,23,ORK_LT5
mg_ca,0.39504,0.0193259438197855,23,ORK_LT5
d18o,2.26047,NA,24,QG1-7188-1
mg_ca,0.44132,0.019142041664123477,24,QG1-7188-1
d18o,3.50047,NA,24,QG1-7189-2
mg_ca,0.34929,0.006125434663043964,24,QG1-7189-2
d18o,2.98047,NA,24,QG2-1061-1
mg_ca,0.41124,NA,24,QG2-1061-1
d18o,3.00047,NA,24,QG2-1064-1
mg_ca,0.40603,0.016648628401807784,24,QG2-1064-1
d18o,3.43047,NA,24,QG2-7180-1
mg_ca,0.36488,NA,24,QG2-7180-1
d18o,1.91047,NA,24,QG2-7180-2
mg_ca,0.4498,NA,24,QG2-7180-2
d18o,3.12047,NA,24,QG1-7246-1
mg_ca,0.43267,0.002760154853215969,24,QG1-7246-1
d18o,1.28739,NA,24,ND-1016-3
mg_ca,0.12202,0.010960695874982551,24,ND-1016-3
d18o,0.56002,NA,24,ND-1016-4
mg_ca,0.20484,NA,24,ND-1016-4
d18o,1.58573,NA,24,NM-1016-1
mg_ca,0.10092,0.0029320820132607453,24,NM-1016-1
d18o,1.95447,NA,24,NM-1016-3
mg_ca,0.09794,0.010319074525296814,24,NM-1016-3
d18o,3.02465,NA,24,ORK_LT5
mg_ca,0.36854,NA,24,ORK_LT5
d18o,1.83049,NA,25,QG1-7188-1
mg_ca,0.48203,0.020305121085793198,25,QG1-7188-1
d18o,3.22049,NA,25,QG1-7189-2
mg_ca,0.3646,0.006961442300304818,25,QG1-7189-2
d18o,2.92049,NA,25,QG2-1061-1
mg_ca,0.42599,0.01040131879151765,25,QG2-1061-1
d18o,3.31049,NA,25,QG2-1064-1
mg_ca,0.38748,0.005438114650980498,25,QG2-1064-1
d18o,3.16049,NA,25,QG2-7180-1
mg_ca,0.3649,NA,25,QG2-7180-1
d18o,2.12049,NA,25,QG2-7180-2
mg_ca,0.44746,NA,25,QG2-7180-2
d18o,3.02049,NA,25,QG1-7246-1
mg_ca,0.45728,0.008187960911349372,25,QG1-7246-1
d18o,1.43969,NA,25,ND-1016-3
mg_ca,0.10698,0.005493004672921506,25,ND-1016-3
d18o,0.75893,NA,25,ND-1016-4
mg_ca,0.17927,0.006494881005117049,25,ND-1016-4
d18o,1.43525,NA,25,NM-1016-1
mg_ca,0.11158,8.715787517978367e-4,25,NM-1016-1
d18o,2.09408,NA,25,NM-1016-3
mg_ca,0.07244,0.00632581474081952,25,NM-1016-3
d18o,3.1178,NA,25,ORK_LT5
mg_ca,0.36233,0.0084109648612776,25,ORK_LT5
d18o,1.78051,NA,26,QG1-7188-1
mg_ca,0.48989,0.0038059146294621166,26,QG1-7188-1
d18o,3.01051,NA,26,QG1-7189-2
mg_ca,0.37977,0.01327289844162035,26,QG1-7189-2
d18o,3.17051,NA,26,QG2-1061-1
mg_ca,0.39629,0.025205882524927913,26,QG2-1061-1
d18o,3.25051,NA,26,QG2-1064-1
mg_ca,0.38366,NA,26,QG2-1064-1
d18o,3.19051,NA,26,QG2-7180-1
mg_ca,0.36492,NA,26,QG2-7180-1
d18o,2.08051,NA,26,QG2-7180-2
mg_ca,0.44748,NA,26,QG2-7180-2
d18o,2.12051,NA,26,QG1-7246-1
mg_ca,0.50601,0.015348971979044113,26,QG1-7246-1
d18o,1.34734,NA,26,ND-1016-3
mg_ca,0.11891,0.005523361763704586,26,ND-1016-3
d18o,1.14879,NA,26,ND-1016-4
mg_ca,0.15669,0.006784633853199431,26,ND-1016-4
d18o,1.49935,NA,26,NM-1016-1
mg_ca,0.11098,NA,26,NM-1016-1
d18o,2.3269,NA,26,NM-1016-3
mg_ca,0.11081,NA,26,NM-1016-3
d18o,2.71719,NA,26,ORK_LT5
mg_ca,0.39089,0.021395928246744283,26,ORK_LT5
d18o,1.54053,NA,27,QG1-7188-1
mg_ca,0.54584,0.02548329644122421,27,QG1-7188-1
d18o,2.69053,NA,27,QG1-7189-2
mg_ca,0.39862,0.0010824614626652022,27,QG1-7189-2
d18o,3.48053,NA,27,QG2-1061-1
mg_ca,0.38315,0.009415748752671291,27,QG2-1061-1
d18o,3.5905300000000002,NA,27,QG2-1064-1
mg_ca,0.37229,NA,27,QG2-1064-1
d18o,2.80053,NA,27,QG2-7180-1
mg_ca,0.39937,0.009508652574656154,27,QG2-7180-1
d18o,1.96053,NA,27,QG2-7180-2
mg_ca,0.4475,NA,27,QG2-7180-2
d18o,2.57053,NA,27,QG1-7246-1
mg_ca,0.46052,0.01125657735824703,27,QG1-7246-1
d18o,1.38322,NA,27,ND-1016-3
mg_ca,0.10498,0.0036325717998608657,27,ND-1016-3
d18o,1.215,NA,27,ND-1016-4
mg_ca,0.14243,0.003832831283344368,27,ND-1016-4
d18o,1.22542,NA,27,NM-1016-1
mg_ca,0.11619,0.0014728439155266987,27,NM-1016-1
d18o,1.55393,NA,27,NM-1016-3
mg_ca,0.14553,0.030678396304595353,27,NM-1016-3
d18o,2.38963,NA,27,ORK_LT5
mg_ca,0.42837,0.009639989473896602,27,ORK_LT5
d18o,1.90055,NA,28,QG1-7188-1
mg_ca,0.49156,NA,28,QG1-7188-1
d18o,2.93055,NA,28,QG1-7189-2
mg_ca,0.38705,0.010102217499204334,28,QG1-7189-2
d18o,3.72055,NA,28,QG2-1061-1
mg_ca,0.36167,0.015664503495293677,28,QG2-1061-1
d18o,3.64055,NA,28,QG2-1064-1
mg_ca,0.37231,NA,28,QG2-1064-1
d18o,2.53055,NA,28,QG2-7180-1
mg_ca,0.4141,0.012278061257681617,28,QG2-7180-1
d18o,1.74055,NA,28,QG2-7180-2
mg_ca,0.44752,NA,28,QG2-7180-2
d18o,3.13055,NA,28,QG1-7246-1
mg_ca,0.43069,0.013272937691554645,28,QG1-7246-1
d18o,1.11125,NA,28,ND-1016-3
mg_ca,0.13014,0.014799273061890697,28,ND-1016-3
d18o,1.45582,NA,28,ND-1016-4
mg_ca,0.12907,0.006031673790091875,28,ND-1016-4
d18o,1.14196,NA,28,NM-1016-1
mg_ca,0.11772,5.623160265227547e-4,28,NM-1016-1
d18o,2.16222,NA,28,NM-1016-3
mg_ca,0.07757,0.006464051160484399,28,NM-1016-3
d18o,1.95993,NA,28,ORK_LT5
mg_ca,0.46794,NA,28,ORK_LT5
d18o,1.84057,NA,29,QG1-7188-1
mg_ca,0.48802,NA,29,QG1-7188-1
d18o,2.38057,NA,29,QG1-7189-2
mg_ca,0.42656,0.020050191552493067,29,QG1-7189-2
d18o,3.66057,NA,29,QG2-1061-1
mg_ca,0.37264,0.007425449772125612,29,QG2-1061-1
d18o,3.25057,NA,29,QG2-1064-1
mg_ca,0.38746,NA,29,QG2-1064-1
d18o,2.21057,NA,29,QG2-7180-1
mg_ca,0.44665,0.006163886137707836,29,QG2-7180-1
d18o,2.17057,NA,29,QG2-7180-2
mg_ca,0.44754,NA,29,QG2-7180-2
d18o,3.52057,NA,29,QG1-7246-1
mg_ca,0.40635,0.0069714055154771965,29,QG1-7246-1
d18o,1.12892,NA,29,ND-1016-3
mg_ca,0.11514,NA,29,ND-1016-3
d18o,1.55003,NA,29,ND-1016-4
mg_ca,0.12204,0.0031219594493016012,29,ND-1016-4
d18o,1.07424,NA,29,NM-1016-1
mg_ca,0.12602,0.004614578499303836,29,NM-1016-1
d18o,1.9266,NA,29,NM-1016-3
mg_ca,0.09157,0.008310506448783015,29,NM-1016-3
d18o,1.709,NA,29,ORK_LT5
mg_ca,0.48361,0.025005920874401125,29,ORK_LT5
d18o,1.91059,NA,30,QG1-7188-1
mg_ca,0.47963,0.004231790387357593,30,QG1-7188-1
d18o,2.18059,NA,30,QG1-7189-2
mg_ca,0.44114,0.010068953608414661,30,QG1-7189-2
d18o,3.78059,NA,30,QG2-1061-1
mg_ca,0.35344,0.004199159665881291,30,QG2-1061-1
d18o,3.11059,NA,30,QG2-1064-1
mg_ca,0.40597,0.00711826983274935,30,QG2-1064-1
d18o,2.36059,NA,30,QG2-7180-1
mg_ca,0.42161,0.012899613697834211,30,QG2-7180-1
d18o,1.89059,NA,30,QG2-7180-2
mg_ca,0.46525,NA,30,QG2-7180-2
d18o,3.00059,NA,30,QG1-7246-1
mg_ca,0.44924,0,30,QG1-7246-1
d18o,1.31922,NA,30,ND-1016-3
mg_ca,0.10624,0.004071130303726109,30,ND-1016-3
d18o,1.61108,NA,30,ND-1016-4
mg_ca,0.11341,0.005783120119049298,30,ND-1016-4
d18o,1.21098,NA,30,NM-1016-1
mg_ca,0.1111,0.004388461938575809,30,NM-1016-1
d18o,2.26373,NA,30,NM-1016-3
mg_ca,0.06684,0.0016413928691674973,30,NM-1016-3
d18o,2.1815,NA,30,ORK_LT5
mg_ca,0.44991,0.00749666711176183,30,ORK_LT5
d18o,2.07061,NA,31,QG1-7188-1
mg_ca,0.46748,0.013733632878875218,31,QG1-7188-1
d18o,1.81061,NA,31,QG1-7189-2
mg_ca,0.46782,0.010214306621585009,31,QG1-7189-2
d18o,3.62061,NA,31,QG2-1061-1
mg_ca,0.35989,0.018661903544395755,31,QG2-1061-1
d18o,2.69061,NA,31,QG2-1064-1
mg_ca,0.42024,0.020798124519529334,31,QG2-1064-1
d18o,2.19061,NA,31,QG2-7180-1
mg_ca,0.43981,NA,31,QG2-7180-1
d18o,1.82061,NA,31,QG2-7180-2
mg_ca,0.46527,NA,31,QG2-7180-2
d18o,2.75061,NA,31,QG1-7246-1
mg_ca,0.45583,0.010541686621652478,31,QG1-7246-1
d18o,1.05931,NA,31,ND-1016-3
mg_ca,0.11956,NA,31,ND-1016-3
d18o,2.03586,NA,31,ND-1016-4
mg_ca,0.1058,NA,31,ND-1016-4
d18o,0.80219,NA,31,NM-1016-1
mg_ca,0.14103,0.008694140268886182,31,NM-1016-1
d18o,2.35659,NA,31,NM-1016-3
mg_ca,0.0657,NA,31,NM-1016-3
d18o,2.33564,NA,31,ORK_LT5
mg_ca,0.43145,0.011974837049091719,31,ORK_LT5
d18o,2.33063,NA,32,QG1-7188-1
mg_ca,0.4547,0.025009452164993954,32,QG1-7188-1
d18o,1.99063,NA,32,QG1-7189-2
mg_ca,0.44918,0.007264354768979628,32,QG1-7189-2
d18o,3.34063,NA,32,QG2-1061-1
mg_ca,0.40181,NA,32,QG2-1061-1
d18o,2.56063,NA,32,QG2-1064-1
mg_ca,0.43899,NA,32,QG2-1064-1
d18o,1.92063,NA,32,QG2-7180-1
mg_ca,0.47135,NA,32,QG2-7180-1
d18o,1.84063,NA,32,QG2-7180-2
mg_ca,0.46529,NA,32,QG2-7180-2
d18o,2.67063,NA,32,QG1-7246-1
mg_ca,0.46694,0,32,QG1-7246-1
d18o,1.08291,NA,32,ND-1016-3
mg_ca,0.11958,NA,32,ND-1016-3
d18o,1.18601,NA,32,ND-1016-4
mg_ca,0.10582,NA,32,ND-1016-4
d18o,0.84201,NA,32,NM-1016-1
mg_ca,0.13294,NA,32,NM-1016-1
d18o,2.27495,NA,32,NM-1016-3
mg_ca,0.06572,NA,32,NM-1016-3
d18o,2.83516,NA,32,ORK_LT5
mg_ca,0.3962,0.0176488805472717,32,ORK_LT5
d18o,2.35065,NA,33,QG1-7188-1
mg_ca,0.44491000000000003,0.0079191130699787,33,QG1-7188-1
d18o,1.94065,NA,33,QG1-7189-2
mg_ca,0.46063,0.0112669824802209,33,QG1-7189-2
d18o,3.07065,NA,33,QG2-1061-1
mg_ca,0.40716,0.02078978125271693,33,QG2-1061-1
d18o,2.40065,NA,33,QG2-1064-1
mg_ca,0.43901,NA,33,QG2-1064-1
d18o,1.98065,NA,33,QG2-7180-1
mg_ca,0.47137,NA,33,QG2-7180-1
d18o,1.85065,NA,33,QG2-7180-2
mg_ca,0.46531,NA,33,QG2-7180-2
d18o,2.23065,NA,33,QG1-7246-1
mg_ca,0.50371,0.008775335974349215,33,QG1-7246-1
d18o,1.14552,NA,33,ND-1016-3
mg_ca,0.11759,NA,33,ND-1016-3
d18o,1.83148,NA,33,ND-1016-4
mg_ca,0.10218000000000001,NA,33,ND-1016-4
d18o,0.921,NA,33,NM-1016-1
mg_ca,0.12262,0.0039970794120117404,33,NM-1016-1
d18o,2.33272,NA,33,NM-1016-3
mg_ca,0.06574,NA,33,NM-1016-3
d18o,3.37764,NA,33,ORK_LT5
mg_ca,0.35172,0.014447747228597686,33,ORK_LT5
d18o,2.40067,NA,34,QG1-7188-1
mg_ca,0.44415,0.01888219340344927,34,QG1-7188-1
d18o,1.63067,NA,34,QG1-7189-2
mg_ca,0.48869,0.016379962495285554,34,QG1-7189-2
d18o,2.73067,NA,34,QG2-1061-1
mg_ca,0.42749,0.022102830721596047,34,QG2-1061-1
d18o,2.37067,NA,34,QG2-1064-1
mg_ca,0.43903,NA,34,QG2-1064-1
d18o,2.10067,NA,34,QG2-7180-1
mg_ca,0.47139,NA,34,QG2-7180-1
d18o,1.64067,NA,34,QG2-7180-2
mg_ca,0.48254,0.013324531592997384,34,QG2-7180-2
d18o,2.21067,NA,34,QG1-7246-1
mg_ca,0.49787,NA,34,QG1-7246-1
d18o,1.02316,NA,34,ND-1016-3
mg_ca,0.12236,NA,34,ND-1016-3
d18o,1.78446,NA,34,ND-1016-4
mg_ca,0.09981,NA,34,ND-1016-4
d18o,0.79753,NA,34,NM-1016-1
mg_ca,0.12887,NA,34,NM-1016-1
d18o,2.30504,NA,34,NM-1016-3
mg_ca,0.06576,NA,34,NM-1016-3
d18o,3.158,NA,34,ORK_LT5
mg_ca,0.36896,0.020077432249217955,34,ORK_LT5
d18o,2.54069,NA,35,QG1-7188-1
mg_ca,0.4049,0.012689562964932967,35,QG1-7188-1
d18o,1.81069,NA,35,QG1-7189-2
mg_ca,0.45584,0.012272774689772344,35,QG1-7189-2
d18o,2.52069,NA,35,QG2-1061-1
mg_ca,0.44492,0.019725029501605554,35,QG2-1061-1
d18o,2.31069,NA,35,QG2-1064-1
mg_ca,0.4639,NA,35,QG2-1064-1
d18o,2.10069,NA,35,QG2-7180-1
mg_ca,0.47141,NA,35,QG2-7180-1
d18o,1.95069,NA,35,QG2-7180-2
mg_ca,0.45616,NA,35,QG2-7180-2
d18o,2.4106900000000002,NA,35,QG1-7246-1
mg_ca,0.47231,0.01657008638652829,35,QG1-7246-1
d18o,0.99816,NA,35,ND-1016-3
mg_ca,0.12725,0.0023219879407607165,35,ND-1016-3
d18o,1.58931,NA,35,ND-1016-4
mg_ca,0.11566,0.00431473379194654,35,ND-1016-4
d18o,0.89239,NA,35,NM-1016-1
mg_ca,0.12889,NA,35,NM-1016-1
d18o,2.33302,NA,35,NM-1016-3
mg_ca,0.06578,NA,35,NM-1016-3
d18o,2.45238,NA,35,ORK_LT5
mg_ca,0.43298,0.027073430025734264,35,ORK_LT5
d18o,2.46071,NA,36,QG1-7188-1
mg_ca,0.45275,0.02394070797143541,36,QG1-7188-1
d18o,1.62071,NA,36,QG1-7189-2
mg_ca,0.47491,NA,36,QG1-7189-2
d18o,2.39071,NA,36,QG2-1061-1
mg_ca,0.4575,NA,36,QG2-1061-1
d18o,1.93071,NA,36,QG2-1064-1
mg_ca,0.48615,0.005935942976298827,36,QG2-1064-1
d18o,2.01071,NA,36,QG2-7180-1
mg_ca,0.47143,NA,36,QG2-7180-1
d18o,2.03071,NA,36,QG2-7180-2
mg_ca,0.45618,NA,36,QG2-7180-2
d18o,3.45071,NA,36,QG1-7246-1
mg_ca,0.43633,NA,36,QG1-7246-1
d18o,1.15106,NA,36,ND-1016-3
mg_ca,0.11462,0.007241942629319521,36,ND-1016-3
d18o,1.75372,NA,36,ND-1016-4
mg_ca,0.10739,0.0013549163204444694,36,ND-1016-4
d18o,0.80169,NA,36,NM-1016-1
mg_ca,0.12891,NA,36,NM-1016-1
d18o,2.42442,NA,36,NM-1016-3
mg_ca,0.0658,NA,36,NM-1016-3
d18o,2.18775,NA,36,ORK_LT5
mg_ca,0.44324,0.005029490123872382,36,ORK_LT5
d18o,2.82073,NA,37,QG1-7188-1
mg_ca,0.4114,0.029059500125495772,37,QG1-7188-1
d18o,1.55073,NA,37,QG1-7189-2
mg_ca,0.47493,NA,37,QG1-7189-2
d18o,2.26073,NA,37,QG2-1061-1
mg_ca,0.46585,0.02245308926919142,37,QG2-1061-1
d18o,2.05073,NA,37,QG2-1064-1
mg_ca,0.46426,0.01626634713986189,37,QG2-1064-1
d18o,1.98073,NA,37,QG2-7180-1
mg_ca,0.47261,0.0016406790981192522,37,QG2-7180-1
d18o,2.07073,NA,37,QG2-7180-2
mg_ca,0.4562,NA,37,QG2-7180-2
d18o,4.05073,NA,37,QG1-7246-1
mg_ca,0.43635,NA,37,QG1-7246-1
d18o,1.47866,NA,37,ND-1016-3
mg_ca,0.10732,0.0018319663952652766,37,ND-1016-3
d18o,1.73792,NA,37,ND-1016-4
mg_ca,0.10403,0.005677500780730609,37,ND-1016-4
d18o,0.66833,NA,37,NM-1016-1
mg_ca,0.16902,0.02498112474146153,37,NM-1016-1
d18o,2.54504,NA,37,NM-1016-3
mg_ca,0.06582,NA,37,NM-1016-3
d18o,1.95066,NA,37,ORK_LT5
mg_ca,0.45795,0.008829017687823617,37,ORK_LT5
d18o,3.51075,NA,38,QG1-7188-1
mg_ca,0.37129,0.0014523397026495971,38,QG1-7188-1
d18o,1.37075,NA,38,QG1-7189-2
mg_ca,0.50582,0.011249130757409293,38,QG1-7189-2
d18o,2.31075,NA,38,QG2-1061-1
mg_ca,0.45971,0.01006088381697359,38,QG2-1061-1
d18o,2.01075,NA,38,QG2-1064-1
mg_ca,0.47595,0.004619988773950624,38,QG2-1064-1
d18o,2.10075,NA,38,QG2-7180-1
mg_ca,0.47379,NA,38,QG2-7180-1
d18o,2.22075,NA,38,QG2-7180-2
mg_ca,0.45622,NA,38,QG2-7180-2
d18o,3.24075,NA,38,QG1-7246-1
mg_ca,0.43807,0.00460399858482024,38,QG1-7246-1
d18o,1.40196,NA,38,ND-1016-3
mg_ca,0.1053,NA,38,ND-1016-3
d18o,1.43837,NA,38,ND-1016-4
mg_ca,0.11083,NA,38,ND-1016-4
d18o,0.863,NA,38,NM-1016-1
mg_ca,0.13103,0.0036862213763151483,38,NM-1016-1
d18o,2.2627100000000002,NA,38,NM-1016-3
mg_ca,0.06584,NA,38,NM-1016-3
d18o,1.78564,NA,38,ORK_LT5
mg_ca,0.47215,0.006258766525345588,38,ORK_LT5
d18o,3.61077,NA,39,QG1-7188-1
mg_ca,0.37234,NA,39,QG1-7188-1
d18o,1.03077,NA,39,QG1-7189-2
mg_ca,0.50834,NA,39,QG1-7189-2
d18o,1.86077,NA,39,QG2-1061-1
mg_ca,0.48072,0.016815370299366122,39,QG2-1061-1
d18o,2.00077,NA,39,QG2-1064-1
mg_ca,0.48515,0.023893749391332958,39,QG2-1064-1
d18o,1.65077,NA,39,QG2-7180-1
mg_ca,0.50677,0.02455813283767187,39,QG2-7180-1
d18o,1.96077,NA,39,QG2-7180-2
mg_ca,0.45624,NA,39,QG2-7180-2
d18o,2.39077,NA,39,QG1-7246-1
mg_ca,0.50691,0.02140733987733715,39,QG1-7246-1
d18o,1.63528,NA,39,ND-1016-3
mg_ca,0.10143,0.0024897661569081154,39,ND-1016-3
d18o,1.54144,NA,39,ND-1016-4
mg_ca,0.11675,2.056585022871608e-4,39,ND-1016-4
d18o,0.86516,NA,39,NM-1016-1
mg_ca,0.13072,0.004756350629616529,39,NM-1016-1
d18o,2.20959,NA,39,NM-1016-3
mg_ca,0.06652,6.367136555516619e-4,39,NM-1016-3
d18o,1.57628,NA,39,ORK_LT5
mg_ca,0.50018,NA,39,ORK_LT5
d18o,3.20079,NA,40,QG1-7188-1
mg_ca,0.39283,0.012601087009884021,40,QG1-7188-1
d18o,1.69079,NA,40,QG1-7189-2
mg_ca,0.48051,0.015290065044866333,40,QG1-7189-2
d18o,1.50079,NA,40,QG2-1061-1
mg_ca,0.5115,0.014508493761217382,40,QG2-1061-1
d18o,2.20079,NA,40,QG2-1064-1
mg_ca,0.45986,0.013952586537229488,40,QG2-1064-1
d18o,2.16079,NA,40,QG2-7180-1
mg_ca,0.45978,NA,40,QG2-7180-1
d18o,1.85079,NA,40,QG2-7180-2
mg_ca,0.46357,0.003855695995283924,40,QG2-7180-2
d18o,2.41079,NA,40,QG1-7246-1
mg_ca,0.47233,0.010498856502941089,40,QG1-7246-1
d18o,1.81245,NA,40,ND-1016-3
mg_ca,0.0991,0.008398665434719758,40,ND-1016-3
d18o,1.63342,NA,40,ND-1016-4
mg_ca,0.10924,0.0020729701410369572,40,ND-1016-4
d18o,1.11108,NA,40,NM-1016-1
mg_ca,0.11988,0.0018277843331506235,40,NM-1016-1
d18o,1.97586,NA,40,NM-1016-3
mg_ca,0.06661,NA,40,NM-1016-3
d18o,1.73027,NA,40,ORK_LT5
mg_ca,0.5002,NA,40,ORK_LT5
d18o,2.73081,NA,41,QG1-7188-1
mg_ca,0.43274,0.01742965971253559,41,QG1-7188-1
d18o,1.43081,NA,41,QG1-7189-2
mg_ca,0.49334,0.012818335385081555,41,QG1-7189-2
d18o,1.92081,NA,41,QG2-1061-1
mg_ca,0.472,0.016585352662069775,41,QG2-1061-1
d18o,2.30081,NA,41,QG2-1064-1
mg_ca,0.45421,NA,41,QG2-1064-1
d18o,2.41081,NA,41,QG2-7180-1
mg_ca,0.43671,4.110669946060805e-4,41,QG2-7180-1
d18o,1.6508100000000001,NA,41,QG2-7180-2
mg_ca,0.46632,NA,41,QG2-7180-2
d18o,3.19081,NA,41,QG1-7246-1
mg_ca,0.42183,0.008010915275252545,41,QG1-7246-1
d18o,1.89826,NA,41,ND-1016-3
mg_ca,0.09076,0.0010755404787361883,41,ND-1016-3
d18o,1.58678,NA,41,ND-1016-4
mg_ca,0.11563,0.0035876038723719845,41,ND-1016-4
d18o,1.22959,NA,41,NM-1016-1
mg_ca,0.11616,0.009625524098088612,41,NM-1016-1
d18o,2.21357,NA,41,NM-1016-3
mg_ca,0.06663,NA,41,NM-1016-3
d18o,1.53598,NA,41,ORK_LT5
mg_ca,0.50022,NA,41,ORK_LT5
d18o,1.98083,NA,42,QG1-7188-1
mg_ca,0.45552,0.012047357406797101,42,QG1-7188-1
d18o,1.68083,NA,42,QG1-7189-2
mg_ca,0.47432,0.023574817011347976,42,QG1-7189-2
d18o,1.83083,NA,42,QG2-1061-1
mg_ca,0.48912,0.014970712398926016,42,QG2-1061-1
d18o,2.28083,NA,42,QG2-1064-1
mg_ca,0.45423,NA,42,QG2-1064-1
d18o,2.10083,NA,42,QG2-7180-1
mg_ca,0.43644,NA,42,QG2-7180-1
d18o,2.12083,NA,42,QG2-7180-2
mg_ca,0.44754,0.003011550234312622,42,QG2-7180-2
d18o,3.17083,NA,42,QG1-7246-1
mg_ca,0.43253,0,42,QG1-7246-1
d18o,1.94562,NA,42,ND-1016-3
mg_ca,0.08903,0.0014235837930779087,42,ND-1016-3
d18o,1.56954,NA,42,ND-1016-4
mg_ca,0.11999,0.0034064886193695596,42,ND-1016-4
d18o,1.49551,NA,42,NM-1016-1
mg_ca,0.11021,0.0018249951795524118,42,NM-1016-1
d18o,2.08786,NA,42,NM-1016-3
mg_ca,0.08043,0.005204283002778692,42,NM-1016-3
d18o,1.51939,NA,42,ORK_LT5
mg_ca,0.50029,0.01454237123915339,42,ORK_LT5
d18o,1.80085,NA,43,QG1-7188-1
mg_ca,0.48689,NA,43,QG1-7188-1
d18o,2.17085,NA,43,QG1-7189-2
mg_ca,0.43302,0.011871537639602883,43,QG1-7189-2
d18o,2.18085,NA,43,QG2-1061-1
mg_ca,0.4516,0.018709453573844886,43,QG2-1061-1
d18o,2.39085,NA,43,QG2-1064-1
mg_ca,0.45425,NA,43,QG2-1064-1
d18o,2.59085,NA,43,QG2-7180-1
mg_ca,0.42013,NA,43,QG2-7180-1
d18o,2.31085,NA,43,QG2-7180-2
mg_ca,0.41638,0.01486867051691247,43,QG2-7180-2
d18o,2.54085,NA,43,QG1-7246-1
mg_ca,0.48704,0,43,QG1-7246-1
d18o,2.11306,NA,43,ND-1016-3
mg_ca,0.08529,0.004858413817796387,43,ND-1016-3
d18o,1.67032,NA,43,ND-1016-4
mg_ca,0.11621,NA,43,ND-1016-4
d18o,1.50603,NA,43,NM-1016-1
mg_ca,0.10487,2.100425040790618e-4,43,NM-1016-1
d18o,1.95875,NA,43,NM-1016-3
mg_ca,0.09855,0.008684571951984901,43,NM-1016-3
d18o,0.17496,NA,43,ORK_LT5
mg_ca,0.47469,NA,43,ORK_LT5
d18o,1.69087,NA,44,QG1-7188-1
mg_ca,0.49661,0.021593442622202075,44,QG1-7188-1
d18o,1.95087,NA,44,QG1-7189-2
mg_ca,0.46866,0.020674966481951607,44,QG1-7189-2
d18o,1.83087,NA,44,QG2-1061-1
mg_ca,0.49762,0.022848996572670584,44,QG2-1061-1
d18o,2.58087,NA,44,QG2-1064-1
mg_ca,0.42974,0.009446230777716164,44,QG2-1064-1
d18o,2.53087,NA,44,QG2-7180-1
mg_ca,0.42015,NA,44,QG2-7180-1
d18o,2.13087,NA,44,QG2-7180-2
mg_ca,0.43011,0.014669479992225901,44,QG2-7180-2
d18o,2.14087,NA,44,QG1-7246-1
mg_ca,0.48706,NA,44,QG1-7246-1
d18o,2.1677399999999998,NA,44,ND-1016-3
mg_ca,0.08276,0.0020043165532544894,44,ND-1016-3
d18o,1.66774,NA,44,ND-1016-4
mg_ca,0.11623,NA,44,ND-1016-4
d18o,1.51443,NA,44,NM-1016-1
mg_ca,0.10094,0.003206284119431443,44,NM-1016-1
d18o,1.81494,NA,44,NM-1016-3
mg_ca,0.122,0.006824411598781038,44,NM-1016-3
d18o,2.25223,NA,44,ORK_LT5
mg_ca,0.44217,0.014978183268654865,44,ORK_LT5
d18o,1.96089,NA,45,QG1-7188-1
mg_ca,0.46535,0.012403872615305078,45,QG1-7188-1
d18o,2.14089,NA,45,QG1-7189-2
mg_ca,0.448,0.006208857247905083,45,QG1-7189-2
d18o,1.85089,NA,45,QG2-1061-1
mg_ca,0.48203,NA,45,QG2-1061-1
d18o,2.45089,NA,45,QG2-1064-1
mg_ca,0.4517,0.014026543563081905,45,QG2-1064-1
d18o,2.50089,NA,45,QG2-7180-1
mg_ca,0.42017,NA,45,QG2-7180-1
d18o,3.01089,NA,45,QG2-7180-2
mg_ca,0.38701,0.027674472074784587,45,QG2-7180-2
d18o,2.01089,NA,45,QG1-7246-1
mg_ca,0.51882,0.0053362575095872705,45,QG1-7246-1
d18o,2.27718,NA,45,ND-1016-3
mg_ca,0.07847,0.0013003072145187458,45,ND-1016-3
d18o,1.45909,NA,45,ND-1016-4
mg_ca,0.12962,0.005611779542958404,45,ND-1016-4
d18o,1.77133,NA,45,NM-1016-1
mg_ca,0.09265,0.002059032653771486,45,NM-1016-1
d18o,1.56056,NA,45,NM-1016-3
mg_ca,0.14476,0.004710181483948625,45,NM-1016-3
d18o,2.16604,NA,45,ORK_LT5
mg_ca,0.4709,0.012158556677786347,45,ORK_LT5
d18o,1.72091,NA,46,QG1-7188-1
mg_ca,0.46569,NA,46,QG1-7188-1
d18o,2.39091,NA,46,QG1-7189-2
mg_ca,0.42551,NA,46,QG1-7189-2
d18o,1.90091,NA,46,QG2-1061-1
mg_ca,0.48699,0.006992591996318787,46,QG2-1061-1
d18o,2.55091,NA,46,QG2-1064-1
mg_ca,0.43403,0.01758431130888335,46,QG2-1064-1
d18o,2.70091,NA,46,QG2-7180-1
mg_ca,0.41087,0.015322144322520534,46,QG2-7180-1
d18o,2.82091,NA,46,QG2-7180-2
mg_ca,0.39901,0.016609815740022682,46,QG2-7180-2
d18o,2.65091,NA,46,QG1-7246-1
mg_ca,0.4717,0.013117047679286637,46,QG1-7246-1
d18o,2.38055,NA,46,ND-1016-3
mg_ca,0.07672,NA,46,ND-1016-3
d18o,1.13404,NA,46,ND-1016-4
mg_ca,0.14191,NA,46,ND-1016-4
d18o,1.76387,NA,46,NM-1016-1
mg_ca,0.0943,0.0015100339735395277,46,NM-1016-1
d18o,1.61403,NA,46,NM-1016-3
mg_ca,0.15233,0.007921521401586704,46,NM-1016-3
d18o,2.54722,NA,46,ORK_LT5
mg_ca,0.41712,0.011620422859300024,46,ORK_LT5
d18o,1.85093,NA,47,QG1-7188-1
mg_ca,0.46183,0.005481344707198555,47,QG1-7188-1
d18o,2.52093,NA,47,QG1-7189-2
mg_ca,0.41141,0.019965962358784454,47,QG1-7189-2
d18o,2.09093,NA,47,QG2-1061-1
mg_ca,0.47303,NA,47,QG2-1061-1
d18o,3.06093,NA,47,QG2-1064-1
mg_ca,0.40271,0.007291941300033175,47,QG2-1064-1
d18o,2.84093,NA,47,QG2-7180-1
mg_ca,0.40199,NA,47,QG2-7180-1
d18o,2.40093,NA,47,QG2-7180-2
mg_ca,0.43641,0.028799503949447452,47,QG2-7180-2
d18o,3.69093,NA,47,QG1-7246-1
mg_ca,0.39366,0.0057977036587616845,47,QG1-7246-1
d18o,2.57347,NA,47,ND-1016-3
mg_ca,0.07674,NA,47,ND-1016-3
d18o,1.12705,NA,47,ND-1016-4
mg_ca,0.14193,NA,47,ND-1016-4
d18o,1.91548,NA,47,NM-1016-1
mg_ca,0.0892,0.0018907436502007345,47,NM-1016-1
d18o,1.33816,NA,47,NM-1016-3
mg_ca,0.18076,0.001351427489498386,47,NM-1016-3
d18o,2.65591,NA,47,ORK_LT5
mg_ca,0.39865,0.004247697456954655,47,ORK_LT5
d18o,2.45095,NA,48,QG1-7188-1
mg_ca,0.455,0.027324613361162074,48,QG1-7188-1
d18o,2.60095,NA,48,QG1-7189-2
mg_ca,0.41059,NA,48,QG1-7189-2
d18o,2.05095,NA,48,QG2-1061-1
mg_ca,0.46377,0.03617797362189785,48,QG2-1061-1
d18o,3.35095,NA,48,QG2-1064-1
mg_ca,0.39442,0.02024261900466251,48,QG2-1064-1
d18o,2.92095,NA,48,QG2-7180-1
mg_ca,0.38626,0.00718098651857907,48,QG2-7180-1
d18o,2.94095,NA,48,QG2-7180-2
mg_ca,0.39466,0.009797192380467504,48,QG2-7180-2
d18o,3.46095,NA,48,QG1-7246-1
mg_ca,0.41062,0.006085073035407455,48,QG1-7246-1
d18o,2.41393,NA,48,ND-1016-3
mg_ca,0.07676,NA,48,ND-1016-3
d18o,1.21664,NA,48,ND-1016-4
mg_ca,0.14667,0.004397253942042362,48,ND-1016-4
d18o,2.22008,NA,48,NM-1016-1
mg_ca,0.08692,NA,48,NM-1016-1
d18o,1.65999,NA,48,NM-1016-3
mg_ca,0.18174,NA,48,NM-1016-3
d18o,2.91717,NA,48,ORK_LT5
mg_ca,0.38485,0.0074931772885641805,48,ORK_LT5
d18o,2.67097,NA,49,QG1-7188-1
mg_ca,0.40226,0.02326340106105156,49,QG1-7188-1
d18o,2.33097,NA,49,QG1-7189-2
mg_ca,0.43128,0.012638884491412487,49,QG1-7189-2
d18o,2.00097,NA,49,QG2-1061-1
mg_ca,0.47641,NA,49,QG2-1061-1
d18o,3.40097,NA,49,QG2-1064-1
mg_ca,0.3741,0.010484372853102747,49,QG2-1064-1
d18o,2.80097,NA,49,QG2-7180-1
mg_ca,0.41031,0.012962098980499201,49,QG2-7180-1
d18o,2.93097,NA,49,QG2-7180-2
mg_ca,0.39689,NA,49,QG2-7180-2
d18o,3.05097,NA,49,QG1-7246-1
mg_ca,0.43717,0.011189592337398033,49,QG1-7246-1
d18o,2.36008,NA,49,ND-1016-3
mg_ca,0.08166,0.004333452447721998,49,ND-1016-3
d18o,1.29856,NA,49,ND-1016-4
mg_ca,0.14228,0.0038894078506460754,49,ND-1016-4
d18o,1.97342,NA,49,NM-1016-1
mg_ca,0.08623,NA,49,NM-1016-1
d18o,1.69441,NA,49,NM-1016-3
mg_ca,0.18176,NA,49,NM-1016-3
d18o,3.14388,NA,49,ORK_LT5
mg_ca,0.3588,NA,49,ORK_LT5
d18o,2.45099,NA,50,QG1-7188-1
mg_ca,0.44552,0.02717277859184849,50,QG1-7188-1
d18o,2.63099,NA,50,QG1-7189-2
mg_ca,0.40829,0.005419915636168894,50,QG1-7189-2
d18o,1.84099,NA,50,QG2-1061-1
mg_ca,0.48816,0.004221523079283891,50,QG2-1061-1
d18o,3.40099,NA,50,QG2-1064-1
mg_ca,0.38527,0.01855246275089217,50,QG2-1064-1
d18o,2.96099,NA,50,QG2-7180-1
mg_ca,0.38609,0.007545571307598722,50,QG2-7180-1
d18o,3.13099,NA,50,QG2-7180-2
mg_ca,0.38078,0.0025889282281846295,50,QG2-7180-2
d18o,2.13099,NA,50,QG1-7246-1
mg_ca,0.52192,0.03245070821826927,50,QG1-7246-1
d18o,0.86078,NA,50,ND-1016-4
mg_ca,0.14783,NA,50,ND-1016-4
d18o,2.56225,NA,50,NM-1016-1
mg_ca,0.08625,NA,50,NM-1016-1
d18o,1.21926,NA,50,NM-1016-3
mg_ca,0.19345,0.010962377515366278,50,NM-1016-3
d18o,3.36187,NA,50,ORK_LT5
mg_ca,0.34334,0.0030642183963113558,50,ORK_LT5
d18o,2.52101,NA,51,QG1-7189-2
mg_ca,0.42205,0.012675103831635778,51,QG1-7189-2
d18o,2.13101,NA,51,QG2-1061-1
mg_ca,0.47646,NA,51,QG2-1061-1
d18o,3.72101,NA,51,QG2-1064-1
mg_ca,0.3647,0.006374762877133569,51,QG2-1064-1
d18o,3.32101,NA,51,QG2-7180-1
mg_ca,0.36205,0.009599436602146568,51,QG2-7180-1
d18o,3.26101,NA,51,QG2-7180-2
mg_ca,0.3733,0.00801577941281107,51,QG2-7180-2
d18o,2.60101,NA,51,QG1-7246-1
mg_ca,0.46856,0.006878250490890719,51,QG1-7246-1
d18o,1.20197,NA,51,ND-1016-4
mg_ca,0.15174,0.0061173052508832065,51,ND-1016-4
d18o,1.38618,NA,51,NM-1016-3
mg_ca,0.21833,NA,51,NM-1016-3
d18o,3.30105,NA,51,ORK_LT5
mg_ca,0.35227,NA,51,ORK_LT5
d18o,2.70103,NA,52,QG1-7189-2
mg_ca,0.40169,NA,52,QG1-7189-2
d18o,2.11103,NA,52,QG2-1061-1
mg_ca,0.47627,NA,52,QG2-1061-1
d18o,3.25103,NA,52,QG2-1064-1
mg_ca,0.38813,NA,52,QG2-1064-1
d18o,3.32103,NA,52,QG2-7180-1
mg_ca,0.36075,0.004847398590024875,52,QG2-7180-1
d18o,3.80103,NA,52,QG2-7180-2
mg_ca,0.34194,0.009368806616720298,52,QG2-7180-2
d18o,2.81103,NA,52,QG1-7246-1
mg_ca,0.44312,0.011190095327545549,52,QG1-7246-1
d18o,0.99471,NA,52,ND-1016-4
mg_ca,0.16162,NA,52,ND-1016-4
d18o,0.93881,NA,52,NM-1016-3
mg_ca,0.24229,0.006875778154765084,52,NM-1016-3
d18o,3.32769,NA,52,ORK_LT5
mg_ca,0.35229,NA,52,ORK_LT5
d18o,2.73105,NA,53,QG1-7189-2
mg_ca,0.3999,0.004437560253867932,53,QG1-7189-2
d18o,2.20105,NA,53,QG2-1061-1
mg_ca,0.47629,NA,53,QG2-1061-1
d18o,3.18105,NA,53,QG2-1064-1
mg_ca,0.40535,0.02504539937571693,53,QG2-1064-1
d18o,3.00105,NA,53,QG2-7180-1
mg_ca,0.39061,0.006524652928501168,53,QG2-7180-1
d18o,3.21105,NA,53,QG2-7180-2
mg_ca,0.40284,0.030263278044867278,53,QG2-7180-2
d18o,2.76105,NA,53,QG1-7246-1
mg_ca,0.46868,0.008969876823241213,53,QG1-7246-1
d18o,1.05922,NA,53,ND-1016-4
mg_ca,0.1615,2.0556699223491456e-4,53,ND-1016-4
d18o,1.0372,NA,53,NM-1016-3
mg_ca,0.21903,0.0019971143701370485,53,NM-1016-3
d18o,3.00691,NA,53,ORK_LT5
mg_ca,0.37945,0.006903569737030955,53,ORK_LT5
d18o,3.11107,NA,54,QG1-7189-2
mg_ca,0.40317,NA,54,QG1-7189-2
d18o,2.34107,NA,54,QG2-1061-1
mg_ca,0.4532,NA,54,QG2-1061-1
d18o,2.90107,NA,54,QG2-1064-1
mg_ca,0.4127,0.008733611438452096,54,QG2-1064-1
d18o,3.17107,NA,54,QG2-7180-1
mg_ca,0.36931,0.004176375482073216,54,QG2-7180-1
d18o,3.63107,NA,54,QG2-7180-2
mg_ca,0.34794,0.008279743470870326,54,QG2-7180-2
d18o,3.59107,NA,54,QG1-7246-1
mg_ca,0.43416,NA,54,QG1-7246-1
d18o,1.0209,NA,54,ND-1016-4
mg_ca,0.16602,8.68860836995597e-4,54,ND-1016-4
d18o,1.25394,NA,54,NM-1016-3
mg_ca,0.18186,0.012414491374819233,54,NM-1016-3
d18o,3.15244,NA,54,ORK_LT5
mg_ca,0.36204,0.010271571070222703,54,ORK_LT5
d18o,2.99109,NA,55,QG1-7189-2
mg_ca,0.4115,0.011747731035522185,55,QG1-7189-2
d18o,2.38109,NA,55,QG2-1061-1
mg_ca,0.45322,NA,55,QG2-1061-1
d18o,2.71109,NA,55,QG2-1064-1
mg_ca,0.43285,0.012354422074682967,55,QG2-1064-1
d18o,3.12109,NA,55,QG2-7180-1
mg_ca,0.37969,0.0025744990979111432,55,QG2-7180-1
d18o,3.49109,NA,55,QG2-7180-2
mg_ca,0.36452,0.0170626232865657,55,QG2-7180-2
d18o,3.07109,NA,55,QG1-7246-1
mg_ca,0.43418,0,55,QG1-7246-1
d18o,0.89452,NA,55,ND-1016-4
mg_ca,0.17979,0.007606625364438268,55,ND-1016-4
d18o,1.09431,NA,55,NM-1016-3
mg_ca,0.19116,NA,55,NM-1016-3
d18o,3.34396,NA,55,ORK_LT5
mg_ca,0.3516,0.008959589345658624,55,ORK_LT5
d18o,2.18111,NA,56,QG2-1061-1
mg_ca,0.45324,NA,56,QG2-1061-1
d18o,2.75111,NA,56,QG2-1064-1
mg_ca,0.41126,0.009347138264527887,56,QG2-1064-1
d18o,3.17111,NA,56,QG2-7180-1
mg_ca,0.38073,0.004875561104935845,56,QG2-7180-1
d18o,3.57111,NA,56,QG2-7180-2
mg_ca,0.35146,0.010954731764770437,56,QG2-7180-2
d18o,3.33111,NA,56,QG1-7246-1
mg_ca,0.42507,0.007199270290160706,56,QG1-7246-1
d18o,1.09602,NA,56,ND-1016-4
mg_ca,0.17266,NA,56,ND-1016-4
d18o,1.18056,NA,56,NM-1016-3
mg_ca,0.19118,NA,56,NM-1016-3
d18o,3.21326,NA,56,ORK_LT5
mg_ca,0.36092,0.007466625542214962,56,ORK_LT5
d18o,2.22113,NA,57,QG2-1061-1
mg_ca,0.45326,NA,57,QG2-1061-1
d18o,2.25113,NA,57,QG2-1064-1
mg_ca,0.44844,0.003330972653879054,57,QG2-1064-1
d18o,2.45113,NA,57,QG2-7180-1
mg_ca,0.38419,NA,57,QG2-7180-1
d18o,3.08113,NA,57,QG2-7180-2
mg_ca,0.38586,0.028325647306491567,57,QG2-7180-2
d18o,2.93113,NA,57,QG1-7246-1
mg_ca,0.43995,0.008953601315506233,57,QG1-7246-1
d18o,0.90599,NA,57,ND-1016-4
mg_ca,0.19218,0.011222920883241826,57,ND-1016-4
d18o,0.99802,NA,57,NM-1016-3
mg_ca,0.2473,0.015823356867604943,57,NM-1016-3
d18o,3.22079,NA,57,ORK_LT5
mg_ca,0.35564,0.008910413371587367,57,ORK_LT5
d18o,2.71115,NA,58,QG2-1061-1
mg_ca,0.4317,NA,58,QG2-1061-1
d18o,2.14115,NA,58,QG2-1064-1
mg_ca,0.45081,NA,58,QG2-1064-1
d18o,2.96115,NA,58,QG2-7180-1
mg_ca,0.38969,0.005767722249533321,58,QG2-7180-1
d18o,2.88115,NA,58,QG2-7180-2
mg_ca,0.39396,0.018487346723034953,58,QG2-7180-2
d18o,3.78115,NA,58,QG1-7246-1
mg_ca,0.40048,NA,58,QG1-7246-1
d18o,1.03515,NA,58,ND-1016-4
mg_ca,0.1861,NA,58,ND-1016-4
d18o,1.0936,NA,58,NM-1016-3
mg_ca,0.18633,0.015189659922737776,58,NM-1016-3
d18o,3.16576,NA,58,ORK_LT5
mg_ca,0.3647,0.004053276308901112,58,ORK_LT5
d18o,2.80117,NA,59,QG2-1061-1
mg_ca,0.42654,0.016746919889404015,59,QG2-1061-1
d18o,2.47117,NA,59,QG2-1064-1
mg_ca,0.43725,0.006588603943462997,59,QG2-1064-1
d18o,3.22117,NA,59,QG2-7180-1
mg_ca,0.36965,0.007418036387297039,59,QG2-7180-1
d18o,2.65117,NA,59,QG2-7180-2
mg_ca,0.40812,NA,59,QG2-7180-2
d18o,3.43117,NA,59,QG1-7246-1
mg_ca,0.4005,0,59,QG1-7246-1
d18o,0.93576,NA,59,NM-1016-3
mg_ca,0.1648,NA,59,NM-1016-3
d18o,3.16931,NA,59,ORK_LT5
mg_ca,0.36648,0.004831445823151374,59,ORK_LT5
d18o,3.05119,NA,60,QG2-1061-1
mg_ca,0.40257,NA,60,QG2-1061-1
d18o,1.95119,NA,60,QG2-1064-1
mg_ca,0.46512,NA,60,QG2-1064-1
d18o,3.02119,NA,60,QG2-7180-1
mg_ca,0.3932,0.007802284504443817,60,QG2-7180-1
d18o,2.37119,NA,60,QG2-7180-2
mg_ca,0.46762,0.029658506683521248,60,QG2-7180-2
d18o,3.31119,NA,60,QG1-7246-1
mg_ca,0.4156,0.0024707459675607545,60,QG1-7246-1
d18o,0.79886,NA,60,NM-1016-3
mg_ca,0.16482,NA,60,NM-1016-3
d18o,3.27232,NA,60,ORK_LT5
mg_ca,0.36705,NA,60,ORK_LT5
d18o,3.15121,NA,61,QG2-1061-1
mg_ca,0.39955,0.007519157299366529,61,QG2-1061-1
d18o,2.16121,NA,61,QG2-1064-1
mg_ca,0.46514,NA,61,QG2-1064-1
d18o,2.55121,NA,61,QG2-7180-1
mg_ca,0.41912,0.007634792645344365,61,QG2-7180-1
d18o,2.55121,NA,61,QG2-7180-2
mg_ca,0.41214,0.00522716104959534,61,QG2-7180-2
d18o,2.98121,NA,61,QG1-7246-1
mg_ca,0.45655,0,61,QG1-7246-1
d18o,2.97393,NA,61,ORK_LT5
mg_ca,0.374,0.0020083570442858386,61,ORK_LT5
d18o,3.71123,NA,62,QG2-1061-1
mg_ca,0.38131,NA,62,QG2-1061-1
d18o,1.97123,NA,62,QG2-1064-1
mg_ca,0.46516,NA,62,QG2-1064-1
d18o,2.51123,NA,62,QG2-7180-1
mg_ca,0.42465,0.006590982317294639,62,QG2-7180-1
d18o,2.95123,NA,62,QG2-7180-2
mg_ca,0.39117,0.010517085882406553,62,QG2-7180-2
d18o,2.57123,NA,62,QG1-7246-1
mg_ca,0.49227,0,62,QG1-7246-1
d18o,2.86989,NA,62,ORK_LT5
mg_ca,0.3926,0.004770605581246452,62,ORK_LT5
d18o,3.56125,NA,63,QG2-1061-1
mg_ca,0.37333,0.01711198475096671,63,QG2-1061-1
d18o,1.98125,NA,63,QG2-1064-1
mg_ca,0.46518,NA,63,QG2-1064-1
d18o,2.29125,NA,63,QG2-7180-1
mg_ca,0.44327,0.006310345009943061,63,QG2-7180-1
d18o,2.35125,NA,63,QG2-7180-2
mg_ca,0.43041,0.005723747632761866,63,QG2-7180-2
d18o,2.65125,NA,63,QG1-7246-1
mg_ca,0.49229,NA,63,QG1-7246-1
d18o,2.77487,NA,63,ORK_LT5
mg_ca,0.39881,0.006637639448633528,63,ORK_LT5
d18o,3.46127,NA,64,QG2-1061-1
mg_ca,0.38847,0.018113571449494815,64,QG2-1061-1
d18o,1.84127,NA,64,QG2-1064-1
mg_ca,0.4652,NA,64,QG2-1064-1
d18o,2.06127,NA,64,QG2-7180-1
mg_ca,0.45175,0.010265183568324069,64,QG2-7180-1
d18o,2.41127,NA,64,QG2-7180-2
mg_ca,0.42754,0.015342447407212861,64,QG2-7180-2
d18o,2.11127,NA,64,QG1-7246-1
mg_ca,0.49231,NA,64,QG1-7246-1
d18o,2.56414,NA,64,ORK_LT5
mg_ca,0.40979,NA,64,ORK_LT5
d18o,3.47129,NA,65,QG2-1061-1
mg_ca,0.37966,0.008169055213489589,65,QG2-1061-1
d18o,1.95129,NA,65,QG2-1064-1
mg_ca,0.46522,NA,65,QG2-1064-1
d18o,1.98129,NA,65,QG2-7180-1
mg_ca,0.478,0.010664280592424545,65,QG2-7180-1
d18o,1.96129,NA,65,QG2-7180-2
mg_ca,0.45519,0.02232147452639053,65,QG2-7180-2
d18o,2.00129,NA,65,QG1-7246-1
mg_ca,0.53181,NA,65,QG1-7246-1
d18o,2.53514,NA,65,ORK_LT5
mg_ca,0.40981,NA,65,ORK_LT5
d18o,3.36131,NA,66,QG2-1061-1
mg_ca,0.40317,0.0256375978047494,66,QG2-1061-1
d18o,2.17131,NA,66,QG2-1064-1
mg_ca,0.46524,NA,66,QG2-1064-1
d18o,2.17131,NA,66,QG2-7180-1
mg_ca,0.44824,0.007119546284630673,66,QG2-7180-1
d18o,2.22131,NA,66,QG2-7180-2
mg_ca,0.44052,0.00850814323035131,66,QG2-7180-2
d18o,1.88131,NA,66,QG1-7246-1
mg_ca,0.52573,0.009410676350600125,66,QG1-7246-1
d18o,2.39193,NA,66,ORK_LT5
mg_ca,0.44017,0.014831178385708327,66,ORK_LT5
d18o,3.36133,NA,67,QG2-1061-1
mg_ca,0.39079,NA,67,QG2-1061-1
d18o,2.1913299999999998,NA,67,QG2-1064-1
mg_ca,0.45977,0.005032991318515973,67,QG2-1064-1
d18o,1.55133,NA,67,QG2-7180-1
mg_ca,0.5127,0.0223568700761721,67,QG2-7180-1
d18o,2.53133,NA,67,QG2-7180-2
mg_ca,0.42258,0.011694797455012623,67,QG2-7180-2
d18o,2.45133,NA,67,QG1-7246-1
mg_ca,0.49828,0,67,QG1-7246-1
d18o,2.41932,NA,67,ORK_LT5
mg_ca,0.42709,0.007635028849249659,67,ORK_LT5
d18o,3.19135,NA,68,QG2-1061-1
mg_ca,0.39759,NA,68,QG2-1061-1
d18o,2.65135,NA,68,QG2-1064-1
mg_ca,0.42589,0.012847955197262957,68,QG2-1064-1
d18o,1.96135,NA,68,QG2-7180-1
mg_ca,0.46727,0.007549474698136825,68,QG2-7180-1
d18o,2.41135,NA,68,QG2-7180-2
mg_ca,0.43075,0.012161024349849841,68,QG2-7180-2
d18o,2.95135,NA,68,QG1-7246-1
mg_ca,0.45609,0.0054495052921119625,68,QG1-7246-1
d18o,2.12984,NA,68,ORK_LT5
mg_ca,0.45135,0.0034832692743641596,68,ORK_LT5
d18o,3.06137,NA,69,QG2-1061-1
mg_ca,0.41182,0.010066649587691212,69,QG2-1061-1
d18o,3.17137,NA,69,QG2-1064-1
mg_ca,0.40139,0.008603251869274835,69,QG2-1064-1
d18o,1.7911,NA,69,QG2-7180-1
mg_ca,0.48037,0.01298600046269277,69,QG2-7180-1
d18o,2.38137,NA,69,QG2-7180-2
mg_ca,0.42501,0.0076526182073069025,69,QG2-7180-2
d18o,3.54137,NA,69,QG1-7246-1
mg_ca,0.4573,NA,69,QG1-7246-1
d18o,2.02298,NA,69,ORK_LT5
mg_ca,0.4639,0.014982398547467211,69,ORK_LT5
d18o,3.29139,NA,70,QG2-1064-1
mg_ca,0.38542,NA,70,QG2-1064-1
d18o,1.81139,NA,70,QG2-7180-1
mg_ca,0.46473,0.006221422187097926,70,QG2-7180-1
d18o,2.28139,NA,70,QG2-7180-2
mg_ca,0.43864,NA,70,QG2-7180-2
d18o,3.16139,NA,70,QG1-7246-1
mg_ca,0.45732,NA,70,QG1-7246-1
d18o,1.96421,NA,70,ORK_LT5
mg_ca,0.46339,NA,70,ORK_LT5
d18o,3.48141,NA,71,QG2-1064-1
mg_ca,0.38544,NA,71,QG2-1064-1
d18o,2.14141,NA,71,QG2-7180-1
mg_ca,0.44709,0.009086347035914464,71,QG2-7180-1
d18o,2.17141,NA,71,QG2-7180-2
mg_ca,0.43866,NA,71,QG2-7180-2
d18o,2.41141,NA,71,QG1-7246-1
mg_ca,0.47415,0,71,QG1-7246-1
d18o,1.79487,NA,71,ORK_LT5
mg_ca,0.50578,0.05924662458058985,71,ORK_LT5
d18o,3.50143,NA,72,QG2-1064-1
mg_ca,0.38546,NA,72,QG2-1064-1
d18o,2.09143,NA,72,QG2-7180-1
mg_ca,0.45584,NA,72,QG2-7180-1
d18o,1.91143,NA,72,QG2-7180-2
mg_ca,0.4627,0.0092799829657915,72,QG2-7180-2
d18o,1.90143,NA,72,QG1-7246-1
mg_ca,0.57205,0.0014042631877928156,72,QG1-7246-1
d18o,1.98233,NA,72,ORK_LT5
mg_ca,0.46272,NA,72,ORK_LT5
d18o,3.59145,NA,73,QG2-1064-1
mg_ca,0.38548,NA,73,QG2-1064-1
d18o,2.13145,NA,73,QG2-7180-1
mg_ca,0.45094,0.006250714686002847,73,QG2-7180-1
d18o,2.31145,NA,73,QG2-7180-2
mg_ca,0.43244,0.010096683304764383,73,QG2-7180-2
d18o,1.88145,NA,73,QG1-7246-1
mg_ca,0.53265,0,73,QG1-7246-1
d18o,1.97501,NA,73,ORK_LT5
mg_ca,0.45648,0.0096107811505198,73,ORK_LT5
d18o,2.86147,NA,74,QG2-1064-1
mg_ca,0.41197,0.011235632173982992,74,QG2-1064-1
d18o,2.18147,NA,74,QG2-7180-1
mg_ca,0.44025,0.012896851063364205,74,QG2-7180-1
d18o,1.90147,NA,74,QG2-7180-2
mg_ca,0.45695,0.004953151615286029,74,QG2-7180-2
d18o,2.46147,NA,74,QG1-7246-1
mg_ca,0.45831,0,74,QG1-7246-1
d18o,1.88721,NA,74,ORK_LT5
mg_ca,0.47653,NA,74,ORK_LT5
d18o,2.60149,NA,75,QG2-1064-1
mg_ca,0.43746,NA,75,QG2-1064-1
d18o,2.16149,NA,75,QG2-7180-1
mg_ca,0.44734,NA,75,QG2-7180-1
d18o,2.07149,NA,75,QG2-7180-2
mg_ca,0.44955,0.010804481659224199,75,QG2-7180-2
d18o,3.16149,NA,75,QG1-7246-1
mg_ca,0.41018,0.015010998819251418,75,QG1-7246-1
d18o,1.79581,NA,75,ORK_LT5
mg_ca,0.49464,0.013838172448824704,75,ORK_LT5
d18o,2.27151,NA,76,QG2-1064-1
mg_ca,0.45665,0.012755888475765628,76,QG2-1064-1
d18o,2.08151,NA,76,QG2-7180-1
mg_ca,0.46702,0.00886501720354969,76,QG2-7180-1
d18o,1.86151,NA,76,QG2-7180-2
mg_ca,0.47769,0.011259539771949089,76,QG2-7180-2
d18o,2.31151,NA,76,QG1-7246-1
mg_ca,0.47083,0.008590187053015414,76,QG1-7246-1
d18o,1.84723,NA,76,ORK_LT5
mg_ca,0.45737,0.010538499427923844,76,ORK_LT5
d18o,2.21153,NA,77,QG2-1064-1
mg_ca,0.45095,NA,77,QG2-1064-1
d18o,2.30153,NA,77,QG2-7180-1
mg_ca,0.44682,0.008862763311386261,77,QG2-7180-1
d18o,2.07153,NA,77,QG2-7180-2
mg_ca,0.47539,NA,77,QG2-7180-2
d18o,1.82213,NA,77,ORK_LT5
mg_ca,0.47107,0.015109042540796251,77,ORK_LT5
d18o,2.10155,NA,78,QG2-1064-1
mg_ca,0.47324,0.012691367599077382,78,QG2-1064-1
d18o,2.43155,NA,78,QG2-7180-1
mg_ca,0.42982,0.0046710269428613845,78,QG2-7180-1
d18o,1.65942,NA,78,ORK_LT5
mg_ca,0.49961,0.025252503653082972,78,ORK_LT5
d18o,1.97157,NA,79,QG2-1064-1
mg_ca,0.47991,0.014287660301030881,79,QG2-1064-1
d18o,2.40157,NA,79,QG2-7180-1
mg_ca,0.43139,0.0032180687746072496,79,QG2-7180-1
d18o,1.58087,NA,79,ORK_LT5
mg_ca,0.50196,0.011646975892721373,79,ORK_LT5
d18o,1.88159,NA,80,QG2-1064-1
mg_ca,0.49348,0.008361840505150967,80,QG2-1064-1
d18o,2.61159,NA,80,QG2-7180-1
mg_ca,0.4227,NA,80,QG2-7180-1
d18o,1.85042,NA,80,ORK_LT5
mg_ca,0.47284,NA,80,ORK_LT5
d18o,1.91161,NA,81,QG2-1064-1
mg_ca,0.46691,0.013312311480870488,81,QG2-1064-1
d18o,2.61161,NA,81,QG2-7180-1
mg_ca,0.42272,NA,81,QG2-7180-1
d18o,2.06682,NA,81,ORK_LT5
mg_ca,0.47286,NA,81,ORK_LT5
d18o,2.85163,NA,82,QG2-1064-1
mg_ca,0.41836,0.007904970381332204,82,QG2-1064-1
d18o,2.71163,NA,82,QG2-7180-1
mg_ca,0.4057,0.007145309971676124,82,QG2-7180-1
d18o,1.84922,NA,82,ORK_LT5
mg_ca,0.47288,NA,82,ORK_LT5
d18o,2.43165,NA,83,QG2-1064-1
mg_ca,0.44045,0.005053209848103466,83,QG2-1064-1
d18o,3.14165,NA,83,QG2-7180-1
mg_ca,0.39748,NA,83,QG2-7180-1
d18o,2.11591,NA,83,ORK_LT5
mg_ca,0.45272,NA,83,ORK_LT5
d18o,2.40167,NA,84,QG2-1064-1
mg_ca,0.44923,NA,84,QG2-1064-1
d18o,2.90167,NA,84,QG2-7180-1
mg_ca,0.3944,0.006142952965474737,84,QG2-7180-1
d18o,2.08309,NA,84,ORK_LT5
mg_ca,0.44793,0.006803648092023531,84,ORK_LT5
d18o,2.26169,NA,85,QG2-1064-1
mg_ca,0.44175,0.01060697237601131,85,QG2-1064-1
d18o,3.15169,NA,85,QG2-7180-1
mg_ca,0.37958,NA,85,QG2-7180-1
d18o,2.00568,NA,85,ORK_LT5
mg_ca,0.4585,NA,85,ORK_LT5
d18o,3.27171,NA,86,QG2-7180-1
mg_ca,0.3796,NA,86,QG2-7180-1
d18o,2.04625,NA,86,ORK_LT5
mg_ca,0.44566,0.008008207886475925,86,ORK_LT5
d18o,3.41173,NA,87,QG2-7180-1
mg_ca,0.37962,NA,87,QG2-7180-1
d18o,1.89938,NA,87,ORK_LT5
mg_ca,0.47436,0.008161029843055048,87,ORK_LT5
d18o,3.54175,NA,88,QG2-7180-1
mg_ca,0.37964,NA,88,QG2-7180-1
d18o,1.92181,NA,88,ORK_LT5
mg_ca,0.46843,NA,88,ORK_LT5
d18o,3.36177,NA,89,QG2-7180-1
mg_ca,0.37966,NA,89,QG2-7180-1
d18o,1.90136,NA,89,ORK_LT5
mg_ca,0.46845,NA,89,ORK_LT5
d18o,2.75179,NA,90,QG2-7180-1
mg_ca,0.3997,0.008410171711359153,90,QG2-7180-1
d18o,1.87016,NA,90,ORK_LT5
mg_ca,0.4735,0.00258484279797922,90,ORK_LT5
d18o,2.63181,NA,91,QG2-7180-1
mg_ca,0.4133,4.717145948106755e-4,91,QG2-7180-1
d18o,1.90064,NA,91,ORK_LT5
mg_ca,0.47169,NA,91,ORK_LT5
d18o,2.58183,NA,92,QG2-7180-1
mg_ca,0.42143,NA,92,QG2-7180-1
d18o,2.03433,NA,92,ORK_LT5
mg_ca,0.45533,0.006673347431532921,92,ORK_LT5
d18o,2.61185,NA,93,QG2-7180-1
mg_ca,0.39646,0.020274099175443552,93,QG2-7180-1
d18o,2.34405,NA,93,ORK_LT5
mg_ca,0.4399,0.005060933785038795,93,ORK_LT5
d18o,2.46187,NA,94,QG2-7180-1
mg_ca,0.43995,0.028957056489220666,94,QG2-7180-1
d18o,1.95876,NA,94,ORK_LT5
mg_ca,0.45955,NA,94,ORK_LT5
d18o,2.28189,NA,95,QG2-7180-1
mg_ca,0.43161,0.007159322298949992,95,QG2-7180-1
d18o,1.98028,NA,95,ORK_LT5
mg_ca,0.45957,NA,95,ORK_LT5
d18o,2.07191,NA,96,QG2-7180-1
mg_ca,0.45699,NA,96,QG2-7180-1
d18o,2.16474,NA,96,ORK_LT5
mg_ca,0.45959,NA,96,ORK_LT5
d18o,2.03193,NA,97,QG2-7180-1
mg_ca,0.45723,0.006887033259504327,97,QG2-7180-1
d18o,2.14009,NA,97,ORK_LT5
mg_ca,0.45961,NA,97,ORK_LT5
d18o,1.73195,NA,98,QG2-7180-1
mg_ca,0.49304,0.024983388333178428,98,QG2-7180-1
d18o,1.76028,NA,98,ORK_LT5
mg_ca,0.48734,0.007412847630239874,98,ORK_LT5
d18o,1.71197,NA,99,QG2-7180-1
mg_ca,0.49458,NA,99,QG2-7180-1
d18o,1.8267,NA,99,ORK_LT5
mg_ca,0.45499,0.011374507763104287,99,ORK_LT5
d18o,1.93973,NA,100,QG2-7180-1
mg_ca,0.46105,0.00841634598806047,100,QG2-7180-1
d18o,1.79201,NA,101,QG2-7180-1
mg_ca,0.46681,NA,101,QG2-7180-1
d18o,1.66203,NA,102,QG2-7180-1
mg_ca,0.46683,NA,102,QG2-7180-1
d18o,1.55205,NA,103,QG2-7180-1
mg_ca,0.52505,0.012824725787604655,103,QG2-7180-1
d18o,1.61207,NA,104,QG2-7180-1
mg_ca,0.51624,NA,104,QG2-7180-1
d18o,1.70209,NA,105,QG2-7180-1
mg_ca,0.51626,NA,105,QG2-7180-1
d18o,1.75211,NA,106,QG2-7180-1
mg_ca,0.51628,NA,106,QG2-7180-1
d18o,1.81213,NA,107,QG2-7180-1
mg_ca,0.5163,NA,107,QG2-7180-1
d18o,1.86215,NA,108,QG2-7180-1
mg_ca,0.51632,NA,108,QG2-7180-1
d18o,2.01217,NA,109,QG2-7180-1
mg_ca,0.51634,NA,109,QG2-7180-1
d18o,1.88219,NA,110,QG2-7180-1
mg_ca,0.54467,0.04004722045196814,110,QG2-7180-1
