-32.1694,-19.132,-1.090603963662295,0.09268352256654103,0.005299293264459915,0.05717621771070851
-32.16374,-19.12375,-1.0906585047279025,0.09108924284016148,0.004784422971240764,0.052524566261201805
-32.15809,-19.11551,-1.090713643759808,0.09391207781493989,0.003728126847611429,0.03969805518474371
-32.15243,-19.10726,-1.0907681848254165,0.08963785249135384,0.004459190391531042,0.049746733858457404
-32.14678,-19.09901,-1.0908248411931816,0.0829608158585369,0.002348315399704367,0.028306319982540514
-32.14112,-19.09077,-1.0908778649229296,0.08104108567678048,0.0027647554818833594,0.03411547931268034
-32.13547,-19.08252,-1.0909345212906945,0.08084711004473302,0.004103770119788026,0.05075963899658744
-32.12981,-19.07427,-1.0909890623563043,0.08047987711465561,0.003668933151050103,0.045588205183553644
-32.12415,-19.06602,-1.0910436034219129,0.07812744682205283,0.0029472294606130507,0.03772335562591486
-32.1185,-19.05778,-1.0910987424538166,0.0758201201654757,0.0029854348690283306,0.03937523262311754
-32.11284,-19.04953,-1.0911532835194258,0.07937596572768514,0.0030653316688538487,0.03861788188341635
-32.10719,-19.04128,-1.0912099398871926,0.08081037707104621,0.0035782369132175327,0.0442794235457118
-32.10153,-19.03304,-1.0912629636169389,0.07756542030899008,0.004049429403785521,0.05220663264189363
-32.09588,-19.02479,-1.0913196199847044,0.07511915581668135,0.0043887924174496155,0.0584244107875746
-32.09022,-19.01654,-1.091374161050314,0.07392828235865492,0.003788227445987851,0.05124192426938425
-32.08456,-19.0083,-1.0914271847800625,0.07384219957986297,0.0037973630363272877,0.051425378143297375
-32.07891,-19.00005,-1.0914838411478265,0.07654054286306362,0.004454342697528471,0.05819585974844209
-32.07325,-18.9918,-1.0915383822134368,0.0744498928866182,0.0033912333043934783,0.0455505464535467
-32.0676,-18.98355,-1.0915950385812012,0.07669139532128841,0.001932475216682612,0.025198070899437465
-32.06194,-18.97531,-1.0916480623109486,0.07801003375171253,0.002985397443962372,0.03826940331117129
-32.05629,-18.96706,-1.091704718678713,0.08485198190318055,0.0038184410450535886,0.04500120043643271
-32.05063,-18.95881,-1.0917592597443233,0.0919900527517946,0.00626867300069093,0.06814511801188891
-32.04497,-18.95057,-1.0918122834740713,0.09848178226530557,0.004485045125334188,0.0455418760928968
-32.03932,-18.94232,-1.0918689398418364,0.09950453824371942,0.004655779009077945,0.04678961473771585
-32.03366,-18.93407,-1.091923480907445,0.10426658514963338,0.005675320087536552,0.05443086180862141
-32.02801,-18.92583,-1.0919786199393497,0.10782097185296587,0.006196817899027997,0.05747321502052979
-32.02235,-18.91758,-1.0920331610049596,0.11387878096290369,0.004285320979531081,0.03763054840679262
-32.01669,-18.90933,-1.0920877020705675,0.11554064651179337,0.004214754524300286,0.03647854371206137
-32.01104,-18.90108,-1.0921443584383332,0.10847916184044475,0.006446381453346385,0.059425066934311
-32.00538,-18.89284,-1.0921973821680817,0.10866793027018713,0.005942571991727559,0.054685609424530414
-31.99973,-18.88459,-1.0922540385358461,0.1030768946011658,0.005053221229508217,0.04902380159065313
-31.99407,-18.87634,-1.0923085796014558,0.09537299037133594,0.004086036587255244,0.042842701810504306
-31.98842,-18.8681,-1.0923637186333601,0.09304578362229918,0.0053588174692382196,0.05759334018821607
-31.98276,-18.85985,-1.0924182596989682,0.09219719043062155,0.0029614906172722097,0.03212126750761167
-31.9771,-18.8516,-1.0924728007645774,0.09107147073749336,0.00489145873543442,0.05371011026640474
-31.97145,-18.84336,-1.0925279397964818,0.08906227251725511,0.004062649031104897,0.04561582493100871
-31.96579,-18.83511,-1.0925824808620903,0.08859384640478689,0.003312323182462096,0.03738773421494797
-31.96014,-18.82686,-1.092639137229856,0.0879647786775427,0.0022780335448068525,0.025897109946215687
-31.95448,-18.81862,-1.0926921609596034,0.08865679340697344,0.005506230507221376,0.06210725986834839
-31.94883,-18.81037,-1.092748817327369,0.0888547420785122,0.0030305489641787114,0.03410677802092896
-31.94317,-18.80212,-1.0928033583929782,0.09106246594300371,0.0018683397488788189,0.02051712228008649
-31.93751,-18.79387,-1.0928578994585878,0.09040683593581642,0.004522393905371877,0.05002269859972218
-31.93186,-18.78563,-1.0929130384904917,0.08831654476081138,0.004870670431727925,0.05515014706382833
-31.9262,-18.77738,-1.0929675795561002,0.08704770071292854,0.004172719528672952,0.04793601088251616
-31.92055,-18.76913,-1.0930242359238653,0.08765857341389952,0.006292964565343855,0.07178949326074723
-31.91489,-18.76089,-1.0930772596536131,0.09126767054408096,0.004836496459756539,0.052992438953732054
-31.90924,-18.75264,-1.0931339160213793,0.09514728280572352,0.004507939006650086,0.0473785364512681
-31.90358,-18.74439,-1.0931884570869879,0.09619000828582308,0.003768735693485578,0.03918011611234087
-31.89792,-18.73615,-1.0932414808167363,0.10156655771962539,0.0030725708036388653,0.030251796187882048
-31.89227,-18.7279,-1.0932981371845003,0.10319311486005497,0.006709899015446782,0.0650227394002632
-31.88661,-18.71965,-1.09335267825011,0.10803971268057488,0.004289024841422884,0.03969859540540998
-31.88096,-18.7114,-1.0934093346178761,0.10872237119885331,0.0034820850633628794,0.03202730978883953
-31.8753,-18.70316,-1.0934623583476235,0.11488045340426398,0.003931191606317158,0.034219847587851224
-31.86965,-18.69491,-1.0935190147153881,0.11880731459443823,0.006693573954208919,0.056339746227394884
-31.86399,-18.68666,-1.0935735557809978,0.11928712131792354,0.004189021478989364,0.0351171311094414
-31.85833,-18.67842,-1.0936265795107452,0.1179742604136929,0.00791235210123627,0.06706846114983492
-31.85268,-18.67017,-1.0936832358785107,0.11690328423410916,0.004947916768856085,0.042324873944066824
-31.84702,-18.66192,-1.093737776944121,0.11968689950346792,0.00402765006774943,0.033651553214750364
-31.84137,-18.65368,-1.0937929159760231,0.1165254548762307,0.0031989360356356722,0.027452680094949822
-31.83571,-18.64543,-1.0938474570416323,0.11517220713749036,0.006026573327647212,0.05232662877123475
-31.83006,-18.63718,-1.0939041134093979,0.1105437566155139,0.0041308363169799455,0.037368336697182744
-31.8244,-18.62893,-1.0939586544750082,0.11128016961835943,0.009454374481832954,0.08496010128540579
-31.81874,-18.62069,-1.0940116782047549,0.107187671682567,0.005282389479027455,0.04928168879972586
-31.81309,-18.61244,-1.09406833457252,0.1106724769210885,0.004407513459597735,0.03982483795623706
-31.80743,-18.60419,-1.0941228756381296,0.11047508360617495,0.0023781775934599626,0.021526823206015983
-31.80178,-18.59595,-1.0941780146700342,0.10794836364203624,0.0031133134966775376,0.028840766007361508
-31.79612,-18.5877,-1.094232555735642,0.10975783749297427,0.0020185676714971116,0.01839110279141863
-31.79046,-18.57945,-1.0942870968012524,0.10678055536220141,0.005798505784117471,0.05430301204604943
-31.78481,-18.57121,-1.0943422358331552,0.10680497621529975,0.006092886834449784,0.0570468441673318
-31.77915,-18.56296,-1.0943967768987652,0.10808701786838917,0.006204589713819483,0.05740365342833702
-31.7735,-18.55471,-1.0944534332665299,0.10272396794079601,0.0025773833722286476,0.025090379819771937
-31.76784,-18.54647,-1.0945064569962784,0.10806963575228049,0.003998828620252372,0.03700233273126387
-31.76219,-18.53822,-1.0945631133640439,0.10743718221618992,0.004212463394983696,0.03920861761347379
-31.75653,-18.52997,-1.0946176544296524,0.1071577286251257,0.006281178462124304,0.058616196355729136
-31.75087,-18.52172,-1.0946721954952616,0.10801049539559124,0.005431772649813574,0.05028930410808288
-31.74522,-18.51348,-1.0947273345271649,0.1100821039290905,0.0047562306381529725,0.043206211258613875
-31.73956,-18.50523,-1.0947818755927752,0.11443877296297345,0.005405271758020057,0.04723287062653955
-31.73391,-18.49698,-1.0948385319605396,0.11590976064130114,0.004358747233600219,0.037604660810999065
-31.72825,-18.48874,-1.094891555690287,0.11230218040535493,0.004794303136137858,0.0426910957457176
-31.7226,-18.48049,-1.0949482120580527,0.10991881732634554,0.004495336484570571,0.040896878204430255
-31.71694,-18.47224,-1.0950027531236628,0.10936847012981536,0.004181484965359199,0.038233002257377906
-31.71128,-18.464,-1.0950557768534097,0.11439135334382108,0.008787284302079548,0.07681773180589964
-31.70563,-18.45575,-1.095112433221176,0.11424253732969354,0.00363415524468192,0.031810876488098994
-31.69997,-18.4475,-1.0951669742867838,0.11538605912320625,0.0041292491720527095,0.035786378384269145
-31.69432,-18.43925,-1.09522363065455,0.11345395722375458,0.004723540900982651,0.04163398982784581
-31.68866,-18.43101,-1.0952766543842969,0.11473311396076107,0.0033749111383635554,0.029415318924558967
-31.68301,-18.42276,-1.095333310752063,0.11186250981967676,0.00705240695542636,0.0630453130972557
-31.67735,-18.41451,-1.0953878518176727,0.11187242890570429,0.004425472072440873,0.03955820138821731
-31.67169,-18.40627,-1.09544087554742,0.11972592597783012,0.0037063441492765914,0.03095690527349024
-31.66604,-18.39802,-1.0954975319151845,0.12693886131219909,0.012156599306064537,0.09576735745380649
-31.66038,-18.38977,-1.0955520729807944,0.1224486478448598,0.006995804366874845,0.057132557116828284
-31.65473,-18.38153,-1.095607212012698,0.12049431978401881,0.0039358666676117555,0.0326643336770284
-31.64907,-18.37328,-1.0956617530783066,0.12256987863609432,0.0049228280262732784,0.04016344048841708
-31.64342,-18.36503,-1.0957184094460717,0.12130296345024702,0.0031622438151548177,0.026068974122399134
-31.63776,-18.35678,-1.0957729505116813,0.12679437583398495,0.005295637723966622,0.04176555694315916
-31.6321,-18.34854,-1.09582597424143,0.13186894172949187,0.005897785181203267,0.044724596283646785
-31.62645,-18.34029,-1.0958826306091944,0.13597183821584052,0.004239430215172124,0.03117873723559204
-31.62079,-18.33204,-1.0959371716748048,0.1374164591236547,0.004637327757174766,0.03374652342774929
-31.61514,-18.3238,-1.0959923107067073,0.13979139021617132,0.006974568612360786,0.049892690827206286
-31.60948,-18.31555,-1.096046851772317,0.14606464874004035,0.0075014399177044735,0.05135698461203448
-31.60383,-18.3073,-1.0961035081400816,0.14737689324930608,0.0053547128134152685,0.03633346242654956
-31.59817,-18.29906,-1.09615653186983,0.14932204804640814,0.004996715141143375,0.033462674846185037
-31.59251,-18.29081,-1.0962110729354386,0.15088928035789095,0.007348563811149701,0.04870169566532364
-31.58686,-18.28256,-1.0962677293032048,0.1509723830904032,0.0071298837364140374,0.04722641048955701
-31.5812,-18.27432,-1.0963207530329515,0.1463132822472645,0.006702384356973172,0.04580844783214123
-31.57555,-18.26607,-1.0963774094007177,0.1462462604615074,0.005748840794595674,0.03930931824481619
-31.56989,-18.25782,-1.0964319504663276,0.1453166689812079,0.005375243715710106,0.03698986326479327
-31.56424,-18.24957,-1.096488606834092,0.14338982182417567,0.007951821352693145,0.05545596787506754
-31.55858,-18.24133,-1.0965416305638387,0.141723770274281,0.0051321929990467054,0.03621264794970006
-31.55292,-18.23308,-1.0965961716294486,0.14372797466771703,0.008347856881497188,0.058080947016727245
-31.54727,-18.22483,-1.0966528279972145,0.14168563187459426,0.005771832390184413,0.04073689275206856
-31.54161,-18.21659,-1.0967058517269614,0.14130171832955798,0.006669255391652688,0.047198685695371265
-31.53596,-18.20834,-1.0967625080947276,0.14097585446263905,0.0067683165989622755,0.04801046693251994
-31.5303,-18.20009,-1.0968170491603362,0.1318044174797039,0.003977549809821837,0.03017766692405682
-31.52464,-18.19185,-1.0968700728900846,0.12999549203006933,0.004463699784211338,0.03433734289169687
-31.51899,-18.1836,-1.096926729257849,0.12572278468261616,0.0029380353310069444,0.023369155705737322
-31.51333,-18.17535,-1.096981270323459,0.12395000485481314,0.004897288114415202,0.039510188968137294
-31.50768,-18.1671,-1.0970379266912234,0.12497314098545176,0.005084656020702842,0.040685990450498095
-31.50202,-18.15886,-1.0970909504209718,0.12073339253670383,0.0033367425859686015,0.02763728009178743
-31.49637,-18.15061,-1.0971476067887362,0.12101052163335912,0.005233317902516333,0.04324680062426619
-31.49071,-18.14236,-1.0972021478543466,0.12017367855650343,0.007010065831935796,0.05833278897791077
-31.48505,-18.13412,-1.0972551715840946,0.12587960949202096,0.005569921643911046,0.044248005426677964
-31.4794,-18.12587,-1.0973118279518594,0.12504306495723572,0.0028167354232355233,0.022526122693800228
-31.47374,-18.11762,-1.0973663690174682,0.12459410349802158,0.004114148440774376,0.03302041047905372
-31.46809,-18.10938,-1.0974215080493719,0.12085958262431125,0.006917257258326873,0.05723383374431286
-31.46243,-18.10113,-1.0974760491149818,0.12044647146466328,0.007269990313665781,0.06035868236952595
-31.45678,-18.09288,-1.0975327054827462,0.12035776860511697,0.005408171389158978,0.04493412807363273
-31.45112,-18.08463,-1.0975872465483565,0.11981594889141958,0.007380996876524006,0.06160279115439684
-31.44546,-18.07639,-1.0976402702781032,0.11953931675010385,0.006313803926185463,0.05281780168933397
-31.43981,-18.06814,-1.0976969266458694,0.11400551077726555,0.003030729112767102,0.026584058017057505
-31.43415,-18.05989,-1.097751467711478,0.11044379273971065,0.002926430099062306,0.026497008355727106
-31.4285,-18.05165,-1.0978066067433823,0.11167765042956553,0.004672111372345146,0.04183568829012767
-31.42284,-18.0434,-1.097861147808991,0.10879191289702057,0.003349211116337149,0.03078547869185295
-31.41719,-18.03515,-1.0979178041767566,0.10058846733927902,0.005816185977514278,0.057821598552611625
-31.41153,-18.02691,-1.0979708279065032,0.09837755138582857,0.005322119904665459,0.054098926327130745
-31.40587,-18.01866,-1.0980253689721136,0.09778091759533496,0.005247936608084212,0.05367035549617901
-31.40022,-18.01041,-1.0980820253398793,0.09647414673902655,0.0015288794737740952,0.015847556318998982
-31.39456,-18.00217,-1.0981350490696267,0.09207025293243319,0.0025514678355483046,0.027712184492647462
-31.38891,-17.99392,-1.098191705437391,0.08818618280358416,0.0034238066769900362,0.03882475199789328
-31.38325,-17.98567,-1.0982462465030014,0.09147372441207238,0.0038264035971540596,0.0418306308368599
-31.3776,-17.97742,-1.098302902870767,0.08873555645623431,0.004517974460110912,0.050915040605388484
-31.37194,-17.96918,-1.0983559266005138,0.08670069890894569,0.005581248276475722,0.06437374031248846
-31.36628,-17.96093,-1.0984104676661235,0.0888408275254362,0.0038328502850837197,0.043142892652438744
-31.36063,-17.95268,-1.098467124033888,0.09009354567245989,0.004635611506596096,0.05145331413028321
-31.35497,-17.94444,-1.0985201477636364,0.08752645477736702,0.004307416424741663,0.04921273728837803
-31.34932,-17.93619,-1.0985768041314008,0.08947151514051324,0.0046361661164706506,0.05181723042456187
-31.34366,-17.92794,-1.0986313451970111,0.08850425574788377,0.0038211487179648194,0.04317474550432776
-31.33801,-17.9197,-1.0986864842289144,0.09174504184951687,0.006012678457653733,0.06553682178831984
-31.33235,-17.91145,-1.0987410252945242,0.09866416893268329,0.007987168388847223,0.08095308028486732
-31.32669,-17.9032,-1.0987955663601328,0.09771655986406447,0.004530230641442912,0.046360930509066325
-31.32104,-17.89495,-1.0988522227278983,0.10009623258652026,0.0046586767756781645,0.04654197920637363
-31.31538,-17.88671,-1.0989052464576463,0.1032701047354867,0.004543274378312282,0.04399409093221415
-31.30973,-17.87846,-1.0989619028254114,0.1075013137642967,0.0037599380284128476,0.034975740265432896
-31.30407,-17.87021,-1.09901644389102,0.10544982164987418,0.0033933753965630534,0.0321800012884811
-31.29841,-17.86197,-1.0990694676207684,0.11136370455789042,0.005117948567445648,0.04595706103495484
-31.29276,-17.85372,-1.099126123988534,0.11118306240307077,0.0057232655700855195,0.05147605621202469
-31.2871,-17.84547,-1.0991806650541431,0.11043351925237803,0.004661830861314914,0.04221391197957796
-31.28145,-17.83723,-1.0992358040860464,0.11046749926949677,0.008116924033038299,0.0734779377347561
-31.27579,-17.82898,-1.0992903451516556,0.10527777581143363,0.005439321264044043,0.051666377087853606
-31.27014,-17.82073,-1.099347001519421,0.10999507302630655,0.004167452462003731,0.037887628485023486
-31.26448,-17.81248,-1.0994015425850296,0.10831065804966541,0.006592763205522112,0.0608690162559905
-31.25882,-17.80424,-1.0994545663147781,0.10189647265941741,0.0041394221080337966,0.04062380178624589
-31.25317,-17.79599,-1.0995112226825428,0.09771582149570768,0.00409212774315684,0.041877842098851856
-31.24751,-17.78774,-1.0995657637481517,0.09137104855144589,0.003886432120138556,0.042534612240444254
-31.24186,-17.7795,-1.0996209027800563,0.08856670790991647,0.004056163766257202,0.04579783828459372
-31.2362,-17.77125,-1.099675443845666,0.08939412674347355,0.005584517334631533,0.06247074095434626
-31.23055,-17.763,-1.099732100213431,0.0865267733634428,0.0021949375163709504,0.02536714858361172
-31.22489,-17.75476,-1.0997851239431784,0.08462506785883196,0.004353000635070632,0.05143866640475996
-31.21923,-17.74651,-1.099839665008787,0.08534758261714051,0.0052567248534549455,0.06159195951730715
-31.21358,-17.73826,-1.0998963213765531,0.08102570790672654,0.005678668965874944,0.07008478065272807
-31.20792,-17.73001,-1.0999508624421628,0.08115174251629434,0.003121271059692128,0.03846215697790362
-31.20227,-17.72177,-1.100006001474066,0.0764837248289256,0.004490438200728818,0.05871102918657234
-31.19661,-17.71352,-1.1000605425396746,0.07618091271977867,0.004449416534879469,0.05840592316406151
-31.19096,-17.70527,-1.1001171989074408,0.07596477792951065,0.0038867851257993555,0.0511656221703957
-31.1853,-17.69703,-1.1001702226371881,0.07577117096009992,0.004541116698912387,0.059931985230948566
-31.17964,-17.68878,-1.1002247637027973,0.07916464591341271,0.004230474662021373,0.05343893872333498
-31.17399,-17.68053,-1.1002814200705628,0.08363032156367678,0.005673588780031385,0.06784128858946777
-31.16833,-17.67229,-1.1003344438003102,0.08224203759068924,0.004966566963461855,0.06038963903326404
-31.16268,-17.66404,-1.100391100168076,0.08652025031136057,0.006693630505761392,0.07736489991271422
-31.15702,-17.65579,-1.1004456412336845,0.08496700617560775,0.004262104342846344,0.050161874999308916
-31.15137,-17.64755,-1.1005007802655888,0.0871942029713171,0.005124450656116757,0.05877054301193013
-31.14571,-17.6393,-1.1005553213311992,0.08755681228243657,0.003631107646686075,0.04147144639040789
-31.14005,-17.63105,-1.1006098623968077,0.08295885678570517,0.004074791164619477,0.04911821742126049
-31.1344,-17.6228,-1.1006665187645717,0.0784798341243401,0.0036563775058711862,0.04659002591771763
-31.12874,-17.61456,-1.1007195424943201,0.07555116916485313,0.004070380947640221,0.05387581678264467
-31.12309,-17.60631,-1.1007761988620857,0.07257740868138461,0.0033502953753713916,0.046161683590540056
-31.11743,-17.59806,-1.1008307399276949,0.07246247205560194,0.004194263435296372,0.05788187066096817
-31.11178,-17.58982,-1.1008858789595977,0.07258449895632513,0.00480457757727917,0.0661928875498629
-31.10612,-17.58157,-1.1009404200252078,0.06944609909736725,0.005611840074595549,0.08080857164817049
-31.10046,-17.57332,-1.1009949610908174,0.14934921114118557,0.25381360931382424,1.6994640103849257
-31.09481,-17.56508,-1.1010501001227209,0.06793296248068922,0.005211289948494728,0.07671224333807172
-31.08915,-17.55683,-1.1011046411883298,0.06888711024625814,0.006341057962903233,0.09204999222982606
-31.0835,-17.54858,-1.101161297556095,0.06863283380162197,0.0035327274956550164,0.05147284907200683
-31.07784,-17.54033,-1.1012158386217035,0.06986348658839006,0.005373588441593713,0.07691554922320035
-31.07219,-17.53209,-1.101270977653608,0.07671469195648589,0.005583595438037562,0.07278391264615504
-31.06653,-17.52384,-1.1013255187192177,0.07432261359069611,0.0037900161417428126,0.05099411819146866
-31.06087,-17.51559,-1.1013800597848273,0.0772296437590445,0.004781048850668383,0.0619069131742365
-31.05522,-17.50735,-1.1014351988167306,0.07280982137304623,0.0044866663536349115,0.061621719007483367
-31.0545,-17.5063,-1.1014422173269771,0.5637443849078394,0.4653740104829041,0.8255053583531181
-31.04865,-17.49819,-1.1014353249495583,0.0722554798913084,0.005779943981106811,0.07999315747125886
-31.0428,-17.49008,-1.1014284325721402,0.07345870339119483,0.007081097742789723,0.0963956266023408
-31.03695,-17.48197,-1.1014215401947227,0.07433142858037403,0.006054494033006266,0.0814526795547806
-31.03111,-17.47385,-1.1014182804553216,0.15393184807495364,0.24873346306248575,1.6158674515579818
-31.02526,-17.46574,-1.1014113880779028,0.07221673690777522,0.004394641048133744,0.060853497905145514
-31.01941,-17.45763,-1.101404495700484,0.07207315860132371,0.004747643117437191,0.06587255518658502
-31.01356,-17.44952,-1.101397603323066,0.06980358017412061,0.004627674314861604,0.06629565852235893
-31.00771,-17.44141,-1.1013907109456482,0.07482665342398602,0.004475915882782218,0.05981713303975509
-31.00186,-17.4333,-1.10138381856823,0.0752166771312783,0.004873661527853747,0.06479495922623084
-30.99601,-17.42519,-1.1013769261908108,0.07523317062046248,0.002339077645667912,0.031091041709090383
-30.99016,-17.41708,-1.1013700338133927,0.07402404136557468,0.003583286802724006,0.048407067982516754
-30.98432,-17.40896,-1.1013667740739927,0.07621504127747192,0.003247542166798249,0.04261025267932481
-30.97847,-17.40085,-1.1013598816965746,0.07774446816073363,0.0036367397646166607,0.04677811618825206
-30.97262,-17.39274,-1.1013529893191558,0.07675618465632829,0.007639545693099535,0.09953003431977753
-30.96677,-17.38463,-1.1013460969417366,0.07732689110660194,0.004057297246701119,0.052469421551007096
-30.96092,-17.37652,-1.1013392045643196,0.07855884248461832,0.0048100566891212376,0.06122871133269355
-30.95507,-17.36841,-1.1013323121868996,0.07490410547046056,0.0023873137556047527,0.03187160090372112
-30.94922,-17.3603,-1.1013254198094826,0.0741508047268831,0.00321860068144821,0.04340614634329543
-30.94338,-17.35218,-1.1013221600700815,0.07161984034370093,0.0056000368352805046,0.0781911382154182
-30.93753,-17.34407,-1.1013152676926627,0.06796286484298084,0.004764519365241437,0.07010474582331433
-30.93168,-17.33596,-1.1013083753152453,0.06855063843208173,0.003481367574235718,0.05078534137482863
-30.92583,-17.32785,-1.1013014829378265,0.0663135896178694,0.004572450532576843,0.06895193819133437
-30.91998,-17.31974,-1.1012945905604083,0.06984671021236499,0.006135276261467591,0.0878391586778193
-30.91413,-17.31163,-1.1012876981829895,0.06849754506424222,0.006990095353757761,0.10204884492140437
-30.90828,-17.30352,-1.1012808058055725,0.06800506422459952,0.005515955748111617,0.08111095564727555
-30.90244,-17.29541,-1.101276028730308,0.06809030258558818,0.004566640754349869,0.06706741754612841
-30.89659,-17.28729,-1.1012706536887529,0.0698822234515034,0.004832798460514035,0.06915633507093377
-30.89074,-17.27918,-1.101263761311334,0.07103623164253195,0.003276258614230306,0.04612095178017146
-30.88489,-17.27107,-1.1012568689339153,0.06921659754817602,0.004754250969556756,0.06868657428946445
-30.87904,-17.26296,-1.1012499765564965,0.06788085527386836,0.004854175980203455,0.07151023599539316
-30.87319,-17.25485,-1.101243084179079,0.06790509186578197,0.0040743109506206476,0.060000080092281444
-30.86734,-17.24674,-1.1012361918016609,0.06819689474891213,0.0033914486449162086,0.04973025029076281
-30.86149,-17.23863,-1.101229299424242,0.06692135442841114,0.004574703342107434,0.06835939560968099
-30.85565,-17.23052,-1.101224522348981,0.06742263862681257,0.0032192561113274583,0.047747406166438994
-30.8498,-17.2224,-1.1012191473074222,0.06584354180778075,0.0023127277624219963,0.03512459535019577
-30.84395,-17.21429,-1.1012122549300052,0.06779407521803713,0.004901719209607119,0.07230306179179179
-30.8381,-17.20618,-1.1012053625525866,0.06510319943085073,0.0030538323070501147,0.04690756112982954
-30.83225,-17.19807,-1.1011984701751678,0.06586013225580391,0.003678446831440407,0.055852405779465236
-30.8264,-17.18996,-1.1011915777977497,0.06745492845237856,0.0038311165431366913,0.05679520579198836
-30.82055,-17.18185,-1.101184685420332,0.06545787126953155,0.003219238115191465,0.04918030563407449
-30.81471,-17.17374,-1.101179908345069,0.06415990442608584,0.003353750069734309,0.05227174354035909
-30.80886,-17.16562,-1.1011745333035121,0.06533051841211543,0.004938113214134908,0.07558662221206473
-30.80301,-17.15751,-1.101167640926094,0.0650390739359489,0.002582498841610824,0.039706882114497716
-30.79716,-17.1494,-1.1011607485486765,0.06582495163835607,0.003676937376303065,0.055859325146249264
-30.79131,-17.14129,-1.1011538561712577,0.06289304742086534,0.005310615949345859,0.08443883969890151
-30.78546,-17.13318,-1.101146963793839,0.06306254296618917,0.0039011448822690595,0.06186152189201519
-30.77961,-17.12507,-1.1011400714164215,0.06352793379173813,0.0035588898978670775,0.05602086649841451
-30.77377,-17.11696,-1.101135294341158,0.05978734968088203,0.005458339907381507,0.09129590016141659
-30.76792,-17.10885,-1.1011284019637404,0.06759943602964838,0.0036993336346361947,0.05472432688659869
-30.76207,-17.10073,-1.1011230269221834,0.06217272442070258,0.005414896580795014,0.08709440725412276
-30.75622,-17.09262,-1.1011161345447646,0.062404174548883806,0.0026139242221663297,0.04188700901922408
-30.75037,-17.08451,-1.1011092421673458,0.06165131505031286,0.004292360418955126,0.06962317698255398
-30.74452,-17.0764,-1.1011023497899288,0.061994546378892366,0.005029283685186785,0.08112461464673501
-30.73867,-17.06829,-1.1010954574125102,0.060825995591560114,0.003978808846032162,0.06541296706016005
-30.73282,-17.06018,-1.101088565035092,0.05989919214931103,0.003046478372273329,0.05086009114579302
-30.72698,-17.05207,-1.1010837879598285,0.06059345093674563,0.004285919109757044,0.07073238185808522
-30.72113,-17.04395,-1.1010784129182722,0.059232843238248865,0.0034556114129976005,0.0583394485910172
-30.71528,-17.03584,-1.1010715205408546,0.062228922033084735,0.0027094861444803098,0.04354062477636652
-30.70943,-17.02773,-1.1010646281634364,0.05898372610012063,0.004341563527614353,0.0736061251919701
-30.70358,-17.01962,-1.1010577357860176,0.06312775104840564,0.003921120396875195,0.062114051772072874
-30.69773,-17.01151,-1.1010508434085984,0.06582517072847524,0.005290046582886483,0.08036510235131175
-30.69188,-17.0034,-1.1010439510311814,0.06757219812704714,0.004425743698168378,0.06549651810715457
-30.68604,-16.99529,-1.1010391739559173,0.06800075851818879,0.00330006264246349,0.04852979164314456
-30.68019,-16.98718,-1.1010322815785003,0.06792911663170514,0.002116945868510323,0.03116404236474735
-30.67434,-16.97906,-1.1010269065369434,0.06715418118027365,0.004047998360042916,0.06027917084084713
-30.66849,-16.97095,-1.1010200141595248,0.06766260023726553,0.004668671983741773,0.06899929898305146
-30.66264,-16.96284,-1.101013121782107,0.0686284626905534,0.004140642409090179,0.06033418565355876
-30.65679,-16.95473,-1.1010062294046883,0.0700805967858427,0.0031972554104339195,0.045622548281150074
-30.65094,-16.94662,-1.1009993370272702,0.07010234139785275,0.0034324480944979176,0.04896338732850162
-30.6451,-16.93851,-1.1009945599520075,0.07028344617101745,0.00437171957316184,0.06220126945005425
-30.63925,-16.9304,-1.1009876675745902,0.06972373568067802,0.0026791128471254674,0.038424688823262644
-30.6334,-16.92229,-1.100980775197171,0.06987398443054307,0.0036625615279058743,0.052416669204639034
-30.62755,-16.91417,-1.1009754001556147,0.07244794451656962,0.0026444155667905453,0.03650090536641435
-30.6217,-16.90606,-1.1009685077781959,0.07184734032572643,0.004512274119558253,0.06280363474975482
-30.61585,-16.89795,-1.100961615400777,0.07170721917398815,0.003838636618594783,0.053532080351363726
-30.61,-16.88984,-1.1009547230233585,0.07450356918931535,0.00278708038490351,0.03740868276822379
-30.60415,-16.88173,-1.1009478306459408,0.07415216716701778,0.004027447741556884,0.05431328436410496
-30.59831,-16.87362,-1.1009430535706786,0.07307579675200078,0.0038340326970418763,0.05246651925060129
-30.59246,-16.86551,-1.1009361611932598,0.07359747250356172,0.004940528011217993,0.06712904456031284
-30.58661,-16.85739,-1.1009307861517046,0.06948366223784105,0.0033080674278425544,0.047609284273461464
-30.58076,-16.84928,-1.1009238937742853,0.07044150267068736,0.003205742873035089,0.04550929141903565
-30.57491,-16.84117,-1.1009170013968665,0.07033726559059204,0.0019880205686854447,0.02826411507460353
-30.56906,-16.83306,-1.1009101090194484,0.07186248001908616,0.004227861323481106,0.05883266653694969
-30.56321,-16.82495,-1.1009032166420307,0.07410589345313505,0.0027862771103636555,0.03759859007874605
-30.55737,-16.81684,-1.1008984395667674,0.07799313612638485,0.0037553498767310357,0.04814974833997747
-30.55152,-16.80873,-1.1008915471893497,0.07892049303499163,0.0055108067954698775,0.06982732346877896
-30.54567,-16.80062,-1.100884654811931,0.07933688675208402,0.006698971359137957,0.08443703343277444
-30.53982,-16.7925,-1.1008792797703741,0.08053201421944968,0.005969423455773776,0.07412484977101283
-30.53397,-16.78439,-1.1008723873929558,0.08494318553872837,0.004845428004155098,0.05704316330291038
-30.52812,-16.77628,-1.1008654950155383,0.07891962191088911,0.0037748568443499476,0.04783166407730982
-30.52227,-16.76817,-1.1008586026381195,0.07971283369554227,0.0023344243508355666,0.029285426732560293
-30.51643,-16.76006,-1.1008538255628568,0.07956431471135458,0.0035013664643061076,0.04400674444326521
-30.51058,-16.75195,-1.1008469331854391,0.08105046984312039,0.0013442016665633973,0.016584748603742903
-30.50473,-16.74384,-1.10084004080802,0.07813721092072491,0.006445338690523579,0.08248744246915568
-30.49888,-16.73572,-1.100834665766464,0.07895235127670816,0.002500457248025502,0.03167045955682849
-30.49303,-16.72761,-1.1008277733890452,0.07470970719725746,0.005942326000236236,0.07953887417262391
-30.48718,-16.7195,-1.1008208810116265,0.0747557840926388,0.004402313336699757,0.05888926709997886
-30.48133,-16.71139,-1.1008139886342079,0.07504211958567458,0.003344149662157752,0.04456363547060769
-30.47548,-16.70328,-1.1008070962567906,0.07289766755760488,0.004401784521833491,0.060383063948584254
-30.46964,-16.69517,-1.100802319181528,0.07463386214023525,0.002537599556539252,0.034000646405932505
-30.46379,-16.68706,-1.1007954268041098,0.07490186168810933,0.0028022193916718316,0.037411879071046955
-30.45794,-16.67895,-1.1007885344266906,0.07459817945566846,0.004398084177220968,0.05895699076456178
-30.45209,-16.67083,-1.100783159385134,0.07374641122619327,0.00409657473081627,0.055549479123144736
-30.44624,-16.66272,-1.1007762670077164,0.07447908609246899,0.0045849704225957,0.06156050863598489
-30.44039,-16.65461,-1.1007693746302978,0.07483192630334977,0.0023309624591057567,0.03114930450482622
-30.43454,-16.6465,-1.1007624822528796,0.07818616210726662,0.0032138328615464737,0.041104880645468855
-30.4287,-16.63839,-1.1007577051776163,0.07758709823944734,0.004453292758100021,0.057397336144166415
-30.42285,-16.63028,-1.100750812800199,0.07551597806085511,0.002866046562334216,0.0379528496608306
-30.417,-16.62217,-1.1007439204227805,0.07637886321779493,0.003904586748601559,0.05112129958608574
-30.41115,-16.61406,-1.100737028045362,0.07440192880586159,0.005265281209266738,0.07076807407783123
-30.4053,-16.60594,-1.1007316530038052,0.07535146409777334,0.0034392519624755298,0.045642802082954625
-30.39945,-16.59783,-1.1007247606263877,0.07596061642049332,0.006199044168522765,0.08160866065392187
-30.3936,-16.58972,-1.100717868248969,0.07515342104135311,0.00353478584823189,0.047034264032862545
-30.38776,-16.58161,-1.1007130911737062,0.07384734530475598,0.0031834533752766814,0.043108568928769034
-30.38191,-16.5735,-1.1007061987962878,0.0751709389187484,0.002699081092207374,0.03590591165988743
-30.37606,-16.56539,-1.1006993064188693,0.07488188697361856,0.0028620752912442682,0.03822119616527023
-30.37021,-16.55728,-1.1006924140414522,0.07389654564792555,0.002444773772372519,0.03308373552426194
-30.36436,-16.54916,-1.1006870389998946,0.07287250759907245,0.0032040374008136014,0.04396771164293493
-30.35851,-16.54105,-1.1006801466224765,0.07461078624500139,0.004249941463673371,0.05696148878149771
-30.35266,-16.53294,-1.1006732542450577,0.07390408906309312,0.0038948367788343313,0.052701235184825106
-30.34681,-16.52483,-1.1006663618676398,0.07170082676310359,0.004425842290989017,0.061726516844942486
-30.34097,-16.51672,-1.1006615847923764,0.07260385444745762,0.003894298561907472,0.053637628353818606
-30.33512,-16.50861,-1.100654692414959,0.07176549054652495,0.004048296242698251,0.05641006857012669
-30.32927,-16.5005,-1.1006478000375404,0.07168909520889807,0.004177377949126208,0.05827075843199804
-30.32342,-16.49239,-1.1006409076601216,0.0732188448181876,0.0013937179844392678,0.019034962759929632
-30.31757,-16.48427,-1.1006355326185662,0.07178753440472027,0.004084444369707939,0.05689628991407975
-30.31172,-16.47616,-1.1006286402411474,0.07253495976835335,0.004023179939158691,0.05546539147477386
-30.30587,-16.46805,-1.1006217478637286,0.07488895349588386,0.0028905500100957424,0.03859781550098195
-30.30003,-16.45994,-1.100616970788466,0.07601957149805036,0.002379914793543372,0.031306606267892584
-30.29418,-16.45183,-1.1006100784110484,0.07757124390983017,0.005854585024377417,0.07547365143690184
-30.28833,-16.44372,-1.1006031860336292,0.07731909398357986,0.0029656755957643086,0.03835631592364655
-30.28248,-16.43561,-1.1005962936562113,0.07795229225286789,0.00537436387832229,0.06894426992459052
-30.27663,-16.42749,-1.1005909186146547,0.08191663864869356,0.003993464930439649,0.048750351531951425
-30.27078,-16.41938,-1.100584026237236,0.08040163514282678,0.0036106161440153184,0.04490724768969388
-30.26493,-16.41127,-1.1005771338598178,0.07951029305404415,0.004596356152629002,0.0578083160818537
-30.25909,-16.40316,-1.1005723567845558,0.08150356339339121,0.004406440995454594,0.05406439684343782
-30.25324,-16.39505,-1.100565464407137,0.08045883533905819,0.0036130763273622625,0.04490589892504098
-30.24739,-16.38694,-1.1005585720297189,0.08180698863365538,0.00422692581161025,0.05166949526206241
-30.24154,-16.37883,-1.1005516796522998,0.08165789822779655,0.00327845160219987,0.040148616035330154
-30.23569,-16.37072,-1.1005447872748828,0.0832624161612974,0.003768676613977247,0.04526263814728246
-30.22984,-16.3626,-1.1005394122333256,0.08109966192254991,0.00400924046917749,0.049435970189448016
-30.22399,-16.35449,-1.1005325198559073,0.08262679067354775,0.0046902185973325405,0.056763896541295454
-30.21814,-16.34638,-1.1005256274784887,0.08240411530683214,0.00523748810543287,0.0635585745436506
-30.2123,-16.33827,-1.1005208504032256,0.08309016093536034,0.004752948930265047,0.0572023074303898
-30.20645,-16.33016,-1.1005139580258085,0.08759970916843969,0.003929934094679336,0.04486241029776395
-30.2006,-16.32205,-1.1005070656483897,0.08567785616347043,0.0028304884051821235,0.03303640557697485
-30.19475,-16.31394,-1.1005001732709714,0.08768501775974626,0.004325146043505773,0.049325941352449915
-30.1889,-16.30583,-1.1004932808935526,0.08714277340440295,0.004419941237464878,0.05072068589042126
-30.18305,-16.29771,-1.100487905851997,0.08859499885700259,0.00437089035196583,0.04933563303071653
-30.1772,-16.2896,-1.1004810134745784,0.09217447247417236,0.0029041589163112877,0.031507193242956116
-30.17136,-16.28149,-1.1004762363993155,0.0936462423669139,0.0037690723827505414,0.040247983127641114
-30.16551,-16.27338,-1.1004693440218971,0.09650025548993624,0.003319836965742513,0.03440236452108389
-30.15966,-16.26527,-1.1004624516444783,0.09885390562200538,0.002412112691881098,0.02440078292004428
-30.15381,-16.25716,-1.1004555592670613,0.09582723851451577,0.003384224195978773,0.03531588980794991
-30.14796,-16.24905,-1.1004486668896423,0.09528364440491505,0.003870420830910244,0.04061999155345694
-30.14211,-16.24093,-1.1004432918480855,0.09778319927447454,0.003329430174559313,0.03404910249677658
-30.13626,-16.23282,-1.1004363994706667,0.09841127893208022,0.00551738474813098,0.05606455690855184
-30.13042,-16.22471,-1.1004316223954052,0.095668949346605,0.0029341369682355425,0.030669689468473985
-30.12457,-16.2166,-1.1004247300179866,0.09653546018193697,0.004129449707263892,0.042776506161375974
-30.11872,-16.20849,-1.100417837640568,0.0951239335618675,0.0033762428840619454,0.03549309577138204
-30.11287,-16.20038,-1.1004109452631499,0.09418096110331414,0.003010646595059253,0.03196661575535048
-30.10702,-16.19227,-1.1004040528857308,0.09557520642714505,0.0053685723628165306,0.0561711825012785
-30.10117,-16.18416,-1.1003971605083136,0.09397615517530322,0.004556079686811951,0.04848123099219196
-30.09532,-16.17604,-1.1003917854667564,0.09283058044270688,0.0037606494215487005,0.04051088987717464
-30.08947,-16.16793,-1.1003848930893383,0.09387000728590418,0.0044330213751705115,0.04722510952479907
-30.08363,-16.15982,-1.1003801160140756,0.09309328215633617,0.00474839470497304,0.05100684598270824
-30.07778,-16.15171,-1.1003732236366577,0.09319944009182266,0.003982051249146411,0.0427261284533811
-30.07193,-16.1436,-1.1003663312592382,0.09600848353585151,0.002737161065976873,0.028509575041405187
-30.06608,-16.13549,-1.1003594388818208,0.09581528398015528,0.004608925077846815,0.04810219086551358
-30.06023,-16.12738,-1.1003525465044022,0.09594963838581674,0.0033298403101031933,0.03470404230929764
-30.05438,-16.11926,-1.1003471714628452,0.09611395683011609,0.0044812177674469775,0.04662400670245682
-30.04853,-16.11115,-1.1003402790854269,0.09625410167036327,0.003081342621858791,0.032012585109477354
-30.04269,-16.10304,-1.100335502010165,0.09423279178761652,0.004531207543501843,0.04808525203959102
-30.03684,-16.09493,-1.1003286096327465,0.09793768835218106,0.005625503350139607,0.05743961742195162
-30.03099,-16.08682,-1.100321717255328,0.09306996849595764,0.004658538268418245,0.05005415112631721
-30.02514,-16.07871,-1.1003148248779104,0.09287625879048281,0.00478755114069207,0.051547631257329016
-30.01929,-16.0706,-1.100307932500492,0.09254532471808223,0.0035286816401594572,0.03812922641860908
-30.01344,-16.06249,-1.100301040123073,0.09457882467671837,0.00356300597547018,0.03767234354676067
-30.00759,-16.05437,-1.1002956650815165,0.09104841896119202,0.0033543074543514505,0.03684091928912211
-30.00175,-16.04626,-1.1002908880062547,0.08992161645407384,0.0041536913037507305,0.046192355826612255
-29.9959,-16.03815,-1.1002839956288348,0.0901979528881117,0.001971352237273118,0.021855842335119634
-29.99005,-16.03004,-1.1002771032514176,0.08723328960795387,0.0025727980254405566,0.029493305101794196
-29.9842,-16.02193,-1.1002702108739988,0.08752562367663634,0.002616760369841221,0.02989707767760501
-29.97835,-16.01382,-1.1002633184965807,0.08933923464087379,0.003450583570660024,0.03862338405439328
-29.9725,-16.00571,-1.1002564261191616,0.08800696977229942,0.0050690977343756565,0.05759882140574708
-29.96665,-15.9976,-1.1002495337417444,0.08981196872730147,0.004464276154757037,0.04970691788654628
-29.9608,-15.98948,-1.1002441587001874,0.08909496576685802,0.0024027103569652718,0.026967969921584994
-29.95496,-15.98137,-1.100239381624925,0.08805999360258411,0.0029702293945491963,0.03372961174575915
-29.94911,-15.97326,-1.1002324892475075,0.08970458767212816,0.004460663030692673,0.04972614162161332
-29.94326,-15.96515,-1.1002255968700876,0.08959075620430458,0.004417328605098589,0.04930562919934757
-29.93741,-15.95704,-1.1002187044926703,0.08748515978258366,0.0038522811747492432,0.04403353876615022
-29.93156,-15.94893,-1.1002118121152515,0.08618207630971683,0.004088700496592444,0.04744258518324247
-29.92571,-15.94082,-1.100204919737833,0.09173023523821985,0.005330613333847241,0.05811184632857253
-29.91986,-15.9327,-1.1001995446962762,0.09003727100756084,0.0040431059922421365,0.04490480383287737
-29.91402,-15.92459,-1.1001947676210144,0.09170322607345938,0.004762487847530342,0.05193370017010443
-29.90817,-15.91648,-1.100187875243596,0.09065939730068079,0.004395338032841642,0.04848188013277953
-29.90232,-15.90837,-1.1001809828661775,0.09182362560794909,0.0033933853690862902,0.0369554713900616
-29.89647,-15.90026,-1.100174090488759,0.09148762107462687,0.0015857791852518053,0.01733326505405882
-29.89062,-15.89215,-1.1001671981113401,0.08998827993673449,0.0019656944821852167,0.021843894377881007
-29.88477,-15.88404,-1.1001603057339229,0.09198029555755374,0.004059299440402646,0.0441322721980456
-29.87892,-15.87593,-1.100153413356504,0.09052081489753308,0.0047688227709866025,0.05268205745147976
-29.87308,-15.86781,-1.100150153617104,0.09118901999770039,0.0031890545162810346,0.03497191346459756
-29.86723,-15.8597,-1.1001432612396846,0.09355597875293022,0.0035969947832733594,0.0384475137903541
-29.86138,-15.85159,-1.1001363688622672,0.09375633206103118,0.0031397383347595872,0.03348828037252735
-29.85553,-15.84348,-1.1001294764848486,0.09446337961938146,0.0020557546081013357,0.02176245034196879
-29.84968,-15.83537,-1.10012258410743,0.09392338391813762,0.002724752756711323,0.02901037678844899
-29.84383,-15.82726,-1.1001156917300112,0.09602232065880147,0.003072477913155472,0.031997538614724645
-29.83798,-15.81915,-1.1001087993525938,0.09541253635063976,0.004306071707807693,0.0451310893988075
-29.83213,-15.81103,-1.100103424311037,0.09313523994031246,0.003951092688039503,0.042423176131522695
-29.82629,-15.80292,-1.1000986472357743,0.09199368027228014,0.002720105875584122,0.029568399345838044
-29.82044,-15.79481,-1.1000917548583558,0.09345991451487626,0.003570600065725973,0.038204615147145585
-29.81459,-15.7867,-1.1000848624809374,0.09613888555077518,0.0043951222171665656,0.04571638408316381
-29.80874,-15.77859,-1.1000779701035197,0.0915409351489774,0.004581566147885079,0.05004937015804846
-29.80289,-15.77048,-1.1000710777261014,0.09417310510180403,0.004861459711024837,0.05162259124587056
-29.79704,-15.76237,-1.1000641853486826,0.09448103361654933,0.005371220248236086,0.056849719384264454
-29.79119,-15.75426,-1.1000572929712638,0.09292051822430125,0.0038175140124418958,0.041083649611453756
-29.78535,-15.74614,-1.1000540332318642,0.08979819961818768,0.0017022480399505192,0.018956371588609744
-29.7795,-15.73803,-1.1000471408544443,0.09188326159371915,0.0026648422091526056,0.02900247730577694
-29.77365,-15.72992,-1.1000402484770269,0.09269311483911008,0.004919018490070664,0.05306778716637947
-29.7678,-15.72181,-1.1000333560996085,0.09414265707305194,0.0035280135257747475,0.037475185377836874
-29.76195,-15.7137,-1.1000264637221897,0.09386550300752523,0.0033018668742988287,0.035176574657402274
-29.7561,-15.70559,-1.1000195713447722,0.09269091186959147,0.004052078947284762,0.0437160328402606
-29.75025,-15.69748,-1.1000126789673537,0.09495787584357662,0.003432320757281539,0.03614571963399407
-29.74441,-15.68937,-1.100007901892091,0.09395877931639077,0.003885316917866699,0.041351291982876154
-29.73856,-15.68125,-1.100002526850534,0.09365385377088783,0.003965627668652565,0.04234345420909176
-29.73271,-15.67314,-1.0999956344731165,0.09385253798805461,0.003664634906283315,0.03904673208464265
-29.72686,-15.66503,-1.099988742095697,0.09572729321829895,0.004309150365783557,0.0450148564835826
-29.72101,-15.65692,-1.0999818497182794,0.09716023693427783,0.005600803712710785,0.05764501908840898
-29.71516,-15.64881,-1.099974957340861,0.09719401383937595,0.003666585177377591,0.03772439302112819
-29.70931,-15.6407,-1.0999680649634422,0.09843246826979805,0.0032590942677536944,0.03310995167591139
-29.70346,-15.63259,-1.0999611725860234,0.09527240572419843,0.004386206249700586,0.04603857975832056
-29.69762,-15.62447,-1.099957912846624,0.09381932560620736,0.0037782669903201967,0.040271734697592154
-29.69177,-15.61636,-1.0999510204692051,0.09367516187639009,0.0034496212352031243,0.03682535654173839
-29.68592,-15.60825,-1.0999441280917868,0.0945072853522514,0.003933279314036951,0.041618794777319786
-29.68007,-15.60014,-1.0999372357143693,0.09589250290298078,0.0032681349402955387,0.03408123514725728
-29.67422,-15.59203,-1.0999303433369496,0.09502573211084489,0.004149455585709323,0.04366665211133651
-29.66837,-15.58392,-1.099923450959532,0.09435320126692018,0.0017183340674480113,0.018211719839657966
-29.66252,-15.57581,-1.0999165585821133,0.09653860844714754,0.003933565526352636,0.04074603507990447
-29.65668,-15.5677,-1.0999117815068518,0.09825305801728404,0.0046212261695196145,0.047033916936271625
-29.65083,-15.55958,-1.099906406465294,0.0952913701245379,0.003138715384611759,0.03293808642387783
-29.64498,-15.55147,-1.0998995140878765,0.0972771872844267,0.0025481233815524383,0.026194459900470132
-29.63913,-15.54336,-1.0998926217104579,0.09425175678024364,0.004004760583189749,0.04249003647249997
-29.63328,-15.53525,-1.0998857293330395,0.09470091630414178,0.0027367040739150876,0.028898390646251822
-29.62743,-15.52714,-1.0998788369556207,0.09300314418404222,0.0038566551961436513,0.04146800874292795
-29.62158,-15.51903,-1.099871944578203,0.09542183035311705,0.0038252309076490156,0.04008758680789716
-29.61574,-15.51092,-1.0998671675029406,0.09387452393520954,0.0029667145982218437,0.031602978889878744
-29.60989,-15.5028,-1.0998617924613836,0.09390402203800795,0.0018682882673457164,0.019895721469624813
-29.60404,-15.49469,-1.099854900083966,0.09575178914636541,0.003913502655684643,0.04087132669346256
-29.59819,-15.48658,-1.0998480077065464,0.091087414150265,0.0024952243725521552,0.027393733764753007
-29.59234,-15.47847,-1.099841115329129,0.09323625856943128,0.004209926553516184,0.04515331929992806
-29.58649,-15.47036,-1.0998342229517104,0.0902688697432762,0.004110715343009044,0.045538571100977324
-29.58064,-15.46225,-1.0998273305742918,0.09613323343305039,0.002250998941392136,0.02341540860538919
-29.57479,-15.45414,-1.0998204381968733,0.09531667109172143,0.005329340760298403,0.05591194802816896
-29.56895,-15.44603,-1.0998156611216114,0.09512661436646264,0.004080231549891654,0.042892639216330186
-29.5631,-15.43791,-1.0998102860800547,0.09867576493039248,0.0034671853511163584,0.03513715200041437
-29.55725,-15.4298,-1.0998033937026361,0.0999951262790546,0.00398214834571997,0.03982342433977292
-29.5514,-15.42169,-1.0997965013252176,0.09791360087110206,0.004388722623259521,0.04482240040417915
-29.54555,-15.41358,-1.0997896089477992,0.09693280050561895,0.0033486464142262755,0.03454606074269115
-29.5397,-15.40547,-1.0997827165703815,0.10004007878987387,0.004448390166850439,0.044466080201655225
-29.53385,-15.39736,-1.0997758241929627,0.09793194550069613,0.00496946037955257,0.050744017737473064
-29.52801,-15.38925,-1.0997710471177002,0.09894283607354418,0.0042439812594901195,0.042893264716361776
-29.52216,-15.38114,-1.0997641547402817,0.1025644227116922,0.00310729435291397,0.030296025373716097
-29.51631,-15.37302,-1.099758779698726,0.10066820257256501,0.004012865169092405,0.03986229083806078
-29.51046,-15.36491,-1.0997518873213061,0.10444175326927332,0.003974158953263226,0.03805143851824269
-29.50461,-15.3568,-1.0997449949438889,0.10451871149476943,0.003140954686301342,0.030051601683384024
-29.49876,-15.34869,-1.0997381025664703,0.10024522300632957,0.004338204815858058,0.04327592563272706
-29.49291,-15.34058,-1.0997312101890517,0.0982990228386402,0.002819748941724645,0.02868542189227373
-29.48707,-15.33247,-1.09972643311379,0.1008289831257813,0.005295102865789998,0.052515682511490844
-29.48122,-15.32436,-1.0997195407363716,0.09810949933302415,0.004068238519044705,0.04146630598159943
-29.47537,-15.31624,-1.0997141656948146,0.09682588556351442,0.004490661732014174,0.046378731326639465
-29.46952,-15.30813,-1.0997072733173958,0.09859365336034652,0.00392646335843627,0.039824707013194606
-29.46367,-15.30002,-1.0997003809399784,0.09918059737343114,0.003236503326316407,0.03263242420420643
-29.45782,-15.29191,-1.09969348856256,0.10453300091024802,0.0039052471195993722,0.03735898793293436
-29.45197,-15.2838,-1.0996865961851412,0.10692915661622353,0.003013350680207675,0.028180814060124015
-29.44612,-15.27569,-1.0996797038077226,0.10615271800454915,0.004071602026099258,0.038356078889329716
-29.44028,-15.26758,-1.099674926732461,0.10646391597063136,0.00657066012071638,0.06171725002609271
-29.43443,-15.25947,-1.0996680343550416,0.10037217820435995,0.004468749458287352,0.04452179416878729
-29.42858,-15.25135,-1.0996626593134857,0.10518678610210955,0.0039267233339671335,0.037330956477321084
-29.42273,-15.24324,-1.099655766936067,0.10420360959905295,0.0030642793989457927,0.029406653097107705
-29.41688,-15.23513,-1.0996488745586486,0.09982701303449738,0.0034402905833745023,0.03446252150393036
-29.41103,-15.22702,-1.099641982181231,0.09681927968644242,0.003211527719688412,0.03317033270738247
-29.40518,-15.21891,-1.0996350898038125,0.09844770831159895,0.003612277329283649,0.036692345522664205
-29.39934,-15.2108,-1.0996303127285496,0.0943903482831989,0.002451203592515857,0.02596879487255967
-29.39349,-15.20269,-1.0996234203511313,0.09199287763834334,0.0032365591640847358,0.03518271465328869
-29.38764,-15.19457,-1.0996180453095754,0.08829723424414584,0.00437816811279454,0.04958443093119664
-29.38179,-15.18646,-1.0996111529321557,0.08709736101267819,0.0033277539912237976,0.038207288401532605
-29.37594,-15.17835,-1.0996042605547383,0.0868211111695088,0.003637683610657248,0.0418986069362216
-29.37009,-15.17024,-1.0995973681773197,0.08610477494769607,0.003554377365597633,0.04127967778507896
-29.36424,-15.16213,-1.0995904757999013,0.0868281635971187,0.0046347194785242045,0.053378066361385104
-29.3584,-15.15402,-1.0995856987246384,0.08572335964363104,0.003003627046729845,0.03503860627040887
-29.35255,-15.14591,-1.099578806347221,0.0867716722398776,0.003683867210991142,0.042454721868298274
-29.3467,-15.1378,-1.0995719139698024,0.08743542348242733,0.003827227380711623,0.04377204602298077
-29.34085,-15.12968,-1.0995665389282454,0.08744575032217818,0.0035420726019231366,0.040505943271948675
-29.335,-15.12157,-1.0995596465508266,0.08904336023061217,0.0038318053248637437,0.04303302699875436
-29.32915,-15.11346,-1.0995527541734083,0.09042068330127087,0.0037200597929540617,0.04114169078505267
-29.3233,-15.10535,-1.099545861795991,0.09140941468335687,0.005268269942821578,0.05763377832656426
-29.31745,-15.09724,-1.0995389694185722,0.09193563370343748,0.004316251629790291,0.04694862542323354
-29.31161,-15.08913,-1.0995341923433104,0.09825912629248026,0.005501032021412323,0.05598494744435067
-29.31,-15.0869,-1.0995319945933535,0.09591226598186155,0.005185317587113615,0.05406313294791968
-29.30405,-15.07886,-1.0994933278433436,0.09748422234785858,0.003960522198933723,0.04062731489821156
-29.2981,-15.07082,-1.0994546610933342,0.09893976146907107,0.005037246264562243,0.0509122539792751
-29.29216,-15.06278,-1.0994181096454791,0.09773159489371967,0.004041447269854292,0.04135251526642178
-29.28621,-15.05475,-1.099377925559608,0.09645022706391071,0.003465366068630467,0.035929060761404064
-29.28026,-15.04671,-1.0993392588095974,0.09887465073170212,0.004509069727272433,0.04560390043255741
-29.27431,-15.03867,-1.0993005920595875,0.10081123035209608,0.0023171856652970334,0.022985392175097624
-29.26836,-15.03063,-1.0992619253095766,0.10312901120661262,0.0043043286232696204,0.04173732078790286
-29.26241,-15.02259,-1.099223258559566,0.1061109342055715,0.005369475758948934,0.05060247371441013
-29.25647,-15.01455,-1.099186707111712,0.10550198837124367,0.003206090920610372,0.030388914655605163
-29.25052,-15.00651,-1.0991480403617024,0.10598611802347868,0.003852702994749326,0.036351015270658864
-29.24457,-14.99848,-1.0991078562758299,0.10959625714802819,0.0035398675759627882,0.03229916484448553
-29.23862,-14.99044,-1.0990691895258204,0.11200218139735,0.005637831139924756,0.05033679763721234
-29.23267,-14.9824,-1.0990305227758095,0.11514072783486562,0.004072487022096565,0.03536964807046651
-29.22672,-14.97436,-1.0989918560257999,0.11426380791611623,0.0027916701269125256,0.024431796715211493
-29.22078,-14.96632,-1.098955304577946,0.11935259062896068,0.002574390659650045,0.021569625310046466
-29.21483,-14.95828,-1.0989166378279354,0.12612113997547508,0.004396364395903536,0.03485826719262475
-29.20888,-14.95024,-1.0988779710779257,0.12753074116300414,0.005470024043098295,0.04289180783562414
-29.20293,-14.94221,-1.0988377869920534,0.13334786801093468,0.00519337817042119,0.038946090761611034
-29.19698,-14.93417,-1.0987991202420435,0.13704031968092534,0.004587085859569274,0.03347252743024468
-29.19103,-14.92613,-1.0987604534920328,0.13701496531209173,0.005314469466452955,0.03878751094340457
-29.18509,-14.91809,-1.098723902044178,0.13434930419158972,0.00404258313631279,0.03009009358580553
-29.17914,-14.91005,-1.0986852352941685,0.1352102214550847,0.006174529088820751,0.04566614137875559
-29.17319,-14.90201,-1.0986465685441587,0.13067170766590994,0.005581680250980699,0.042715292779761126
-29.16724,-14.89397,-1.0986079017941481,0.1313968346778404,0.007666208928518224,0.05834393916196142
-29.16129,-14.88594,-1.0985677177082764,0.12276758645685001,0.00433196254464521,0.03528588180046852
-29.15535,-14.8779,-1.0985311662604218,0.12147045621712771,0.00399948942746449,0.03292561460636508
-29.1494,-14.86986,-1.0984924995104122,0.11440937313952515,0.003684846851619268,0.032207560888612714
-29.14345,-14.86182,-1.0984538327604025,0.11297573265315206,0.0055152473702190724,0.0488179827711451
-29.1375,-14.85378,-1.0984151660103916,0.10665464747066142,0.00422427556630472,0.03960704635460667
-29.13155,-14.84574,-1.0983764992603822,0.10719638250210028,0.004931984474987667,0.0460088704475735
-29.1256,-14.8377,-1.0983378325103712,0.10490893347434398,0.005094924152681461,0.04856520778497335
-29.11966,-14.82967,-1.0982997637266558,0.1009404441082062,0.005647178823778257,0.05594565066233105
-29.11371,-14.82163,-1.0982610969766449,0.10128803034045838,0.0034461704480548304,0.03402347184036706
-29.10776,-14.81359,-1.0982224302266355,0.10159943191725082,0.004262198114921291,0.041951003411049605
-29.10181,-14.80555,-1.0981837634766245,0.10127794985961425,0.0038705995236701794,0.03821759355353643
-29.09586,-14.79751,-1.0981450967266135,0.0999835611612215,0.0043064976597733265,0.04307205714376572
-29.08991,-14.78947,-1.0981064299766041,0.1044466663205235,0.0043013225489649965,0.041181999392543536
-29.08397,-14.78144,-1.0980683611928888,0.10446070291985632,0.004340014335871474,0.04154686130344339
-29.07802,-14.7734,-1.0980296944428778,0.10316340116286819,0.006027594038730021,0.05842763975195057
-29.07207,-14.76536,-1.0979910276928684,0.10096349107256168,0.003138895662633101,0.031089412908446287
-29.06612,-14.75732,-1.0979523609428585,0.10070015121860636,0.004253698471662139,0.04224123221451711
-29.06017,-14.74928,-1.0979136941928476,0.10162677812914271,0.0029262409495958595,0.028793995081466864
-29.05423,-14.74124,-1.097877142744994,0.1012306303463695,0.0037178683866101597,0.036726713781087265
-29.04828,-14.7332,-1.097838475994983,0.1005668783769879,0.0031411680371424694,0.031234618075420384
-29.04233,-14.72517,-1.0977982919091118,0.09791185254518632,0.004652434302111954,0.047516558835048656
-29.03638,-14.71713,-1.0977596251591013,0.09837912473712021,0.0019065776952171072,0.019379900973013245
-29.03043,-14.70909,-1.0977209584090915,0.10138693656590328,0.004344618047237615,0.042851852461421765
-29.02448,-14.70105,-1.0976822916590805,0.10204927081374424,0.003484405466590548,0.034144344577925784
-29.01854,-14.69301,-1.0976457402112272,0.1036049254908562,0.005911819480427956,0.05706118171910381
-29.01259,-14.68497,-1.0976070734612162,0.10717658028466567,0.003491259121712396,0.03257483222957347
-29.00664,-14.67693,-1.0975684067112066,0.10893760914087744,0.0025960976938780886,0.023831050767057237
-29.00069,-14.6689,-1.0975282226253338,0.10687975101646759,0.003073436211667932,0.028756019568144296
-28.99474,-14.66086,-1.0974895558753244,0.10601001832680294,0.004473238855207766,0.04219637847262572
-28.98879,-14.65282,-1.0974508891253147,0.10897231498448423,0.004208529434679156,0.038620170960655266
-28.98285,-14.64478,-1.0974143376774599,0.10877840073200358,0.0030587121566017627,0.028118745412864507
-28.9769,-14.63674,-1.0973756709274503,0.1093650778888228,0.004029611370598774,0.03684550359571959
-28.97095,-14.6287,-1.0973370041774395,0.11002948058179438,0.0035599551566820255,0.032354557504573556
-28.965,-14.62066,-1.0972983374274297,0.10961616905403704,0.004169166122614448,0.03803422577703105
-28.95905,-14.61263,-1.0972581533415575,0.10700562722348836,0.004924116425987832,0.04601735958898206
-28.9531,-14.60459,-1.0972194865915477,0.10538271171905875,0.004877480362896393,0.04628349644199075
-28.94716,-14.59655,-1.0971829351436928,0.107722895094911,0.0038487778049309906,0.03572850322617084
-28.94121,-14.58851,-1.0971442683936832,0.10586035421755091,0.006568712242296728,0.06205072985867339
-28.93526,-14.58047,-1.0971056016436724,0.10651787220028301,0.005218079869453005,0.048987834263545686
-28.92931,-14.57243,-1.0970669348936626,0.10497059494149372,0.004433088755812267,0.0422317198286157
-28.92336,-14.56439,-1.0970282681436518,0.10369104747955489,0.005635264596498067,0.05434668405302002
-28.91742,-14.55636,-1.0969901993599365,0.10454868007621092,0.003964650954766333,0.03792157827221056
-28.91147,-14.54832,-1.0969515326099268,0.10587664226018187,0.0047513990278524555,0.044876744543676975
-28.90552,-14.54028,-1.096912865859916,0.10583741836479102,0.0029463854204447564,0.027838787698783587
-28.89957,-14.53224,-1.0968741991099065,0.10506578676915637,0.004004119238416122,0.03811059110244622
-28.89362,-14.5242,-1.0968355323598955,0.11068761117459139,0.007446198280416509,0.06727219244682554
-28.88767,-14.51616,-1.0967968656098859,0.11130806100013116,0.005388971397209611,0.04841492474838153
-28.88173,-14.50812,-1.0967603141620312,0.11418830250537755,0.0054555344447304085,0.04777664896519052
-28.87578,-14.50009,-1.0967201300761598,0.12258690714840925,0.00684765463788134,0.0558595921633887
-28.86983,-14.49205,-1.0966814633261488,0.12346084128946588,0.00537405432261615,0.043528411652534904
-28.86388,-14.48401,-1.0966427965761394,0.1231397629916315,0.006246201092607835,0.05072448525852956
-28.85793,-14.47597,-1.0966041298261286,0.12091504132128994,0.005088052067316224,0.042079562738571816
-28.85198,-14.46793,-1.0965654630761188,0.11730101791449994,0.004118582274380924,0.035111223650104516
-28.84604,-14.45989,-1.0965289116282642,0.11560229293999254,0.0025348741331824264,0.021927541995194182
-28.84009,-14.45185,-1.0964902448782543,0.11065004975553705,0.004247129682752056,0.038383441237806806
-28.83414,-14.44382,-1.0964500607923828,0.11219891901455606,0.005474787904289057,0.04879537122437685
-28.82819,-14.43578,-1.0964113940423725,0.10912454685753836,0.0026148965331013797,0.023962496142276
-28.82224,-14.42774,-1.0963727272923627,0.10824201130739997,0.0045792070512749045,0.04230526572783526
-28.81629,-14.4197,-1.0963340605423517,0.10671823495321306,0.004218867092953883,0.03953276677414595
-28.81035,-14.41166,-1.0962975090944982,0.1040579062834637,0.004507530435475793,0.043317519989272586
-28.8044,-14.40362,-1.0962588423444883,0.10504672473252337,0.003704364598356141,0.03526397046446168
-28.79845,-14.39558,-1.0962201755944776,0.10438949257931751,0.0024844695225734814,0.023799996160396363
-28.7925,-14.38755,-1.0961799915086055,0.10232096682831546,0.004790823057973149,0.0468215186630486
-28.78655,-14.37951,-1.0961413247585956,0.10464235948500882,0.0036873649995422674,0.035237785326032556
-28.78061,-14.37147,-1.0961047733107405,0.10505525144041665,0.004652110881194943,0.044282516270340314
-28.77466,-14.36343,-1.0960661065607311,0.10296732540166784,0.0026835820019170185,0.02606246196498322
-28.76871,-14.35539,-1.0960274398107201,0.10403474326942688,0.004162101551277199,0.04000684214213208
-28.76276,-14.34735,-1.0959887730607105,0.10457142117971234,0.0036535325635200775,0.03493815539946866
-28.75681,-14.33931,-1.0959501063107009,0.10338086513287612,0.004215920493760578,0.04078047217289029
-28.75086,-14.33128,-1.0959099222248285,0.10511764908827888,0.002678020754969132,0.025476414076955837
-28.74492,-14.32324,-1.0958733707769746,0.10191423510370146,0.004246039188871307,0.04166286666971308
-28.73897,-14.3152,-1.0958347040269638,0.10379918400080276,0.007255958846311184,0.06990381394766136
-28.73302,-14.30716,-1.0957960372769542,0.10516479697902921,0.004303951623224999,0.0409257826464805
-28.72707,-14.29912,-1.0957573705269443,0.10852948792984804,0.0029714407904696772,0.027379110020222114
-28.72112,-14.29108,-1.095718703776934,0.1105117594232963,0.004432917862459397,0.04011263494122709
-28.71517,-14.28305,-1.0956785196910626,0.11604097114551395,0.006343172552810046,0.05466321498512612
-28.70923,-14.27501,-1.0956419682432075,0.11260900801845178,0.003642540863136561,0.03234679824672379
-28.70328,-14.26697,-1.0956033014931967,0.11366008692782084,0.006089028322703223,0.05357226522772259
-28.69733,-14.25893,-1.095564634743187,0.11919882100728385,0.0036721061119581342,0.030806564032489415
-28.69138,-14.25089,-1.0955259679931766,0.1264307407413277,0.0070269955807663285,0.05557980234524833
-28.68543,-14.24285,-1.0954873012431667,0.12507105965108628,0.00415965653767812,0.03325834568990151
-28.67949,-14.23481,-1.0954507497953132,0.12354566883095328,0.00310068969575484,0.02509751839214609
-28.67354,-14.22678,-1.0954105657094404,0.12416607313949915,0.0030574740974867887,0.024624070168118725
-28.66759,-14.21874,-1.095371898959431,0.12209014757613845,0.0038364812056937707,0.03142334809040382
-28.66164,-14.2107,-1.0953332322094202,0.1180446382701222,0.0032862255510349657,0.027838837910749304
-28.65569,-14.20266,-1.0952945654594106,0.11688379669374727,0.003539327679589709,0.030280738474497606
-28.64974,-14.19462,-1.0952558987094008,0.11085696289359144,0.003368313294210873,0.03038431873191425
-28.6438,-14.18658,-1.0952193472615461,0.10880302930247061,0.0036669623198192338,0.033702759411460316
-28.63785,-14.17854,-1.0951806805115363,0.10344185137227135,0.0035804112837334538,0.03461279198153659
-28.6319,-14.17051,-1.095140496425664,0.1075160665648435,0.004427474105279723,0.04117965106740108
-28.62595,-14.16247,-1.095101829675653,0.10567517106800292,0.005649110476067834,0.053457310917742265
-28.62,-14.15443,-1.0950631629256435,0.1058530846483178,0.005592161279647754,0.052829459795403544
-28.61405,-14.14639,-1.0950244961756326,0.1036633495377532,0.005660158585413444,0.05460134763783672
-28.60811,-14.13835,-1.0949879447277786,0.10468790236214516,0.004699020574638812,0.04488599416562543
-28.60216,-14.13031,-1.0949492779777692,0.1010879542773736,0.0044151508991690435,0.04367633048596851
-28.59621,-14.12227,-1.0949106112277582,0.10123495745365704,0.004959072945668052,0.04898577596516695
-28.59026,-14.11424,-1.094870427141887,0.10098412615644763,0.003896635585958372,0.03858661488956777
-28.58431,-14.1062,-1.0948317603918765,0.09704564284197376,0.004400640805347841,0.04534609361611128
-28.57836,-14.09816,-1.0947930936418666,0.10183584297654791,0.00374634430388941,0.03678807180642839
-28.57242,-14.09012,-1.0947565421940126,0.10005286378241898,0.0029034503730435575,0.029019163103192892
-28.56647,-14.08208,-1.0947178754440021,0.1017436894625567,0.004678536134374765,0.045983551010272156
-28.56052,-14.07404,-1.0946792086939925,0.10475481269500206,0.0032334420635706323,0.0308667638305548
-28.55457,-14.066,-1.0946405419439817,0.10553879380677952,0.003557422848268367,0.0337072532284318
-28.54862,-14.05797,-1.0946003578581103,0.10560667346615767,0.0037063377651440684,0.03509567760726587
-28.54268,-14.04993,-1.0945638064102554,0.11001237342541421,0.0025131817847687536,0.0228445374508044
-28.53673,-14.04189,-1.0945251396602445,0.10749753395568602,0.004186682050633097,0.03894677297768508
-28.53078,-14.03385,-1.0944864729102353,0.1116884783891198,0.005278624026203284,0.047262028298144534
-28.52483,-14.02581,-1.0944478061602254,0.11780765527590734,0.0032025188275073284,0.02718430156348482
-28.51888,-14.01777,-1.0944091394102147,0.11712557371289026,0.007950495596726339,0.06788009949232246
-28.51293,-14.00973,-1.094370472660205,0.115388542369201,0.0036643579813797483,0.03175668836906828
-28.50699,-14.0017,-1.0943324038764883,0.11852164721043654,0.003860289980111791,0.03257033690442896
-28.50104,-13.99366,-1.0942937371264787,0.11988688982076516,0.0037948036789759005,0.0316531998173383
-28.49509,-13.98562,-1.094255070376469,0.11808174316483529,0.0022775934946647073,0.01928827804892174
-28.48914,-13.97758,-1.0942164036264583,0.12295507123402363,0.004738416170140125,0.038537785571457824
-28.48319,-13.96954,-1.0941777368764487,0.12087220385570918,0.004627341512884677,0.038282924984213505
-28.47724,-13.9615,-1.094139070126438,0.11905754959248523,0.0054029512620425955,0.04538100507305942
-28.4713,-13.95346,-1.0941025186785842,0.12364457161594733,0.002291536568494785,0.01853325656392366
-28.46535,-13.94543,-1.0940623345927116,0.12600773222906136,0.005694639845045736,0.04519278098500984
-28.4594,-13.93739,-1.0940236678427009,0.12615853794672427,0.005342866026674796,0.04235041174090845
-28.45345,-13.92935,-1.0939850010926913,0.12702281400624246,0.00430466128187925,0.03388888299756688
-28.4475,-13.92131,-1.0939463343426814,0.12622501371994022,0.0061587400113891555,0.048791755531544356
-28.44156,-13.91327,-1.0939097828948265,0.12055274329313304,0.004591399779049676,0.03808623224678797
-28.43561,-13.90523,-1.093871116144817,0.11836791759252925,0.0066365609703578,0.05606722755065739
-28.42966,-13.89719,-1.0938324493948062,0.120091320692201,0.004538903597882888,0.037795434105652684
-28.42371,-13.88916,-1.093792265308935,0.11606184582314419,0.004231780137611646,0.03646142371421579
-28.41776,-13.88112,-1.0937535985589253,0.11748624481966767,0.005327834916460957,0.04534858463336514
-28.41181,-13.87308,-1.0937149318089143,0.11918936304164637,0.0037425207737468943,0.03139978835560357
-28.40587,-13.86504,-1.0936783803610606,0.1219664774427536,0.006330845895646214,0.051906442068212315
-28.39992,-13.857,-1.0936397136110498,0.11917114812448779,0.0048087537931972915,0.040351661193815155
-28.39397,-13.84896,-1.0936010468610404,0.12253233578919687,0.0037615676065968226,0.03069857097205898
-28.38802,-13.84092,-1.0935623801110295,0.12818027795533674,0.004144201794772512,0.03233104078785445
-28.38207,-13.83289,-1.093522196025158,0.13262560736340623,0.004490399495315001,0.03385771107544034
-28.37612,-13.82485,-1.0934835292751472,0.1379749075754464,0.003465056168545867,0.025113669068059577
-28.37018,-13.81681,-1.0934469778272937,0.14348271489525496,0.007002430588414913,0.048803304241398116
-28.36423,-13.80877,-1.0934083110772828,0.14900279047340853,0.006312496297500792,0.04236495355184196
-28.35828,-13.80073,-1.0933696443272733,0.16769571079299425,0.00983699590144256,0.05865979430795028
-28.35233,-13.79269,-1.0933309775772624,0.15922468160443073,0.016128901339632733,0.10129648982249191
-28.34638,-13.78465,-1.093292310827253,0.15666819901309822,0.011703426144821954,0.07470198941805344
-28.34043,-13.77662,-1.0932521267413817,0.15841803721122244,0.0071730472296599465,0.04527923307177425
-28.33449,-13.76858,-1.0932155752935266,0.15808015940891956,0.004416389442104319,0.02793765807561001
-28.32854,-13.76054,-1.0931769085435168,0.1586780988364052,0.010715345793805203,0.06752882642520545
-28.32259,-13.7525,-1.0931382417935074,0.14258034587401416,0.007357037210012487,0.05159923806408255
-28.31664,-13.74446,-1.0930995750434964,0.1342690209482604,0.007464816614034332,0.05559597114297009
-28.31069,-13.73642,-1.0930609082934855,0.1229784708059281,0.004757880277597,0.03868872532254361
-28.30475,-13.72839,-1.0930228395097705,0.11456279520121108,0.0030981464901035692,0.027043216645178517
-28.2988,-13.72035,-1.0929841727597596,0.114277000520425,0.003577363931192466,0.03130432120987526
-28.29285,-13.71231,-1.0929455060097497,0.10817639617938772,0.0035678083434464553,0.032981393995876865
-28.2869,-13.70427,-1.0929068392597392,0.10402001212025055,0.0047155864103903804,0.04533345376790581
-28.28095,-13.69623,-1.0928681725097293,0.10392519142744294,0.0029033752086287585,0.027937164885145263
-28.275,-13.68819,-1.0928295057597184,0.10136321054567024,0.0029624566387760065,0.029226152396201393
-28.26906,-13.68015,-1.0927929543118649,0.1023142319348889,0.005195375395663542,0.050778618941007096
-28.26311,-13.67212,-1.0927527702259936,0.100295264884419,0.002692661974021985,0.026847348946383742
-28.25716,-13.66408,-1.0927141034759826,0.1021057514630129,0.004018725299042171,0.03935846160926524
-28.25121,-13.65604,-1.092675436725973,0.10130175110340571,0.004418718697788949,0.043619371330298695
-28.24526,-13.648,-1.0926367699759623,0.1048843838483386,0.0030665981967603223,0.029237891135391342
-28.23931,-13.63996,-1.0925981032259524,0.10389063434954993,0.004442207629336366,0.04275849942729328
-28.23337,-13.63192,-1.092561551778098,0.10297554726640053,0.005172929924886767,0.05023454657156866
-28.22742,-13.62388,-1.0925228850280884,0.10485055971460748,0.003011629216196723,0.02872306284672271
-28.22147,-13.61585,-1.0924827009422156,0.1051886720136083,0.0025131361337394965,0.023891699416210624
-28.21552,-13.60781,-1.0924440341922057,0.10695421619657611,0.0035878067030299635,0.033545257313052225
-28.20957,-13.59977,-1.0924053674421952,0.10415807974335026,0.004405682112551598,0.04229803509633989
-28.20362,-13.59173,-1.0923667006921858,0.10462853665282475,0.0049709971424061715,0.04751091147246744
-28.19768,-13.58369,-1.0923301492443307,0.10622508053770856,0.0027279971624025495,0.02568129060099084
-28.19173,-13.57565,-1.0922914824943213,0.11105552786290078,0.005742968174551341,0.051712582750865814
-28.18578,-13.56761,-1.0922528157443114,0.11163649921966017,0.00442490200105485,0.03963669617002453
-28.17983,-13.55958,-1.092212631658439,0.11421466174541879,0.0038089580791819187,0.03334911666307761
-28.17388,-13.55154,-1.0921739649084294,0.11894341141536553,0.00575492176068865,0.04838369517241885
-28.16794,-13.5435,-1.0921374134605757,0.11692720161631114,0.004260450502241613,0.036436778126461955
-28.16199,-13.53546,-1.0920987467105647,0.1216830271328991,0.005954022133238993,0.04893058854244448
-28.15604,-13.52742,-1.092060079960555,0.1260913262127173,0.005257268081342855,0.041694129479404415
-28.15009,-13.51938,-1.0920214132105444,0.12545654817557877,0.007908216402957882,0.06303550127881874
-28.14414,-13.51134,-1.0919827464605334,0.12850440257592918,0.003119650079800009,0.024276600779935976
-28.13819,-13.50331,-1.0919425623746621,0.1265865547004071,0.004477880742919992,0.03537406285776408
-28.1356,-13.4998,-1.0919272840037155,0.12795382196275945,0.004950884228241034,0.03869274205566109
-28.12849,-13.49277,-1.091489991281579,0.13034620639149486,0.005483515622506442,0.042068854739329364
-28.12138,-13.48574,-1.0910526985594415,0.12878796825571248,0.006361572988864723,0.04939570889288061
-28.11426,-13.47871,-1.0906132905351489,0.12571142749817776,0.00458718447200897,0.0364897970160705
-28.10715,-13.47168,-1.090175997813012,0.12495304062143031,0.00487107009454321,0.03898320577328782
-28.10004,-13.46465,-1.0897387050908742,0.12595168644517982,0.004251168933626551,0.0337523780237501
-28.09293,-13.45762,-1.0893014123687377,0.1197278373064399,0.003838190867044423,0.03205763131944566
-28.08582,-13.45059,-1.0888641196465998,0.11910736352520575,0.005403993482758558,0.04537077576748606
-28.0787,-13.44356,-1.0884247116223085,0.11987167077858066,0.004995219324607652,0.04167139151530226
-28.07159,-13.43653,-1.0879874189001708,0.11655792778978605,0.004257717302009041,0.036528766277381816
-28.06448,-13.4295,-1.087550126178034,0.11180393494297394,0.00695816672416565,0.06223543677344354
-28.05737,-13.42247,-1.0871128334558962,0.11286310687505974,0.004929040031616521,0.043672730337585015
-28.05026,-13.41544,-1.0866755407337596,0.1106531689878983,0.007664563168072353,0.06926654914791094
-28.04314,-13.40841,-1.0862361327094672,0.1099114085532557,0.00643630585361826,0.05855903348285868
-28.03603,-13.40138,-1.0857988399873293,0.10526656256529895,0.004902400491339894,0.04657129834840799
-28.02892,-13.39435,-1.0853615472651927,0.10249093652174504,0.003594517011451958,0.035071559822163645
-28.02181,-13.38732,-1.0849242545430549,0.10546486762344834,0.00396907421695156,0.03763408902311184
-28.0147,-13.38029,-1.0844869618209183,0.10255566138353792,0.004514561988563207,0.044020602350558075
-28.00759,-13.37326,-1.0840496690987815,0.10157972714835126,0.004846428743765766,0.047710590290204656
-28.00047,-13.36623,-1.083610261074488,0.10240549585217487,0.0029389134146703146,0.028698786038912565
-27.99336,-13.3592,-1.0831729683523514,0.10821207740710422,0.004422466615360528,0.04086851228927788
-27.98625,-13.35217,-1.0827356756302136,0.11222021969735056,0.004861461081810974,0.043320723261119666
-27.97914,-13.34514,-1.0822983829080768,0.11527970768029827,0.003155392394374102,0.027371620364659982
-27.97203,-13.33811,-1.0818610901859402,0.11796992731114271,0.0023718676289856354,0.020105697130166862
-27.96491,-13.33108,-1.0814216821616467,0.11739979152729751,0.002696305097407737,0.022966864440988367
-27.9578,-13.32405,-1.08098438943951,0.12091325990580333,0.003893510186175223,0.03220085364672523
-27.95069,-13.31702,-1.0805470967173734,0.11874989868373939,0.004829498858423931,0.04066949876973025
-27.94358,-13.30999,-1.0801098039952355,0.1274276497503742,0.004999969716424578,0.03923771431254773
-27.93647,-13.30296,-1.079672511273099,0.12136183272422332,0.005194696001732165,0.0428033747111939
-27.92935,-13.29593,-1.0792331032488052,0.12249924323402021,0.006387244470134828,0.052141093295839866
-27.92224,-13.2889,-1.0787958105266686,0.12212218011641444,0.005599454468956656,0.045851248836361325
-27.91513,-13.28187,-1.078358517804532,0.11826080914692408,0.00504220374157652,0.04263630342079108
-27.90802,-13.27484,-1.0779212250823942,0.11265072662120088,0.00485408246598091,0.04308966849635368
-27.90091,-13.26781,-1.0774839323602574,0.1094874602587849,0.006451062211722946,0.0589205576280169
-27.89379,-13.26078,-1.0770445243359639,0.10582476475170517,0.0037288709905398012,0.03523627951631914
-27.88668,-13.25375,-1.0766072316138273,0.10686414012903234,0.004941527986989767,0.04624121787742038
-27.87957,-13.24672,-1.0761699388916905,0.10619396243271391,0.003800281672050065,0.035786231015327075
-27.87246,-13.23969,-1.075732646169554,0.10453770953104913,0.004892508936797753,0.04680137874404653
-27.86535,-13.23266,-1.0752953534474163,0.09991464336566666,0.0042383790120637714,0.04241999840355925
-27.85823,-13.22563,-1.0748559454231232,0.10058853661067473,0.0027923952501643402,0.02776057137576454
-27.85112,-13.2186,-1.0744186527009867,0.10031155419139012,0.0032311401349648682,0.03221104648423642
-27.84401,-13.21157,-1.073981359978849,0.10050609426984514,0.005879604914919867,0.05849998408189986
-27.8369,-13.20454,-1.0735440672567127,0.09947847340012025,0.004833339717517287,0.04858679021014655
-27.82979,-13.19751,-1.0731067745345746,0.10167683142595567,0.004747065167460994,0.046687776368384955
-27.82267,-13.19048,-1.072667366510282,0.10525249471527472,0.004906431988302588,0.04661582608160778
-27.81556,-13.18345,-1.0722300737881454,0.10352005394118816,0.003154358012029481,0.03047098501147938
-27.80845,-13.17642,-1.0717927810660075,0.10588457531185949,0.00494364912332907,0.04668903953922136
-27.80134,-13.16939,-1.071355488343871,0.09960272024665202,0.0027695182320073763,0.02780564853197841
-27.79423,-13.16236,-1.0709181956217333,0.10079114131702396,0.0028590715964237545,0.02836629845703362
-27.78711,-13.15533,-1.0704787875974409,0.1002205850768058,0.004201866588826438,0.04192618298532447
-27.78,-13.1483,-1.0700414948753039,0.10168234068133304,0.003390685012971905,0.0333458591752734
-27.77289,-13.14127,-1.0696042021531662,0.09901863434141582,0.003314412865863547,0.03347261743113388
-27.76578,-13.13424,-1.0691669094310297,0.09927081857935896,0.0023709609434717886,0.02388376541467116
-27.75867,-13.12721,-1.0687296167088918,0.09672141487247479,0.0037633177137099414,0.0389088364626572
-27.75156,-13.12018,-1.0682923239867552,0.09654006727139146,0.003204241592493184,0.0331907951077503
-27.74444,-13.11315,-1.0678529159624628,0.09517280637322566,0.0034512989304365683,0.036263498597510095
-27.73733,-13.10612,-1.067415623240325,0.09510118294023959,0.004355619480290102,0.045799845444899664
-27.73022,-13.09909,-1.0669783305181881,0.08996623371608267,0.004107237784833431,0.04565310356099976
-27.72311,-13.09206,-1.0665410377960505,0.0919417898480895,0.004506135457560995,0.049010743264909694
-27.716,-13.08503,-1.066103745073915,0.09188785476707562,0.0026273334051548215,0.02859282558957098
-27.70888,-13.078,-1.0656643370496213,0.09282230909897327,0.003924510409328732,0.04227981880028604
-27.70177,-13.07097,-1.0652270443274834,0.09145194089687698,0.0033499030449324852,0.03663020174399472
-27.69466,-13.06394,-1.0647897516053468,0.09429727325204786,0.004285210085906757,0.045443626714982394
-27.68755,-13.05691,-1.0643524588832103,0.09598937076008011,0.003118406792541222,0.032487001090313425
-27.68044,-13.04988,-1.0639151661610735,0.09479708066275436,0.004384129825903813,0.046247519388287785
-27.67332,-13.04285,-1.06347575813678,0.09336493530616988,0.002678580713448795,0.028689365066927704
-27.66621,-13.03582,-1.0630384654146434,0.09811716296707337,0.003409181767291869,0.03474602877007297
-27.6591,-13.02879,-1.0626011726925055,0.09782614215199585,0.003697410206415476,0.03779572745157099
-27.65199,-13.02176,-1.0621638799703688,0.094546863513889,0.004227869807998432,0.04471718733829129
-27.64488,-13.01473,-1.0617265872482322,0.09381564454481792,0.005033561170199687,0.05365375033793044
-27.63776,-13.0077,-1.0612871792239387,0.09183060012855035,0.003232173062733969,0.03519712446841648
-27.63065,-13.00067,-1.060849886501802,0.09358543983469135,0.0045000852354112235,0.04808531373427471
-27.62354,-12.99364,-1.0604125937796642,0.09465432449898847,0.0026676553141711692,0.02818313192018688
-27.61643,-12.98661,-1.0599753010575275,0.09632113280962507,0.0030605241471179582,0.03177417102399495
-27.60932,-12.97958,-1.059538008335391,0.09161195305392211,0.0023711861212370173,0.025882933855163583
-27.6022,-12.97255,-1.0590986003110971,0.09015721236213928,0.0023341429552297993,0.025889697497013583
-27.59509,-12.96552,-1.0586613075889606,0.09033428734103169,0.004389258219181911,0.0485890612344292
-27.58798,-12.95849,-1.058224014866824,0.09104453283189233,0.0042269210837319205,0.046426962193728306
-27.58087,-12.95146,-1.0577867221446857,0.09077492445906757,0.004790214435301587,0.05277023873990225
-27.57376,-12.94443,-1.0573494294225494,0.09399199783160718,0.0049867009717159795,0.05305452684014634
-27.56664,-12.9374,-1.0569100213982556,0.09262628784204655,0.00484571874527994,0.052314724665887845
-27.55953,-12.93037,-1.0564727286761193,0.09245800428821559,0.0050224019708702185,0.054320899629350515
-27.55242,-12.92334,-1.0560354359539823,0.09874171030006235,0.004267659846547224,0.04322043676961234
-27.54531,-12.91631,-1.0555981432318449,0.10174831392339648,0.005858693806002358,0.05758025445427241
-27.5382,-12.90928,-1.0551608505097079,0.105722520182891,0.005205885757207719,0.04924102970873167
-27.53108,-12.90225,-1.054721442485414,0.10838454229263268,0.0028591458087243505,0.026379645549499155
-27.52397,-12.89522,-1.0542841497632776,0.10620902178907277,0.003984918453022921,0.037519585303561344
-27.51686,-12.88819,-1.053846857041141,0.11017301929827603,0.003372943548918593,0.030614968804538994
-27.50975,-12.88116,-1.0534095643190047,0.11395730166775705,0.007683028720911437,0.06742024081362805
-27.50264,-12.87413,-1.0529722715968666,0.11982587572136905,0.00531677280991554,0.04437082372991477
-27.49553,-12.8671,-1.0525349788747287,0.11763428763579034,0.006527892077089108,0.05549310671477209
-27.48841,-12.86007,-1.0520955708504363,0.1151461795824317,0.0071844103942074935,0.062393823401359697
-27.4813,-12.85304,-1.0516582781282995,0.11318573452303198,0.00792125734253166,0.06998459104331542
-27.47419,-12.84601,-1.051220985406163,0.11276570558547241,0.007594426585789168,0.06734695221707154
-27.46708,-12.83898,-1.0507836926840253,0.10740129822526856,0.005572029568004711,0.05188046755559391
-27.45997,-12.83195,-1.0503463999618885,0.11157725457378746,0.005277969674051644,0.0473032760504181
-27.45285,-12.82492,-1.0499069919375958,0.1042729322940961,0.00396145715926831,0.03799123197279268
-27.44574,-12.81789,-1.0494696992154582,0.10216774644848883,0.004154919780078505,0.04066762676588293
-27.43863,-12.81086,-1.0490324064933216,0.09649177596816702,0.0046929699179335555,0.04863595752949747
-27.43152,-12.80383,-1.048595113771184,0.09232637486943,0.0016141712754807944,0.017483316958600302
-27.42441,-12.7968,-1.0481578210490472,0.09011589936823257,0.0022933078248523974,0.025448426314666827
-27.41729,-12.78977,-1.0477184130247545,0.09053486343273862,0.0022012978383186897,0.024314366365108704
-27.41018,-12.78274,-1.0472811203026169,0.09445997254141514,0.0026390506613901024,0.02793829587694443
-27.40307,-12.77571,-1.0468438275804801,0.0926491139110539,0.0040244252594384446,0.04343727737430949
-27.39596,-12.76868,-1.0464065348583425,0.09472799376390825,0.004388952897473727,0.04633216352509659
-27.38885,-12.76165,-1.045969242136206,0.09265869482012834,0.0015992810809274264,0.017259913751558834
-27.38173,-12.75462,-1.0455298341119135,0.089182058948864,0.0033812710227602554,0.037914251617570734
-27.37462,-12.74759,-1.0450925413897754,0.08898703979144935,0.003887343111234915,0.04368437381831466
-27.36751,-12.74056,-1.0446552486676388,0.09051548937901319,0.0021322648700944236,0.023556905947511874
-27.3604,-12.73353,-1.0442179559455012,0.09148134577534685,0.004056328605427659,0.04434049992431126
-27.35329,-12.72651,-1.0437791458875028,0.0881465991144329,0.0039076245281151525,0.0443309732578818
-27.34617,-12.71948,-1.04333973786321,0.09041568349511371,0.00484698586128791,0.05360779981882074
-27.33906,-12.71245,-1.0429024451410722,0.09023055109548199,0.003612527482285925,0.04003663325144881
-27.33195,-12.70542,-1.0424651524189357,0.09055724318987626,0.002962590450103808,0.032715113068227844
-27.32484,-12.69839,-1.042027859696798,0.08919939161063323,0.0038770538619521387,0.04346502584766469
-27.31773,-12.69136,-1.0415905669746623,0.08718614010328792,0.003412686270412976,0.03914253190208932
-27.31061,-12.68433,-1.0411511589503688,0.08466661260418049,0.0034778860816643384,0.04107742089462801
-27.3035,-12.6773,-1.040713866228232,0.08501558155164766,0.003533679181491667,0.041565076859998044
-27.29639,-12.67027,-1.0402765735060944,0.082321495008957,0.004667910472659927,0.05670342201817441
-27.28928,-12.66324,-1.0398392807839576,0.08220622857188083,0.003467485527273638,0.042180326083706435
-27.28217,-12.65621,-1.039401988061821,0.08335431151643255,0.003851530072062945,0.04620672886613251
-27.27505,-12.64918,-1.0389625800375275,0.08508218121556742,0.0035423371424830453,0.04163430100020645
-27.26794,-12.64215,-1.0385252873153907,0.08384322887663727,0.003513678483721578,0.04190771909430431
-27.26083,-12.63512,-1.0380879945932528,0.08319602645547729,0.002673476362653148,0.03213466407658148
-27.25372,-12.62809,-1.0376507018711163,0.08261469933302291,0.0019903163156143973,0.024091551887048073
-27.24661,-12.62106,-1.0372134091489797,0.08215895171960555,0.004278440746869878,0.052075162320369725
-27.2395,-12.61403,-1.0367761164268419,0.07981545279147757,0.0030219329261774166,0.0378615020085445
-27.23238,-12.607,-1.0363367084025494,0.07960969512023831,0.0034576145222088308,0.04343207842947559
-27.22527,-12.59997,-1.0358994156804116,0.08114527444188548,0.003233994757627279,0.039854381907887905
-27.21816,-12.59294,-1.035462122958275,0.08275238159309606,0.0032349959747449957,0.039092481841210086
-27.21105,-12.58591,-1.0350248302361382,0.08265450350787532,0.003396981959724032,0.041098570743944615
-27.20394,-12.57888,-1.0345875375140006,0.08329552275867762,0.0032262210291655997,0.038732226202752254
-27.19682,-12.57185,-1.0341481294897081,0.08569277693862178,0.002365718754639644,0.027606979714686
-27.18971,-12.56482,-1.0337108367675714,0.08066265117519708,0.0036545661674441655,0.045306794584603315
-27.1826,-12.55779,-1.0332735440454333,0.08465735500695319,0.003375181943858017,0.03986873844075098
-27.17549,-12.55076,-1.032836251323297,0.08316050064577632,0.0028495711822236346,0.03426592144221732
-27.16838,-12.54373,-1.0323989586011593,0.08128723885529235,0.004593861091547421,0.05651392710884692
-27.16126,-12.5367,-1.0319595505768664,0.08310569059547167,0.003377681368663813,0.0406432019812595
-27.15415,-12.52967,-1.03152225785473,0.0810310339726433,0.003926318068927938,0.04845449794276959
-27.14704,-12.52264,-1.031084965132592,0.07957678715360182,0.0028714794630654646,0.03608438548194761
-27.13993,-12.51561,-1.0306476724104552,0.08089246855387719,0.0035256540351153516,0.043584453511480416
-27.13282,-12.50858,-1.0302103796883175,0.0841254295423999,0.002736014801246133,0.03252304108435083
-27.1257,-12.50155,-1.029770971664025,0.08560900047813438,0.0045827089114894,0.05353069053364175
-27.11859,-12.49452,-1.0293336789418888,0.08306935066224794,0.003784319520817551,0.04555614664913216
-27.11148,-12.48749,-1.0288963862197518,0.08531971440479375,0.0040174261433315005,0.04708672750908527
-27.10437,-12.48046,-1.0284590934976139,0.08547679806440665,0.002371603622769951,0.02774558332172142
-27.09726,-12.47343,-1.0280218007754773,0.08921335522758847,0.0033146141449542465,0.037153788650796424
-27.09014,-12.4664,-1.0275823927511847,0.08956377406840631,0.0036328759437526626,0.04056188991073527
-27.08303,-12.45937,-1.027145100029047,0.09072189883017134,0.004234491508005102,0.04667551674521212
-27.07592,-12.45234,-1.0267078073069105,0.09204363137863247,0.004493318379227483,0.04881726537650043
-27.06881,-12.44531,-1.0262705145847728,0.09392282641347222,0.0039483981667845355,0.04203874944523795
-27.0617,-12.43828,-1.0258332218626358,0.09863343155904454,0.003913283915288898,0.039675025530732995
-27.05458,-12.43125,-1.0253938138383434,0.09575257132653353,0.004744398568083315,0.04954852389189697
-27.04747,-12.42422,-1.0249565211162057,0.09318996077558614,0.003668554497154259,0.03936641314817835
-27.04036,-12.41719,-1.024519228394069,0.09498858532855128,0.0034595245491611834,0.03642042396141817
-27.03325,-12.41016,-1.0240819356719313,0.0940325120440668,0.004252068385886473,0.04521912999510011
-27.02614,-12.40313,-1.0236446429497945,0.09309418133593497,0.004458728454867947,0.047894813519852586
-27.01902,-12.3961,-1.023205234925502,0.0958809126749552,0.004781986752991147,0.04987423064278191
-27.01191,-12.38907,-1.0227679422033642,0.09207920180722436,0.0034861687671861276,0.037860545039092745
-27.0048,-12.38204,-1.0223306494812276,0.09254986908864024,0.0033552610324891832,0.036253547039333575
-26.99769,-12.37501,-1.02189335675909,0.08915884639486107,0.0035917025007980072,0.04028430880421335
-26.99058,-12.36798,-1.0214560640369534,0.0836779185708078,0.0027981852403059955,0.0334399479348687
-26.98347,-12.36095,-1.0210187713148164,0.08261892987622452,0.003102532412889084,0.0375523190331458
-26.97635,-12.35392,-1.020579363290523,0.08311249503777443,0.0025137825936917824,0.03024554361590606
-26.96924,-12.34689,-1.0201420705683863,0.08169771565871178,0.003260355344602729,0.039907545986018804
-26.96213,-12.33986,-1.0197047778462485,0.0797566251909174,0.0037341596290035384,0.04681942873165577
-26.95502,-12.33283,-1.019267485124113,0.08088119567110283,0.003642815046679443,0.04503908499934485
-26.94791,-12.3258,-1.0188301924019754,0.07772451547693926,0.0031648768418975973,0.040719158202235574
-26.94079,-12.31877,-1.0183907843776816,0.07795385727856342,0.0036315087443663414,0.04658536307432951
-26.93368,-12.31174,-1.0179534916555448,0.07924469038939451,0.003300472504611249,0.041649131170723316
-26.92657,-12.30471,-1.0175161989334083,0.0850374750926525,0.0037817519183501003,0.04447159225070707
-26.91946,-12.29768,-1.0170789062112717,0.08295111875777192,0.003083159708386846,0.03716839211524168
-26.91235,-12.29065,-1.0166416134891338,0.08290480003582366,0.005075605763062517,0.06122209764536332
-26.90523,-12.28362,-1.016202205464841,0.08499849926076157,0.005601636134756487,0.0659027651484949
-26.89812,-12.27659,-1.0157649127427035,0.08361037594743224,0.002595489708438341,0.03104267477603718
-26.89101,-12.26956,-1.015327620020567,0.08490426926691141,0.0035224508396152834,0.04148732295830547
-26.8839,-12.26253,-1.0148903272984302,0.08596294748839155,0.004503192637215354,0.05238527492119167
-26.87679,-12.2555,-1.0144530345762925,0.08566660541617536,0.002372850280835769,0.027698661214697003
-26.86967,-12.24847,-1.0140136265520001,0.08163215102453995,0.004319653653166372,0.05291608268251824
-26.86256,-12.24144,-1.0135763338298618,0.08633337603509837,0.003982044335462713,0.04612404284808501
-26.85545,-12.23441,-1.0131390411077252,0.08581321537727751,0.002858604221353325,0.03331193463367479
-26.84834,-12.22738,-1.012701748385589,0.08328582847453715,0.00268428067819681,0.03222974096988747
-26.84123,-12.22035,-1.0122644556634512,0.08274391160996493,0.003137591505109444,0.03791930359661146
-26.83411,-12.21332,-1.0118250476391584,0.08460428590217726,0.004066182655693903,0.048061189954317206
-26.827,-12.20629,-1.0113877549170218,0.08357433851902166,0.004922085827953614,0.05889470279005965
-26.81989,-12.19926,-1.010950462194884,0.08166167317551491,0.00346029847831422,0.04237359269968694
-26.81278,-12.19223,-1.0105131694727472,0.08195872762504527,0.002621091978144129,0.03198063286359713
-26.80567,-12.1852,-1.0100758767506095,0.07893210661826887,0.002786137156240015,0.035297894299392264
-26.79855,-12.17817,-1.009636468726317,0.07837711156366135,0.005002961663333634,0.06383192189048721
-26.79144,-12.17114,-1.0091991760041805,0.07684781223606889,0.0037742578492094402,0.049113406607013
-26.7911,-12.1708,-1.0091788451501738,0.07862661197121805,0.004109111309481731,0.05226107556288839
-26.78377,-12.164,-1.0086601170557867,0.07741897277272854,0.0039445986924291935,0.050951317889595026
-26.77644,-12.15719,-1.00814290629726,0.0768541334742729,0.005325136527017478,0.06928887603423542
-26.76912,-12.15039,-1.0076262935050277,0.08034374722750373,0.003911776062992809,0.048687996240903586
-26.76179,-12.14358,-1.0071090827465015,0.07929751635288904,0.003158839290639196,0.039835286600676874
-26.75446,-12.13678,-1.0065903546521133,0.08273220641301385,0.0028569997745541338,0.03453310262621891
-26.74713,-12.12997,-1.006073143893587,0.07815423184112609,0.00445859543933354,0.057048675859255916
-26.73981,-12.12317,-1.0055565311013548,0.07922852453290921,0.0032562642218036866,0.04109964486907906
-26.73248,-12.11636,-1.005039320342828,0.08424038080203365,0.002143572038082752,0.02544589682138526
-26.72515,-12.10956,-1.004520592248441,0.08167547146883408,0.00416095343962607,0.05094495770635149
-26.71782,-12.10275,-1.0040033814899147,0.08104925385324814,0.0031939588441660853,0.03940762798321658
-26.71049,-12.09595,-1.0034846533955266,0.07896046044174751,0.002806771793806938,0.03554654795709573
-26.70317,-12.08914,-1.002969557939156,0.08052499788509153,0.003415898553866151,0.042420349501164946
-26.69584,-12.08234,-1.002450829844769,0.08031169927514423,0.004250950913379755,0.052930655829061604
-26.68851,-12.07553,-1.0019336190862425,0.07861034213033737,0.004029025640891815,0.05125312435622806
-26.68118,-12.06873,-1.0014148909918543,0.07928261253447497,0.002948961175256967,0.03719556004760377
-26.67386,-12.06192,-1.0008997955354837,0.07949149031403471,0.0024314952538755583,0.030588120115371178
-26.66653,-12.05512,-1.0003810674410956,0.08111239822592434,0.0050116925888761595,0.06178701035219018
-26.6592,-12.04832,-0.9998623393467074,0.07949041305804817,0.0026415907008477584,0.033231563395182344
-26.65187,-12.04151,-0.999345128588181,0.08250052115198744,0.003052883529743298,0.0370044150887131
-26.64455,-12.03471,-0.9988285157959489,0.08548267765494613,0.004931547515574668,0.057690606458083056
-26.63722,-12.0279,-0.9983113050374234,0.08196779661943566,0.0038393722496973008,0.04684000800366682
-26.62989,-12.0211,-0.9977925769430352,0.08513858828135008,0.0051572126397077395,0.06057432644601937
-26.62256,-12.01429,-0.9972753661845088,0.0841764107871044,0.0031197212072188348,0.03706170384371826
-26.61523,-12.00749,-0.9967566380901207,0.08672431868367513,0.003387540586579801,0.03906102276727908
-26.60791,-12.00068,-0.9962415426337503,0.08645486648768487,0.004250885446324799,0.0491688394074418
-26.60058,-11.99388,-0.995722814539363,0.08980974090964176,0.004409454547276565,0.04909773152238519
-26.59325,-11.98707,-0.9952056037808369,0.09223153186909147,0.0031147106840980544,0.03377056220337866
-26.58592,-11.98027,-0.9946868756864485,0.09379300081342971,0.005744313846761385,0.061244589648941986
-26.5786,-11.97346,-0.9941717802300781,0.0945184092986496,0.006677060500556193,0.07064296310212649
-26.57127,-11.96666,-0.99365305213569,0.09265620763264966,0.004829921209749233,0.05212733537399056
-26.56394,-11.95985,-0.9931358413771636,0.09138842995008942,0.004380089304456288,0.0479282695506249
-26.55661,-11.95305,-0.9926171132827755,0.08914623170683864,0.002379050354720695,0.02668705461992278
-26.54928,-11.94624,-0.9920999025242491,0.08824289345317479,0.004493935756320067,0.05092688578604609
-26.54196,-11.93944,-0.991583289732018,0.08781296180350212,0.004379338668030574,0.04987121010483807
-26.53463,-11.93263,-0.9910660789734914,0.08708021499196021,0.003372891986524584,0.03873316099226432
-26.5273,-11.92583,-0.9905473508791033,0.0848593334083149,0.0037361387218176616,0.04402743424627912
-26.51997,-11.91903,-0.9900286227847152,0.08377528478071614,0.0035748205748590083,0.042671541901841206
-26.51265,-11.91222,-0.9895135273283457,0.0801328869462818,0.0028419213742644106,0.03546510655693127
-26.50532,-11.90542,-0.9889947992339576,0.08040474243636905,0.003440188081178206,0.04278588522189114
-26.49799,-11.89861,-0.988477588475431,0.08130417877850021,0.0025660509325130406,0.03156111987188041
-26.49066,-11.89181,-0.9879588603810429,0.08263408831448851,0.004811488008487636,0.058226430600602654
-26.48333,-11.885,-0.9874416496225166,0.08208329465047189,0.002924125756554019,0.03562388387315066
-26.47601,-11.8782,-0.9869250368302843,0.07929149377614322,0.002876161207259218,0.03627326299816262
-26.46868,-11.87139,-0.9864078260717577,0.08094597689831182,0.00482841022256599,0.059649786284396426
-26.46135,-11.86459,-0.9858890979773696,0.08642481704890312,0.006406308182984818,0.07412579397605014
-26.45402,-11.85778,-0.9853718872188443,0.08251955903647536,0.004424397891713058,0.05361635403016855
-26.4467,-11.85098,-0.9848552744266121,0.08304107593473016,0.003527322350071034,0.042476838243804674
-26.43937,-11.84417,-0.9843380636680855,0.07788627847680282,0.0036660964313620513,0.04706986266462763
-26.43204,-11.83737,-0.9838193355736974,0.07748379151314419,0.0020096290911663373,0.0259361222769465
-26.42471,-11.83056,-0.983302124815171,0.0795567725045369,0.004615189121913128,0.058011266377729645
-26.41739,-11.82376,-0.9827855120229398,0.07810706745665283,0.003312407287281757,0.042408547589116025
-26.41006,-11.81695,-0.9822683012644132,0.07658011931808881,0.003032727087946919,0.03960201570527673
-26.40273,-11.81015,-0.981749573170024,0.07580054669920182,0.005463658101441411,0.07207940231780603
-26.3954,-11.80335,-0.981230845075637,0.08215983655137923,0.005050731111502544,0.06147445422854553
-26.38807,-11.79654,-0.9807136343171107,0.08407979992220886,0.0041325847722335505,0.049150744602830206
