-13.2209,-14.8009,0.08923426668937866,0.450154341594369,0.03702872652781057,0.08225784604600549
-13.21669,-14.79183,0.0885695159057833,0.4297683817192004,0.022166712993897626,0.051578277827755106
-13.21248,-14.78276,0.08790476512218792,0.45289791287008113,0.02073010541722162,0.04577213722591891
-13.20827,-14.77369,0.08724001433859276,0.4570776559137183,0.01738270775935031,0.03803009736846907
-13.20405,-14.76462,0.0865752661058642,0.46385305269616445,0.014999191827767207,0.03233608519030715
-13.19984,-14.75555,0.08591051532226884,0.43614686984787143,0.01872890153461143,0.04294173093835133
-13.19563,-14.74648,0.08524576453867366,0.4475523738298973,0.02259680722303178,0.0504897494558262
-13.19142,-14.73741,0.0845810137550783,0.4639231535241102,0.02014267017987937,0.04341811790782404
-13.18721,-14.72834,0.08391626297148275,0.4407884464311335,0.015378471375033795,0.03488855368044781
-13.183,-14.71927,0.08325151218788739,0.45400367675846975,0.023103840961405234,0.050889105406290554
-13.17878,-14.7102,0.08258676395515921,0.4651420781740966,0.015595483634998289,0.03352843005779645
-13.17457,-14.70113,0.08192201317156365,0.45122965993344877,0.023083709110795072,0.051157339954558075
-13.17036,-14.69206,0.0812572623879683,0.4228169238861363,0.007449817256662135,0.017619486912185085
-13.16615,-14.68299,0.08059251160437293,0.39740772019421183,0.013952936871076464,0.03510987875187153
-13.16194,-14.67392,0.07992776082077775,0.3889435612973455,0.008198942403505228,0.02108003119053352
-13.15773,-14.66485,0.07926301003718239,0.4212637214866911,0.010707130703348468,0.025416693052897357
-13.15351,-14.65578,0.07859826180445384,0.4310795298872053,0.01751456289050234,0.04062953973965114
-13.1493,-14.64671,0.07793351102085867,0.4318224390505708,0.01639521962964008,0.03796750272099693
-13.14509,-14.63764,0.0772687602372633,0.4713257699169664,0.016617840077069963,0.03525765221790766
-13.14088,-14.62857,0.07660400945366794,0.48046920819915667,0.008941556509385844,0.01861005108506252
-13.13667,-14.6195,0.07593925867007258,0.48912847892943845,0.026069539081984245,0.05329793746428948
-13.13246,-14.61043,0.0752745078864772,0.47166470317562137,0.007520618509388294,0.01594484060128629
-13.12825,-14.60136,0.07460975710288184,0.457313147239784,0.012432542987486576,0.027186060716876338
-13.12403,-14.59229,0.07394500887015329,0.46306728869784275,0.016091405669069015,0.034749605644394506
-13.11982,-14.58322,0.07328025808655832,0.4504400810533002,0.013413427570246422,0.029778494708731798
-13.11561,-14.57415,0.07261550730296275,0.44397871421143276,0.012596590162558173,0.028372058748202488
-13.1114,-14.56508,0.07195075651936739,0.43927198041239574,0.012618878684779735,0.028726800814686437
-13.10719,-14.55601,0.07128600573577203,0.44846771675606545,0.015955167189393098,0.03557706963792797
-13.10298,-14.54694,0.07062125495217665,0.45760233915786086,0.013589990328929758,0.02969825362767992
-13.09876,-14.53787,0.0699565067194483,0.4728389049507603,0.01947261917107965,0.041182354005128784
-13.09455,-14.5288,0.06929175593585293,0.4765575167771603,0.01689556647653295,0.035453362672345314
-13.09034,-14.51973,0.06862700515225738,0.44648932658835844,0.010316318668438225,0.02310540936614454
-13.08613,-14.51066,0.06796225436866239,0.4323226435342791,0.013205593021670662,0.03054568901067423
-13.08192,-14.50159,0.06729750358506703,0.4447321330110747,0.012408332695850165,0.027900688470246363
-13.07771,-14.49252,0.06663275280147167,0.4453567416313364,0.008118273290900618,0.018228697428410944
-13.0735,-14.48345,0.0659680020178761,0.44781920002776304,0.014320404676401962,0.031978094453105524
-13.06928,-14.47438,0.06530325378514776,0.4476386249042507,0.008029944032148446,0.01793845210266661
-13.06507,-14.46531,0.06463850300155258,0.4415470428955536,0.013187340470305961,0.02986621852074181
-13.06086,-14.45624,0.06397375221795702,0.43599590099764124,0.015550490592685751,0.03566659814255887
-13.05665,-14.44717,0.06330900143436184,0.43416529557838146,0.013609648292671223,0.031346697746859005
-13.05244,-14.4381,0.06264425065076648,0.4088606603601995,0.01001962068222697,0.024506198941712437
-13.04823,-14.42903,0.06197949986717112,0.3925357919351024,0.01455735731848042,0.03708542664788941
-13.04401,-14.41997,0.061315485730030955,0.4168744856022438,0.011639971549706547,0.0279220051879421
-13.0398,-14.4109,0.06065073494643559,0.41060423384282074,0.01094334725208627,0.026651812987090098
-13.03559,-14.40183,0.05998598416284022,0.4334851343049544,0.009160958734254715,0.021133270807413736
-13.03138,-14.39276,0.05932123337924486,0.4334105188157367,0.012209585101803986,0.028170947800634383
-13.0288,-14.3872,0.05891373435582755,0.4289921701186598,0.014413867887048088,0.033599372881470524
-13.02459,-14.37813,0.05824898357223219,0.4416983713774288,0.017971777734146977,0.040687896761091275
-13.02037,-14.36906,0.05758423533950345,0.44449101197465274,0.0097511338467629,0.02193775258456511
-13.01616,-14.35999,0.05691948455590828,0.43059925092254775,0.013164845967062242,0.030573313675899112
-13.01194,-14.35093,0.05625547041876811,0.42806362652600394,0.013474475074822934,0.03147773891506848
-13.00773,-14.34186,0.055590719635172745,0.41590903125101847,0.013076238060070178,0.03144013973617736
-13.00351,-14.33279,0.0549259714024442,0.43541800468958725,0.012541998719445509,0.02880450184504151
-12.9993,-14.32372,0.05426122061884883,0.42375074715845856,0.017366788538267192,0.04098349950937787
-12.99509,-14.31465,0.05359646983525366,0.4211555454101127,0.01925798772527229,0.04572654434959239
-12.99087,-14.30558,0.0529317216025253,0.43462461027776944,0.01074037885650127,0.02471185156688912
-12.98666,-14.29651,0.052266970818929746,0.42156845756993383,0.01751983156967227,0.041558686982092134
-12.98244,-14.28745,0.05160295668178958,0.42042333428536827,0.012523475881941852,0.02978777546500634
-12.97823,-14.27838,0.05093820589819441,0.4165113605136829,0.011352028991701148,0.02725502847677601
-12.97401,-14.26931,0.05027345766546605,0.42182853592846714,0.014443885209969178,0.03424112875194044
-12.9698,-14.26024,0.049608706881870496,0.42595522130530616,0.010193718660884858,0.02393143258027689
-12.96559,-14.25117,0.04894395609827513,0.44326501180800104,0.014629450916286837,0.0330038476454883
-12.96137,-14.2421,0.04827920786554678,0.4451668485786445,0.01422848179379779,0.03196213248858792
-12.95716,-14.23303,0.04761445708195141,0.448647874834859,0.01018713102795071,0.022706295068711625
-12.95294,-14.22396,0.046949708849222865,0.4566715075272074,0.022948994757004022,0.05025274049013617
-12.94873,-14.2149,0.046285692161215884,0.4452059085960302,0.01881802907214198,0.0422681476341704
-12.94452,-14.20583,0.045620941377620516,0.44670042430747214,0.012903638361566615,0.028886559446571744
-12.9403,-14.19676,0.044956193144891965,0.43639078082996346,0.017483304279917986,0.04006341345403039
-12.93609,-14.18769,0.04429144236129679,0.4287142102589381,0.014162862409056134,0.03303567287984679
-12.93187,-14.17862,0.04362669412856825,0.41638142497990566,0.015688456651971907,0.03767808963315072
-12.92766,-14.16955,0.04296194334497288,0.4031596465579158,0.011062166703998025,0.02743867546874856
-12.92344,-14.16048,0.04229719511224453,0.41146263177400505,0.011968302381608946,0.02908721584268316
-12.91923,-14.15142,0.04163317842423735,0.4167772407755218,0.014438395330425301,0.03464295531963054
-12.91502,-14.14235,0.040968427640641986,0.42308485566315357,0.019168272842713375,0.045305977243426866
-12.9108,-14.13328,0.04030367940791363,0.42001385648376177,0.017025365994437,0.04053524837720495
-12.90659,-14.12421,0.03963892862431827,0.4522194868411784,0.029550241537051967,0.06534490971069133
-12.90237,-14.11514,0.03897418039158991,0.4016290081650805,0.012521099690562847,0.031175785204778667
-12.89816,-14.10607,0.03830942960799454,0.39220591999295307,0.013525714106620188,0.03448625687971056
-12.89394,-14.097,0.037644681375265804,0.4053425442381167,0.015609367616403887,0.038509077910248254
-12.88973,-14.08794,0.03698066468725902,0.39252793605801695,0.011739735369920316,0.02990802511489308
-12.88552,-14.07887,0.03631591390366365,0.41054346336160397,0.0079431533153532,0.01934789863736528
-12.8813,-14.0698,0.035651165670935105,0.4283210018236462,0.006179941800957854,0.014428295074595336
-12.87709,-14.06073,0.03498641488733993,0.43754072636976815,0.018566700240156168,0.042434221824793845
-12.87287,-14.05166,0.03432166665461138,0.44798761617446026,0.012925077769817318,0.028851417546291933
-12.86866,-14.04259,0.03365691587101602,0.4413521799620258,0.012062234730801282,0.027330180473650597
-12.86444,-14.03352,0.03299216763828747,0.4293101025930558,0.018021159159047843,0.04197702092310217
-12.86023,-14.02445,0.032327416854692106,0.4335401906544985,0.014144451267031516,0.03262546719296819
-12.85602,-14.01539,0.031663400166685125,0.4283989526044748,0.013394037200940082,0.031265336013335934
-12.8518,-14.00632,0.030998651933956768,0.418038725302567,0.015368830546315552,0.03676413120624635
-12.84759,-13.99725,0.03033390115036121,0.42856204351676014,0.016935435149966874,0.039516880708789524
-12.84337,-13.98818,0.029669152917632852,0.42240163882911286,0.013444096304648847,0.031827756023664014
-12.83916,-13.97911,0.02900440213403768,0.4124485807897937,0.016202960258290485,0.03928480061020842
-12.83494,-13.97004,0.02833965390130913,0.4168987527537501,0.019516804366618908,0.04681425463066068
-12.83073,-13.96097,0.027674903117713767,0.4232551772979261,0.011331082377608163,0.02677127885344755
-12.82652,-13.95191,0.027010886429706595,0.4338697112799864,0.011329169146452872,0.02611191528680344
-12.8223,-13.94284,0.02634613819697843,0.4349984493665998,0.01723089740228395,0.03961139959780045
-12.81809,-13.93377,0.025681387413383064,0.43902747990857094,0.012771460012247365,0.029090343080362686
-12.81387,-13.9247,0.025016639180654325,0.446971459710397,0.013683149054123961,0.03061302630595158
-12.80966,-13.91563,0.02435188839705915,0.4341027549941575,0.010381223862636143,0.023914208659596876
-12.80544,-13.90656,0.023687140164330604,0.43547433387940615,0.01576683131976063,0.03620610927698638
-12.80123,-13.89749,0.02302238938073524,0.41716720440188243,0.008243436495227302,0.019760509474963186
-12.79702,-13.88843,0.022358372692728258,0.39524385208997376,0.009338024811820509,0.023625983712188874
-12.7928,-13.87936,0.02169362445999971,0.3910351311226591,0.016897134524966696,0.043211295303455584
-12.78859,-13.87029,0.021028873676404537,0.39754602846979104,0.011362823312170246,0.028582409327310612
-12.78437,-13.86122,0.02036412544367599,0.4062537712351677,0.008216196014189518,0.02022429475352099
-12.78016,-13.85215,0.019699374660080624,0.41557623853136755,0.011010653735224099,0.02649490686506856
-12.77595,-13.84308,0.019034623876485256,0.41006043232832984,0.011330551184223138,0.027631417934883606
-12.77173,-13.83401,0.018369875643756903,0.4053305372245693,0.0045803389081226255,0.011300256179772941
-12.76752,-13.82494,0.017705124860161535,0.37700346810896085,0.01124820163713736,0.029835804146731152
-12.7633,-13.81588,0.017041110723021374,0.3694330750406362,0.010821905229703426,0.029293276538688524
-12.75909,-13.80681,0.01637635993942601,0.3730985120707618,0.010144877913556349,0.027190882797281896
-12.75487,-13.79774,0.015711611706697652,0.371125621395165,0.010302776713166121,0.02776088774047748
-12.75066,-13.78867,0.015046860923102286,0.37684021755212693,0.009468737156880713,0.025126663014865012
-12.74645,-13.7796,0.014382110139506922,0.3818197098270364,0.007780933862847564,0.020378554753950003
-12.7444,-13.7752,0.014059631008382818,0.38092394773715654,0.012810494293820515,0.03363005757427453
-12.73916,-13.76668,0.013435518221431027,0.3890166850953381,0.010696498699220893,0.027496246585411763
-12.73393,-13.75816,0.012811402883612225,0.39601770124866464,0.017156204707847584,0.04332181277188663
-12.72869,-13.74964,0.012187290096660048,0.3990960902891432,0.00944984060319847,0.02367810868894282
-12.72346,-13.74112,0.011563174758841438,0.3966688259903395,0.012025225249120352,0.03031552887751561
-12.71822,-13.7326,0.010939061971889454,0.377908038993869,0.017552167036961025,0.04644560376035235
-12.71298,-13.72408,0.010314949184937663,0.38750354072135607,0.01951682700272918,0.05036554496095103
-12.70775,-13.71556,0.00969083384711886,0.38970669567049565,0.017557807957176833,0.045053903749250154
-12.70251,-13.70704,0.009066721060166686,0.37822797847173506,0.012310073572892285,0.03254670271256048
-12.69727,-13.69852,0.008442608273214892,0.38032478039257583,0.011304691266362743,0.02972378306429022
-12.69204,-13.69,0.007818492935396092,0.38657391586348827,0.017958129787684594,0.04645458229526844
-12.6868,-13.68149,0.0071951142440323,0.3773064420586284,0.01548601058384046,0.041043589129692463
-12.68157,-13.67297,0.006570998906213498,0.37774002212310187,0.009233129007381394,0.024443078484207865
-12.67633,-13.66445,0.005946886119261707,0.38766977596961993,0.013206667970450605,0.03406679805620327
-12.67109,-13.65593,0.0053227733323097225,0.39692488643100127,0.013273297403820558,0.033440325506342114
-12.66586,-13.64741,0.00469865799449092,0.40668876595172304,0.007430210444328995,0.018270016450887203
-12.6645,-13.6452,0.004536769787381282,0.4044842695600363,0.011972738434634797,0.02960001002673782
-12.65927,-13.63668,0.003912654449562288,0.408241957374905,0.009993710952708594,0.024479872223253544
-12.65403,-13.62816,0.0032885416626104963,0.38882266470983834,0.00733556171093396,0.018866085690781877
-12.6488,-13.61964,0.0026644263247916945,0.3751758095186878,0.009300954684386216,0.02479092321095646
-12.64357,-13.61111,0.0020395768913845083,0.377491369966839,0.012320324897492236,0.03263736836838024
-12.63833,-13.60259,0.0014154641044325247,0.3829927836947792,0.013410817581545706,0.03501584926005622
-12.6331,-13.59407,0.0007913487666139147,0.3876878554584583,0.013544094202923474,0.03493556481646033
-12.62787,-13.58555,0.000167233428794921,0.3953689970364006,0.01412466149335167,0.03572526323314938
-12.62263,-13.57703,-0.000456879358156871,0.4124662374989502,0.01625218705341789,0.0394024663738914
-12.6174,-13.56851,-0.0010809946959756728,0.40953547290714054,0.010067972103728177,0.024583882886284242
-12.61217,-13.55999,-0.0017051100337944745,0.4115618731722158,0.013797497350317241,0.03352472191840704
-12.60693,-13.55147,-0.0023292228207466505,0.39889556506874885,0.014652331985864638,0.0367322509172027
-12.6017,-13.54294,-0.002954072254153453,0.42200430424821933,0.010441890818361355,0.024743564729660966
-12.59647,-13.53442,-0.0035781875919722547,0.425782704535078,0.019750017935000492,0.046385204764402055
-12.59123,-13.5259,-0.00420230037892443,0.40905026955688734,0.00993708462462786,0.024293064603997022
-12.586,-13.51738,-0.004826415716743232,0.4236832246798783,0.01179012030016779,0.027827677881455026
-12.58077,-13.50886,-0.005450531054561842,0.41770215894046475,0.011219504168183132,0.02686005788584457
-12.57553,-13.50034,-0.0060746438415140176,0.38282432364205626,0.014085924579530599,0.03679474816417634
-12.5703,-13.49182,-0.00669875917933282,0.37024284006784847,0.012022784334968896,0.03247269908788965
-12.56507,-13.4833,-0.007322874517151621,0.36304830139431477,0.010326484656402943,0.028443831349005872
-12.55983,-13.47477,-0.007947721399691798,0.3676796922728269,0.008445797223910477,0.02297052951633646
-12.5546,-13.46625,-0.008571836737510599,0.36295543393449226,0.011324103228629152,0.031199707098676404
-12.54937,-13.45773,-0.009195952075329401,0.3762081801301246,0.012554636797856329,0.03337151465849008
-12.54413,-13.44921,-0.009820064862281194,0.37939773334689303,0.012717136869714426,0.03351927476616425
-12.5389,-13.44069,-0.010444180200100187,0.38210447030770317,0.020523393243076768,0.053711471175800635
-12.53367,-13.43217,-0.01106829553791899,0.3841878554026064,0.010803462078874391,0.02812025920900856
-12.52843,-13.42365,-0.011692408324870781,0.40402354751838454,0.010819621091458008,0.026779679446692833
-12.5232,-13.41513,-0.012316523662689583,0.4216885461582634,0.010023064165728747,0.02376887932347824
-12.51797,-13.4066,-0.012941373096096769,0.39575274634426233,0.015514787590105543,0.03920323417442401
-12.51273,-13.39808,-0.013565485883048753,0.40225888874879956,0.01692686629784923,0.04207953328389874
-12.5075,-13.38956,-0.014189601220867555,0.4010526437605645,0.0058534015031331725,0.014595095168173873
-12.50227,-13.38104,-0.014813716558686164,0.40473398116238,0.007732213774261874,0.019104434354771153
-12.49703,-13.37252,-0.015437829345638341,0.4174404828299999,0.007606609852856526,0.018222022457640437
-12.4918,-13.364,-0.016061944683457143,0.4281966852458935,0.014387337058028906,0.03359983286598056
-12.48657,-13.35548,-0.01668606002127575,0.4255551563645434,0.010710024144937153,0.02516718217312029
-12.48133,-13.34696,-0.017310172808227928,0.4256371911174889,0.024343799329973725,0.05719377873456103
-12.4761,-13.33843,-0.017935022241634922,0.4426897750107746,0.01697391030907494,0.038342675316279475
-12.47087,-13.32991,-0.018559137579453724,0.42782806342664353,0.011858564417230223,0.027718061134770607
-12.46563,-13.32139,-0.019183250366405707,0.4122282082627202,0.017837992053048157,0.043272128630459206
-12.4604,-13.31287,-0.01980736570422451,0.41792018194621694,0.01444675849168349,0.034568224067108286
-12.45516,-13.30435,-0.0204314784911763,0.4329713195815216,0.016115295335579028,0.037220237477057126
-12.44993,-13.29583,-0.021055593828995103,0.4253168845825008,0.021348508143583456,0.05019435841240952
-12.4447,-13.28731,-0.021679709166814096,0.3705762183669038,0.01568926822918909,0.042337493480640205
-12.43946,-13.27879,-0.02230382195376608,0.34278439857504983,0.014052077368923624,0.040993923373811414
-12.43423,-13.27026,-0.02292867138717288,0.3581197260014014,0.007263936747542137,0.02028354268179495
-12.429,-13.26174,-0.023552786724991878,0.37039599163826403,0.014976949784677937,0.04043496723178559
-12.42376,-13.25322,-0.02417689951194386,0.3790880731803588,0.00554530975736081,0.014628024856700034
-12.41853,-13.2447,-0.024801014849762663,0.3896311524123931,0.013522084302461055,0.03470483358104031
-12.4133,-13.23618,-0.025425130187581465,0.3794926280439267,0.0068637565568317885,0.01808666637929341
-12.40806,-13.22766,-0.026049242974533447,0.3853319251029971,0.01518588464941589,0.03940987927578746
-12.40283,-13.21914,-0.02667335831235225,0.38815145822574865,0.008797022329271103,0.02266389097050554
-12.3976,-13.21062,-0.02729747365017105,0.3777881452788378,0.014660937851064438,0.038807299896198424
-12.39236,-13.20209,-0.02792232053271123,0.3752684902803701,0.00919906678800143,0.02451329388494258
-12.38713,-13.19357,-0.02854643587053003,0.3650983296207825,0.01395838822509386,0.0382318600021864
-12.3819,-13.18505,-0.02917055120834883,0.36527207905728104,0.008606423799274218,0.023561679889375232
-12.37666,-13.17653,-0.029794663995300816,0.3851641981318673,0.013589497602610398,0.035282348848938994
-12.37143,-13.16801,-0.030418779333119424,0.39019471573899206,0.014230597058857144,0.0364705017388709
-12.3662,-13.15949,-0.03104289467093842,0.4101154629340612,0.010430362801839392,0.02543274698110175
-12.36096,-13.15097,-0.0316670074578904,0.40921739833742576,0.008756383974055334,0.021397878021880045
-12.35573,-13.14245,-0.03229112279570901,0.418377974109685,0.012565709629119818,0.03003434790241969
-12.3505,-13.13392,-0.0329159722291162,0.40286184385799195,0.010915474647806489,0.027094833661274145
-12.34526,-13.1254,-0.033540085016068186,0.40634158542086346,0.011423431031580307,0.028112877050840427
-12.34003,-13.11688,-0.03416420035388699,0.40039451602494464,0.01724182696120748,0.04306209568597916
-12.3348,-13.10836,-0.03478831569170579,0.4033828304305168,0.011236353386264452,0.027855308998333602
-12.32956,-13.09984,-0.03541242847865777,0.4288662205728289,0.010648833418879351,0.02483019857487469
-12.32433,-13.09132,-0.03603654381647657,0.4418907124310629,0.01533650630549178,0.034706559504538916
-12.3191,-13.0828,-0.03666065915429537,0.45937553833425887,0.02084444920761247,0.04537561856949655
-12.31386,-13.07428,-0.03728477194124736,0.4549465226046633,0.008597711504692039,0.018898290408877853
-12.30863,-13.06575,-0.03790962137465455,0.4548650353464522,0.022074881532357666,0.048530618572482996
-12.3034,-13.05723,-0.038533736712473156,0.44836564888031016,0.014360477734530001,0.03202849676462054
-12.29816,-13.04871,-0.03915784949942514,0.46217500783717186,0.0205795275372304,0.04452756464166219
-12.29293,-13.04019,-0.03978196483724394,0.44467161211852624,0.01897143989161655,0.04266393305664801
-12.2877,-13.03167,-0.04040608017506274,0.4659075344881535,0.01556140978924456,0.033400210636946114
-12.28246,-13.02315,-0.041030192962014725,0.46016374301524376,0.01439787379802204,0.0312885880658031
-12.27723,-13.01463,-0.04165430829983353,0.4483113946207836,0.020004996922535857,0.04462299455818567
-12.272,-13.00611,-0.04227842363765233,0.42924082430740274,0.013384149653914674,0.031180980223655418
-12.26676,-12.99758,-0.042903270520192695,0.423735789333319,0.012856504749909035,0.030340851713603668
-12.26153,-12.98906,-0.04352738585801131,0.41138213495639686,0.014088316894843658,0.03424630215489767
-12.2563,-12.98054,-0.04415150119583011,0.4207874265711829,0.0087503976547806,0.02079529259247087
-12.25106,-12.97202,-0.04477561398278209,0.43683895194827604,0.012107627801366585,0.02771645648211378
-12.24583,-12.9635,-0.04539972932060109,0.43139137060258526,0.012266100749723499,0.028433811118172586
-12.2406,-12.95498,-0.046023844658419695,0.43952888336822005,0.02009145258253064,0.04571133625750554
-12.23536,-12.94646,-0.04664795744537168,0.4466960196099656,0.013963351056980834,0.03125917949565118
-12.23013,-12.93794,-0.04727207278319068,0.44233803519680137,0.015138897704265554,0.03422472520937541
-12.2249,-12.92941,-0.04789692221659767,0.4498102788881494,0.013600872381769939,0.030236908803838062
-12.21966,-12.92089,-0.04852103500354946,0.44760616640534695,0.015544285682142072,0.03472759503510804
-12.21443,-12.91237,-0.04914515034136845,0.43558745832105805,0.017163264069290692,0.0394025671341533
-12.2092,-12.90385,-0.049769265679187255,0.4284140971323412,0.009265810384192082,0.021628164073531374
-12.20396,-12.89533,-0.05039337846613905,0.4143295819372401,0.012989799964243738,0.03135136985273561
-12.19873,-12.88681,-0.05101749380395785,0.4125986279668279,0.018707551549392003,0.04534079922072851
-12.1935,-12.87829,-0.05164160914177665,0.40355940888764,0.012340715664681782,0.03057967524210968
-12.1916,-12.8752,-0.05186796001384175,0.42932360568453554,0.008740228005467735,0.020358135191592523
-12.18756,-12.86605,-0.05253862692688009,0.4187786897363012,0.008551453128175861,0.020419981574422007
-12.18352,-12.8569,-0.05320929383991863,0.4242957321402761,0.010245314352989554,0.024146635417021726
-12.17948,-12.84776,-0.053879226657368974,0.4215973100196847,0.011301713779500986,0.026806892527310718
-12.17544,-12.83861,-0.05454989357040732,0.42965008393303705,0.019612153948837977,0.045646805813017416
-12.1714,-12.82946,-0.055220560483445855,0.4306015749305633,0.009666082612064825,0.02244785707907253
-12.16736,-12.82031,-0.0558912273964842,0.4563507486399302,0.010805235016428775,0.023677478449705185
-12.16332,-12.81117,-0.05656116021393435,0.4632163920809777,0.012190933364112743,0.026318009406673955
-12.15928,-12.80202,-0.05723182712697289,0.44223562603400757,0.009328860356516021,0.02109477348122704
-12.15524,-12.79287,-0.05790249404001104,0.44911048271542847,0.012925264413073064,0.028779698783523936
-12.1512,-12.78372,-0.058573160953049576,0.47078825279342407,0.012035995474837904,0.025565624043128253
-12.14716,-12.77458,-0.05924309377049973,0.44612673997637636,0.00935758334210543,0.02097516804888436
-12.14312,-12.76543,-0.059913760683538264,0.44176430433907277,0.015463382589295941,0.03500369413601861
-12.13908,-12.75628,-0.0605844275965768,0.4548765635583115,0.013510055370196618,0.029700486796930214
-12.13504,-12.74713,-0.061255094509615145,0.4477707531615359,0.013514480916339807,0.030181696372349666
-12.131,-12.73799,-0.061925027327065486,0.42802495221151704,0.00901349974046012,0.02105835114025296
-12.12696,-12.72884,-0.06259569424010383,0.43585807137411176,0.01254913412599668,0.028791790149563005
-12.12292,-12.71969,-0.06326636115314237,0.4254330385054527,0.01587583514507013,0.0373168835237667
-12.11888,-12.71054,-0.0639370280661809,0.4364432160247114,0.009987077191214073,0.022882878744639724
-12.11484,-12.70139,-0.06460769497921925,0.41491454820003576,0.011570777351764445,0.027887133391586987
-12.1108,-12.69225,-0.0652776277966694,0.4250442813886421,0.012894244068358134,0.030336237029779483
-12.10676,-12.6831,-0.06594829470970774,0.426598455783781,0.009989991915322564,0.023417787335793673
-12.10272,-12.67395,-0.06661896162274628,0.43980652390413455,0.013939757002366583,0.031695202878357163
-12.09868,-12.6648,-0.06728962853578482,0.4533422426214287,0.007631291985004584,0.016833401495693456
-12.09464,-12.65566,-0.06795956135323497,0.448599575582003,0.022265943825076608,0.049634339925955735
-12.0906,-12.64651,-0.0686302282662735,0.4498518557115898,0.017103700205634963,0.03802073946895205
-12.08656,-12.63736,-0.06930089517931184,0.44314673001317323,0.01587354700003509,0.035820070249786624
-12.08252,-12.62821,-0.06997156209235039,0.45771627555384065,0.010542825952480439,0.02303353958677464
-12.07848,-12.61907,-0.07064149490980054,0.4494696855021053,0.010551923318234029,0.023476384856625895
-12.07444,-12.60992,-0.07131216182283888,0.44800930323551197,0.01282299504735649,0.028622162429996746
-12.0704,-12.60077,-0.07198282873587741,0.44557124238876344,0.008148430574173353,0.01828760431325997
-12.06636,-12.59162,-0.07265349564891577,0.4398313838605013,0.02296437021267995,0.052211758995268566
-12.06232,-12.58248,-0.07332342846636591,0.44192829964284613,0.01126370370994793,0.02548762710840409
-12.05828,-12.57333,-0.07399409537940445,0.46780395972439964,0.008151608647945197,0.017425266457230516
-12.05424,-12.56418,-0.07466476229244279,0.47576551621013136,0.015349584545532096,0.03226291948984517
-12.0502,-12.55503,-0.07533542920548134,0.46386198860222105,0.015198305010093557,0.03276471317663123
-12.04616,-12.54588,-0.07600609611851987,0.4641724464668714,0.011748298410513012,0.025310202059465638
-12.04212,-12.53674,-0.07667602893597002,0.4491341595943858,0.0197710175340148,0.0440202935173536
-12.03808,-12.52759,-0.07734669584900855,0.449297648502412,0.017044211022919153,0.037935233090425693
-12.03404,-12.51844,-0.0780173627620469,0.47286541448444447,0.017401831287688,0.036800812143685455
-12.03,-12.50929,-0.07868802967508544,0.47022302722130094,0.020259230237239207,0.04308430056468632
-12.02597,-12.50015,-0.0793579650434026,0.45383577132841796,0.0193356367149418,0.04260491996552995
-12.02193,-12.491,-0.08002863195644094,0.4746784099238711,0.016811634652473508,0.03541689341878801
-12.01789,-12.48185,-0.08069929886947948,0.4872738329589107,0.015528351463230906,0.03186781315330826
-12.01385,-12.4727,-0.08136996578251801,0.476911431925759,0.019803257518157813,0.04152397320020752
-12.00981,-12.46356,-0.08203989859996798,0.4469611127993849,0.01665253763973186,0.03725724042397
-12.00577,-12.45441,-0.08271056551300651,0.43182544914638915,0.0167309506930572,0.038744707441699194
-12.00173,-12.44526,-0.08338123242604485,0.4071485469198482,0.010267581427929037,0.025218268628502134
-11.99769,-12.43611,-0.08405189933908339,0.4239692965140539,0.0093525007807384,0.02205938226573532
-11.99365,-12.42697,-0.08472183215653355,0.4487023901852306,0.010284855391153867,0.02292132962988705
-11.98961,-12.41782,-0.08539249906957189,0.4350497320866472,0.010714102039946547,0.024627304075233083
-11.98557,-12.40867,-0.08606316598261042,0.4363912377042724,0.011922941782674779,0.027321680071758347
-11.98153,-12.39952,-0.08673383289564876,0.43857371397080536,0.009959119108664226,0.022707970841424337
-11.97749,-12.39037,-0.08740449980868731,0.4419044520543226,0.014765226649692563,0.03341271304475905
-11.97345,-12.38123,-0.08807443262613765,0.4247005523788058,0.013847447335984725,0.03260520208514748
-11.96941,-12.37208,-0.08874509953917599,0.4338062719188726,0.017780434697484963,0.040987039257952766
-11.96537,-12.36293,-0.08941576645221452,0.41875699629773094,0.013309211740962223,0.03178266120597432
-11.96133,-12.35378,-0.09008643336525306,0.42793684569477397,0.017684731494103878,0.04132556397519814
-11.95729,-12.34464,-0.09075636618270302,0.4063430161882732,0.011738131202355324,0.02888724731254303
-11.95325,-12.33549,-0.09142703309574156,0.3995162004514239,0.010835373348806092,0.027121236476926137
-11.94921,-12.32634,-0.0920977000087799,0.41549789972833784,0.012071841706618089,0.02905391751561425
-11.94517,-12.31719,-0.09276836692181845,0.4099632149212146,0.012671239426061933,0.030908235092499823
-11.94113,-12.30805,-0.09343829973926879,0.41704870277584327,0.01142742993742012,0.027400708505649456
-11.93709,-12.2989,-0.09410896665230713,0.43351136420538666,0.0100075821502943,0.02308493612073561
-11.93305,-12.28975,-0.09477963356534566,0.44559223005339604,0.010670573151814227,0.023946946181120695
-11.92901,-12.2806,-0.09545030047838401,0.4249799959174031,0.019066047304255474,0.04486339942447797
-11.92497,-12.27146,-0.09612023329583436,0.44453060531647576,0.009750470847364159,0.02193430717874303
-11.92093,-12.26231,-0.09679090020887289,0.43078691994093815,0.017727993513293162,0.04115258076016726
-11.91689,-12.25316,-0.09746156712191123,0.42277730092029575,0.011154532695096019,0.026383944149354726
-11.91285,-12.24401,-0.09813223403494958,0.4288043829003936,0.01852538998377955,0.0432024268466556
-11.90881,-12.23486,-0.09880290094798792,0.43349578853315107,0.010563602916614609,0.024368409557932232
-11.90477,-12.22572,-0.09947283376543807,0.43975425272321667,0.0183696285288957,0.04177248637196836
-11.90073,-12.21657,-0.1001435006784766,0.407956949913536,0.008359788239137292,0.020491839251443315
-11.89669,-12.20742,-0.10081416759151496,0.4170201631942108,0.00847839924119983,0.020330909604606692
-11.89265,-12.19827,-0.10148483450455349,0.4277366103647185,0.006778906911622348,0.015848320549045763
-11.88861,-12.18913,-0.10215476732200364,0.4376918652805764,0.011349311952575106,0.025929912920131117
-11.88457,-12.17998,-0.10282543423504217,0.4202086632555715,0.00898691526388267,0.02138679196724894
-11.88053,-12.17083,-0.10349610114808072,0.4204932451339869,0.00944455986859788,0.022460669649017655
-11.87649,-12.16168,-0.10416676806111906,0.43037531854812733,0.01551367109219077,0.03604684196232766
-11.87245,-12.15254,-0.1048367008785694,0.43248623996923696,0.011820882791096195,0.027332390487006065
-11.86841,-12.14339,-0.10550736779160774,0.40227250541650433,0.009752493700818928,0.024243500536337687
-11.86437,-12.13424,-0.10617803470464629,0.3959976656224365,0.015824552830493742,0.039961227563350445
-11.86033,-12.12509,-0.10684870161768482,0.3995744209154032,0.01187291655044956,0.02971390541779265
-11.85629,-12.11595,-0.10751863443513478,0.41648451454381147,0.010434638697796272,0.02505408564643912
-11.85225,-12.1068,-0.10818930134817331,0.4347443912552518,0.013085687623197015,0.030099727302781935
-11.84821,-12.09765,-0.10885996826121166,0.4590201448788417,0.019493826593183626,0.04246834656533216
-11.84417,-12.0885,-0.1095306351742502,0.4556627776386207,0.014295444213952027,0.031372859306251104
-11.84013,-12.07935,-0.11020130208728873,0.4647937695245469,0.016206795531055078,0.034868788253408715
-11.8394,-12.0777,-0.1103222416460695,0.48060412318124346,0.012225475618635639,0.025437725206583835
-11.8363,-12.06819,-0.1110195757817723,0.4736527398937179,0.006409962570610015,0.013533042312915439
-11.8332,-12.05869,-0.11171617582188689,0.47710665293675714,0.027684767435814737,0.0580263705513335
-11.8301,-12.04918,-0.11241350995758986,0.4692561072245187,0.016391965786439523,0.034931811294672564
-11.827,-12.03967,-0.11311084409329285,0.4818282380331872,0.00835415210166907,0.01733844437131901
-11.8239,-12.03016,-0.11380817822899583,0.5030003817053108,0.0252420686116175,0.05018300090755376
-11.8208,-12.02066,-0.11450477826911043,0.4958267673071016,0.016155754746997833,0.03258346626734534
-11.8177,-12.01115,-0.11520211240481322,0.47668064834014806,0.019380803776806118,0.04065783631933058
-11.8146,-12.00164,-0.11589944654051619,0.4493311607594304,0.013699802528084599,0.03048932218484487
-11.8115,-11.99214,-0.11659604658063098,0.44613109571634785,0.010141877253082906,0.022732953050040604
-11.8084,-11.98263,-0.11729338071633397,0.4132085130855881,0.01743162074503937,0.04218601551761531
-11.80529,-11.97312,-0.11799071230116993,0.41664224982810866,0.013981216821496516,0.03355688681900276
-11.80219,-11.96361,-0.11868804643687292,0.42362682866758156,0.010383640248788364,0.024511290471020592
-11.79909,-11.95411,-0.11938464647698752,0.41311923851115634,0.01106869252385993,0.0267929728079246
-11.79599,-11.9446,-0.1200819806126907,0.4222231830407316,0.017541982737303792,0.04154670667529767
-11.79289,-11.93509,-0.12077931474839329,0.43455215581986917,0.017365819996608023,0.039962567816155335
-11.78979,-11.92558,-0.12147664888409626,0.4296134966104804,0.013556119012006578,0.03155422052370381
-11.78669,-11.91608,-0.12217324892421105,0.4230456047565597,0.012407941907354607,0.029330033849411387
-11.78359,-11.90657,-0.12287058305991404,0.42589847638480516,0.017831467030947585,0.04186788171281601
-11.78049,-11.89706,-0.12356791719561702,0.4280252094021768,0.020836676863690073,0.04868095711650414
-11.77739,-11.88756,-0.12426451723573143,0.4321498107071796,0.015366648511297525,0.0355586144678652
-11.77429,-11.87805,-0.1249618513714344,0.451543525793071,0.015242802576216337,0.03375710580601184
-11.77119,-11.86854,-0.1256591855071374,0.44629843860263474,0.015077024662205526,0.03378238272446539
-11.76809,-11.85903,-0.12635651964284036,0.4529606740554032,0.015351922562036203,0.03389239605414058
-11.76499,-11.84953,-0.12705311968295516,0.45568931814017477,0.013907626388527041,0.030519974541621604
-11.76189,-11.84002,-0.12775045381865774,0.4468870962844319,0.018055978119039393,0.040403892323503644
-11.75879,-11.83051,-0.12844778795436074,0.4464459793926877,0.012526084719051532,0.02805733570742668
-11.75569,-11.82101,-0.12914438799447553,0.42679599961167225,0.01172996217684213,0.027483767859855388
-11.75259,-11.8115,-0.1298417221301785,0.43440745805069536,0.015760061032848542,0.03627944396619761
-11.74949,-11.80199,-0.13053905626588147,0.4283032878633922,0.008269955371144657,0.019308643210281327
-11.74639,-11.79248,-0.13123639040158427,0.41924103467252516,0.00804397377506915,0.01918699056105614
-11.74329,-11.78298,-0.13193299044169887,0.40625167305000004,0.014842244648600747,0.036534605598471014
-11.74019,-11.77347,-0.13263032457740195,0.4181157049457404,0.019510709069927825,0.04666342076880313
-11.73708,-11.76396,-0.13332765616223782,0.4134628720021549,0.014033023623467459,0.03394022673792659
-11.73398,-11.75445,-0.1340249902979408,0.4244869688540023,0.013959111954633905,0.03288466544054263
-11.73088,-11.74495,-0.13472159033805559,0.43608783147641156,0.011307472367781561,0.0259293462271102
-11.72778,-11.73544,-0.13541892447375847,0.4301768300933927,0.010967983481897585,0.025496453352721025
-11.72468,-11.72593,-0.13611625860946155,0.400790477409693,0.025709336954240967,0.06414657633684387
-11.72158,-11.71643,-0.13681285864957596,0.4117294440338989,0.015768224019690864,0.03829753797834439
-11.71848,-11.70692,-0.13751019278527893,0.41184559186152825,0.014614296195865399,0.03548489163088834
-11.71538,-11.69741,-0.138207526920982,0.4007689010917189,0.014036052299686172,0.03502280806083284
-11.71228,-11.6879,-0.1389048610566849,0.38530267911292115,0.011375860025136922,0.029524476838124928
-11.70918,-11.6784,-0.1396014610967997,0.36401301126801433,0.019332237568288443,0.053108644388687974
-11.70608,-11.66889,-0.14029879523250266,0.3751853909282363,0.006785792754619111,0.01808650581471352
-11.70298,-11.65938,-0.14099612936820535,0.3742896227843722,0.010100451558618667,0.026985657479575716
-11.69988,-11.64988,-0.14169272940832014,0.37993215715415396,0.014416643523789834,0.03794531010951099
-11.69678,-11.64037,-0.14239006354402303,0.38671919977068814,0.015665097101217877,0.04050767872530448
-11.69368,-11.63086,-0.143087397679726,0.3931760498164829,0.01695593461164801,0.043125553093995135
-11.69058,-11.62135,-0.143784731815429,0.3957205817925982,0.012306514572056039,0.031099000502597125
-11.68748,-11.61185,-0.1444813318555435,0.3839617418154579,0.01383257455238749,0.036025918850622854
-11.68438,-11.60234,-0.14517866599124649,0.39241973928325613,0.011493561012488105,0.029288947170396623
-11.68128,-11.59283,-0.14587600012694954,0.37575491235870107,0.010927415994643011,0.029081232567391008
-11.67818,-11.58332,-0.14657333426265243,0.37128840139591185,0.00968584867604087,0.026087129680392753
-11.6752,-11.5742,-0.14724206928081582,0.3747802179198648,0.01260107093805172,0.03362256153217263
-11.67106,-11.5651,-0.14790904020724416,0.37938580165589586,0.016189684619685923,0.042673406724825245
-11.66692,-11.556,-0.1485760111336724,0.37834017427299593,0.010646867019791778,0.0281409898915715
-11.66278,-11.54689,-0.14924371615568893,0.3754753172191022,0.00857480378098974,0.022837196981409194
-11.65864,-11.53779,-0.14991068708211716,0.3687799261447919,0.005465004802375692,0.014819149348790745
-11.6545,-11.52869,-0.1505776580085457,0.3685398529973547,0.012338617527552154,0.03347973747534088
-11.65036,-11.51959,-0.15124462893497384,0.37665632483064865,0.014240716756637175,0.037808250699201865
-11.64622,-11.51048,-0.15191233395699047,0.3849502878260097,0.009324522529869315,0.024222666730629446
-11.64207,-11.50138,-0.1525793023325519,0.37777703295167686,0.009738978742574938,0.025779700439917147
-11.63793,-11.49228,-0.15324627325898024,0.37578274126825456,0.00941374793620188,0.025051038545386053
-11.63379,-11.48318,-0.1539132441854084,0.3734940314902784,0.009235606931362654,0.02472758907153526
-11.62965,-11.47407,-0.15458094920742502,0.37403879376004634,0.006519466101025236,0.01742991959600749
-11.62551,-11.46497,-0.15524792013385325,0.3798890605641896,0.015473050526062678,0.04073044510174361
-11.62137,-11.45587,-0.15591489106028159,0.37003410441124124,0.007916533237386388,0.021394063798476984
-11.61723,-11.44677,-0.15658186198670992,0.37236671867712867,0.012185251404890235,0.03272379295383756
-11.61309,-11.43766,-0.15724956700872655,0.36644972906097834,0.011317760763633358,0.030884893250255476
-11.60895,-11.42856,-0.1579165379351548,0.3844615304694291,0.013426518369661281,0.034922917653861095
-11.60481,-11.41946,-0.15858350886158296,0.3631518296539657,0.011687789616975579,0.03218430601908974
-11.60067,-11.41036,-0.1592504797880115,0.36054912384778454,0.007678621408091594,0.02129701863131785
-11.59653,-11.40125,-0.15991818481002812,0.3697083517848813,0.011026945055433598,0.029826064253614
-11.59239,-11.39215,-0.16058515573645626,0.37656893019855536,0.017836809902421646,0.04736665314638874
-11.58825,-11.38305,-0.16125212666288452,0.37656199390771117,0.010299521200579058,0.02735146235470405
-11.5841,-11.37395,-0.16191909503844604,0.3795024242546571,0.012063494825082155,0.03178766209142106
-11.57996,-11.36484,-0.16258680006046267,0.3980881730999819,0.008450517973971729,0.021227754414721932
-11.57582,-11.35574,-0.1632537709868908,0.39394285795491824,0.007863905017119577,0.019962044896418712
-11.57168,-11.34664,-0.16392074191331904,0.3901210290134191,0.016539841302848687,0.04239669249483027
-11.56754,-11.33754,-0.16458771283974757,0.3746880468008064,0.011602987044237643,0.03096705951339324
-11.5634,-11.32843,-0.165255417861764,0.36931385691014523,0.009261970715523407,0.025078860546997733
-11.55926,-11.31933,-0.16592238878819235,0.38829088473636303,0.006734864385534483,0.017344894382744107
-11.55512,-11.31023,-0.1665893597146206,0.3852567144510729,0.016805421806343104,0.04362135992954218
-11.55098,-11.30113,-0.16725633064104894,0.3731467178688187,0.011849915817299031,0.03175671994377536
-11.54684,-11.29202,-0.16792403566306538,0.3656504160076674,0.011319739124448697,0.030957818257237618
-11.5427,-11.28292,-0.1685910065894939,0.3693404805496929,0.011621588105297183,0.031465784871456993
-11.53856,-11.27382,-0.16925797751592214,0.3683865133268906,0.011834360832691562,0.032124848235663424
-11.53442,-11.26472,-0.16992494844235048,0.369770637540207,0.01696716414876622,0.04588564484631719
-11.53028,-11.25561,-0.17059265346436692,0.3733885334895108,0.009303855707896772,0.024917357854959774
-11.52613,-11.24651,-0.17125962183992846,0.37127668388849383,0.012440992627813119,0.03350868279018982
-11.52199,-11.23741,-0.1719265927663567,0.36179142804608033,0.015880567892151778,0.04389426244263896
-11.51785,-11.22831,-0.17259356369278503,0.36664622341493414,0.010145518684542158,0.027671139198017752
-11.51371,-11.2192,-0.17326126871480166,0.3642703973135867,0.010282339301771153,0.02822721631403793
-11.50957,-11.2101,-0.17392823964123,0.3458875474954291,0.013904171592793342,0.040198531845027134
-11.50543,-11.201,-0.17459521056765825,0.3733485390676546,0.018057555632613558,0.04836648263766567
-11.50129,-11.1919,-0.1752621814940866,0.37598510141244995,0.017800313309879155,0.04734313472265084
-11.49715,-11.18279,-0.1759298865161031,0.3531006239795073,0.013172050933530008,0.03730395824589216
-11.49301,-11.17369,-0.17659685744253137,0.3528617807511976,0.013211757008841732,0.03744173421308363
-11.48887,-11.16459,-0.1772638283689598,0.3582174778086613,0.011433059726654095,0.0319165323718821
-11.48473,-11.15549,-0.17793079929538813,0.3537266522226795,0.010218618399413558,0.02888846044029696
-11.48059,-11.14638,-0.17859850431740468,0.3613168148456822,0.015622028712698554,0.04323637337324225
-11.47645,-11.13728,-0.1792654752438329,0.3679212784781399,0.005777374345289139,0.01570274589495482
-11.47231,-11.12818,-0.17993244617026116,0.3709839997494685,0.010674478519948965,0.028773420220703894
-11.46816,-11.11908,-0.18059941454582268,0.37599683161950426,0.01344534885954098,0.03575920786786631
-11.46402,-11.10998,-0.1812663854722509,0.36499940085901206,0.011668280737654503,0.03196794490674136
-11.45988,-11.10087,-0.18193409049426765,0.3734969076398313,0.007702860913274106,0.020623627011932565
-11.45574,-11.09177,-0.18260106142069588,0.3809074488298718,0.009776077433748311,0.025665230395939802
-11.4516,-11.08267,-0.18326803234712422,0.37146880278633443,0.01467424773270744,0.03950331124077716
-11.44746,-11.07357,-0.18393500327355247,0.3613162443777356,0.012637891367372527,0.03497736834151395
-11.44332,-11.06446,-0.184602708295569,0.35957632838633646,0.014018591070595719,0.03898641251916296
-11.4417,-11.0609,-0.18486363308455514,0.36703643494916716,0.016825670995314217,0.04584196388471486
-11.43614,-11.05259,-0.18547224823641317,0.3584615498394125,0.014297902106145956,0.039886850103034166
-11.43057,-11.04428,-0.18608086083740438,0.35235637219668936,0.014226302724386974,0.04037475648785965
-11.42501,-11.03597,-0.18668947598926258,0.34870666448849663,0.01001415850063525,0.02871800146213037
-11.41944,-11.02766,-0.18729808859025399,0.3616641859355797,0.01119506646729551,0.030954313151951397
-11.41388,-11.01936,-0.18790596964652384,0.36793700638127014,0.016077729055532536,0.0436969611011951
-11.40831,-11.01105,-0.18851458224751522,0.3582749450008803,0.01465140834809209,0.04089431469469932
-11.40275,-11.00274,-0.18912319739937325,0.3679487806472763,0.012826417273028343,0.03485924657900694
-11.39718,-10.99443,-0.18973181000036465,0.3545934011753734,0.007872405940896011,0.022201219522984036
-11.39162,-10.98612,-0.1903404251522228,0.3677519684447056,0.00830668738226168,0.022587744172770232
-11.38606,-10.97781,-0.190949040304081,0.3878421747271737,0.009656637793076548,0.024898369549081346
-11.38049,-10.9695,-0.1915576529050722,0.38969569377582675,0.01813072192089662,0.046525332998230036
-11.37493,-10.96119,-0.19216626805693024,0.38925026645566196,0.0234469882969592,0.060236280659373566
-11.36936,-10.95288,-0.19277488065792164,0.38200956988200097,0.017871855170493497,0.04678378914961198
-11.3638,-10.94458,-0.19338276171419147,0.3693386410282849,0.01372921633332526,0.037172434205913055
-11.35823,-10.93627,-0.19399137431518268,0.3725693297044116,0.012507277258022859,0.033570335131842065
-11.35267,-10.92796,-0.19459998946704102,0.36721884416017164,0.01137437851929677,0.03097438680008358
-11.3471,-10.91965,-0.19520860206803223,0.37033814774069945,0.012459219971847462,0.03364282088641612
-11.34154,-10.91134,-0.19581721721989054,0.37450655585329135,0.00940218240937911,0.025105521552104174
-11.33598,-10.90303,-0.19642583237174857,0.3717117666739531,0.014115207398907722,0.037973528589663595
-11.33041,-10.89472,-0.19703444497273986,0.38800495038558014,0.01704321370500749,0.04392524808786792
-11.32485,-10.88641,-0.1976430601245981,0.4070780640648004,0.006930117250729053,0.01702404983832754
-11.31928,-10.8781,-0.1982516727255893,0.3976716797958092,0.012584960639240625,0.03164661020292562
-11.31372,-10.8698,-0.19885955378185932,0.3965563070321982,0.013763744970572726,0.03470817315598813
-11.30815,-10.86149,-0.19946816638285053,0.40345766517602916,0.010434028124456948,0.025861519125939935
-11.30259,-10.85318,-0.20007678153470856,0.4070818868387421,0.01364787608914247,0.033526119757199664
-11.29703,-10.84487,-0.2006853966865668,0.39195645928782324,0.013551489814218226,0.03457396731984211
-11.29146,-10.83656,-0.20129400928755808,0.3685712291957838,0.01855822263124653,0.05035179406634712
-11.2859,-10.82825,-0.2019026244394163,0.36449966915053195,0.01563992332943081,0.042907921880641804
-11.28033,-10.81994,-0.20251123704040752,0.36991066081000457,0.011877926815802024,0.032110258162856314
-11.27477,-10.81163,-0.20311985219226575,0.38819562319785,0.01566817663676489,0.04036154892137812
-11.2692,-10.80333,-0.20372773069766856,0.38556601915160443,0.01083980311475803,0.028114000135722083
-11.26364,-10.79502,-0.20433634584952698,0.3867578922618225,0.01704090119168025,0.04406090097353233
-11.25807,-10.78671,-0.2049449584505182,0.3874708565554871,0.01615922462276406,0.04170436137162746
-11.25251,-10.7784,-0.20555357360237642,0.37641928445086326,0.010157185392722996,0.02698370092154215
-11.24695,-10.77009,-0.20616218875423442,0.38763628401317,0.009917190793097762,0.02558375261063235
-11.24138,-10.76178,-0.20677080135522563,0.39679818985493415,0.018241748971038894,0.045972359343947396
-11.23582,-10.75347,-0.20737941650708386,0.37826533250208405,0.008218037763235186,0.02172559062940273
-11.23025,-10.74516,-0.20798802910807518,0.3799824163755605,0.016427269251234375,0.043231656369589144
-11.22469,-10.73685,-0.20859664425993338,0.378723719508978,0.012056194744493313,0.03183374614118277
-11.21912,-10.72855,-0.2092045227653364,0.3654508230371873,0.019031279264042914,0.05207617021047547
-11.21356,-10.72024,-0.20981313791719444,0.36510815516787426,0.016344834243048934,0.04476710260151184
-11.20799,-10.71193,-0.21042175051818585,0.3670002442957564,0.015960789070188844,0.043489859525342546
-11.20243,-10.70362,-0.21103036567004385,0.3420958602175686,0.013205114846943703,0.03860062743391697
-11.19687,-10.69531,-0.21163898082190227,0.34017049536256794,0.010725491908681285,0.0315297536232518
-11.1913,-10.687,-0.21224759342289348,0.3444827531975151,0.01060161851039113,0.030775469633780216
-11.18574,-10.67869,-0.21285620857475152,0.35314542597342213,0.009229684997119156,0.026135649277286083
-11.18017,-10.67038,-0.21346482117574292,0.3663207771546146,0.010420182484215076,0.028445513151488497
-11.17461,-10.66207,-0.21407343632760104,0.3744321096592363,0.014358872221393199,0.03834839975252374
-11.16904,-10.65377,-0.21468131483300396,0.37141567476116066,0.00994722959318308,0.026781932667703533
-11.16348,-10.64546,-0.21528992998486227,0.36190963441896307,0.01007583767917108,0.027840755594549415
-11.15791,-10.63715,-0.21589854258585348,0.3574924142228429,0.010208281738122932,0.028555240144926823
-11.15235,-10.62884,-0.2165071577377117,0.3628776021709139,0.011002783976873922,0.030320923394141188
-11.14679,-10.62053,-0.21711577288956974,0.3607349925578802,0.011476516030905583,0.03181425774507907
-11.14122,-10.61222,-0.21772438549056095,0.35548416790483983,0.011178147457352175,0.0314448531512224
-11.13566,-10.60391,-0.21833300064241926,0.35872376720761123,0.016549034122347244,0.04613308521810181
-11.13009,-10.5956,-0.21894161324341058,0.3517349875689298,0.015813180879338112,0.044957656867271954
-11.12453,-10.58729,-0.21955022839526878,0.3638407778020024,0.01018916737852987,0.028004467888628707
-11.11896,-10.57899,-0.2201581069006718,0.3733752033235122,0.009296569888743776,0.024898734050875712
-11.1134,-10.57068,-0.22076672205252984,0.37059313496579727,0.01955590472867993,0.052769203969428045
-11.10783,-10.56237,-0.22137533465352124,0.3684858440104217,0.011593419326226474,0.031462319420603256
-11.10227,-10.55406,-0.22198394980537936,0.38003909790690704,0.006075114403321667,0.015985498431031968
-11.09671,-10.54575,-0.2225925649572376,0.37493584072189984,0.009822949982729317,0.02619901571377186
-11.09114,-10.53744,-0.2232011775582288,0.3764633023630882,0.009820610665611065,0.026086501935159042
-11.08558,-10.52913,-0.2238097927100868,0.3886713425866038,0.017964438442822427,0.046220126040858255
-11.08001,-10.52082,-0.224418405311078,0.3848640252334603,0.01025632103794367,0.02664920690293705
-11.07445,-10.51251,-0.22502702046293635,0.39205396451453556,0.01544217360712816,0.0393878777026259
-11.06888,-10.50421,-0.22563489896833927,0.4144290107405104,0.013522018767201627,0.03262806998728251
-11.06332,-10.4959,-0.22624351412019758,0.41826524374283247,0.016145011989284294,0.03859993683627929
-11.05775,-10.48759,-0.2268521267211888,0.41489339204434605,0.013682823600025807,0.03297913117537267
-11.05219,-10.47928,-0.2274607418730469,0.3967720039646723,0.007878652878315337,0.01985687699633373
-11.04663,-10.47097,-0.22806935702490522,0.3911738365475165,0.010891263254274433,0.02784251459760258
-11.04106,-10.46266,-0.22867796962589643,0.39333350619570956,0.0098288130733746,0.02498849683170422
-11.0355,-10.45435,-0.22928658477775465,0.3772270395474714,0.00980443664587811,0.025990810885772386
-11.02993,-10.44604,-0.22989519737874586,0.38992128614411475,0.010863700268269176,0.027861264963754653
-11.02437,-10.43774,-0.23050307843501572,0.37391977405062116,0.012015194113427049,0.03213308026817655
-11.0188,-10.42943,-0.2311116910360071,0.39680312847124927,0.020370932370371842,0.05133763044876759
-11.01324,-10.42112,-0.23172030618786513,0.36925093407937376,0.021614017868789744,0.05853476829429934
-11.00768,-10.41281,-0.23232892133972335,0.3872593939636955,0.020866876466364048,0.053883461038314436
-11.00211,-10.4045,-0.23293753394071465,0.37503328987295914,0.012808301766414783,0.03415243956277465
-10.99655,-10.39619,-0.23354614909257268,0.3827888804044531,0.014195843675160946,0.03708530838242135
-10.99098,-10.38788,-0.2341547616935642,0.38390315293557364,0.016292471480767345,0.042439014517553435
-10.98542,-10.37957,-0.2347633768454223,0.3855242451799436,0.017851601480227096,0.04630474400357065
-10.97985,-10.37126,-0.23537198944641352,0.3781966807462693,0.01379965249102422,0.036488031739978055
-10.97429,-10.36296,-0.23597987050268354,0.3631695321645817,0.009842109238424808,0.027100591780823028
-10.96872,-10.35465,-0.23658848310367475,0.38575729447098583,0.011796436056464214,0.030579942947395036
-10.96316,-10.34634,-0.23719709825553298,0.38879796914194253,0.014661309142076666,0.03770932542274702
-10.9576,-10.33803,-0.237805713407391,0.38512682585445723,0.013320866816172578,0.03458826007930865
-10.95203,-10.32972,-0.23841432600838222,0.3781069894082748,0.012509604993116303,0.03308482874832182
-10.94647,-10.32141,-0.23902294116024053,0.36591651990177737,0.009634124078950918,0.026328748648836615
-10.9409,-10.3131,-0.23963155376123174,0.36652016012993366,0.01244534346631792,0.03395541315355196
-10.93534,-10.30479,-0.24024016891308997,0.36096456698793855,0.00792637658542029,0.021958877159500106
-10.9334,-10.3019,-0.24045182766992212,0.3628658192915533,0.011735915908516262,0.03234230198763019
-10.92785,-10.29358,-0.24106117946823544,0.3664723040929482,0.0164081206947536,0.044773153418414986
-10.92231,-10.28526,-0.24167053381741568,0.3780193423753295,0.010019457202374822,0.026505144259064552
-10.91676,-10.27694,-0.2422798856157289,0.373276421976661,0.012758922527246301,0.03418089591537086
-10.91121,-10.26862,-0.24288923741404223,0.3736520834412877,0.00923333096565448,0.02471103835583275
-10.90566,-10.2603,-0.24349858921235545,0.37969915000793425,0.008639720440721775,0.022754121099668616
-10.90012,-10.25198,-0.2441079435615357,0.38563879880961827,0.016429279363872437,0.042602765630911595
-10.89457,-10.24366,-0.24471729535984904,0.3850237646055567,0.016804242752257274,0.04364468974914478
-10.88902,-10.23534,-0.24532664715816235,0.3835826590308974,0.015639982121308234,0.0407734337126237
-10.88347,-10.22702,-0.24593599895647578,0.3705428991167933,0.007428001884190048,0.02004626698256813
-10.87793,-10.2187,-0.24654535330565583,0.36906768701964543,0.012039315247642837,0.032620886821235005
-10.87238,-10.21038,-0.24715470510396917,0.37442862134023375,0.011018396458500362,0.029427228129786123
-10.86683,-10.20206,-0.24776405690228256,0.35099512448673276,0.012555482542417317,0.03577110240712732
-10.86128,-10.19374,-0.2483734087005959,0.361684522578157,0.013988409816130441,0.038675721361860774
-10.85574,-10.18542,-0.24898276304977596,0.36122681279085944,0.011211030959166614,0.031035987812060614
-10.85019,-10.1771,-0.24959211484808938,0.36081379163768423,0.01299820864520535,0.03602470012636786
-10.84464,-10.16878,-0.2502014666464027,0.3785732805148678,0.012374444225224636,0.03268705125833267
-10.83909,-10.16046,-0.25081081844471576,0.37469896411535286,0.01913491327565639,0.05106743041265952
-10.83355,-10.15214,-0.25142017279389617,0.38274800551943583,0.011088568022850154,0.028970936132773864
-10.828,-10.14382,-0.2520295245922093,0.3768454368018612,0.017811506666626415,0.04726475346971336
-10.82245,-10.1355,-0.2526388763905226,0.37690552011043377,0.014351496802300207,0.038077173287605875
-10.8169,-10.12718,-0.2532482281888361,0.3671480109022426,0.01842607249826435,0.05018704160478349
-10.81136,-10.11885,-0.25385831663360436,0.3665458417242603,0.016264670362840742,0.044372813742287895
-10.80581,-10.11053,-0.2544676684319176,0.3883375357891818,0.01691547193683145,0.043558683819877805
-10.80026,-10.10221,-0.25507702023023104,0.3685250404241606,0.011568226445115373,0.03139061169846345
-10.79472,-10.09389,-0.2556863745794112,0.37162878543876576,0.013818425007352935,0.037183408683044095
-10.78917,-10.08557,-0.2562957263777245,0.3872239022818825,0.016340916161628114,0.04220017427987341
-10.78362,-10.07725,-0.2569050781760379,0.3973099302222848,0.015863238897135555,0.039926610664527004
-10.77807,-10.06893,-0.25751442997435114,0.3988407619035321,0.012298235960155822,0.030834952529577218
-10.77253,-10.06061,-0.25812378432353134,0.39013997646256454,0.010066022916741047,0.02580105481117473
-10.76698,-10.05229,-0.25873313612184473,0.39460748215654373,0.00870663163131106,0.022064030777442466
-10.76143,-10.04397,-0.25934248792015796,0.392363702802589,0.016795921722830225,0.04280702216555644
-10.75588,-10.03565,-0.2599518397184713,0.37418801034352933,0.009044681237467883,0.024171488629911652
-10.75034,-10.02733,-0.26056119406765155,0.36924813795868494,0.011820483691550058,0.03201230412940538
-10.74479,-10.01901,-0.26117054586596483,0.3794880081380429,0.008993103774713686,0.023697991983563146
-10.73924,-10.01069,-0.26177989766427806,0.3871436972364658,0.011688452833969624,0.030191510070820975
-10.73369,-10.00237,-0.2623892494625914,0.39069118493366706,0.009516920925145824,0.024359190307202967
-10.72815,-9.99405,-0.26299860381177165,0.40198512666054115,0.01310997274526285,0.03261307913099394
-10.7226,-9.98573,-0.263607955610085,0.3762101216118597,0.011432599623855571,0.030388867728685716
-10.71705,-9.97741,-0.2642173074083982,0.37465641362821134,0.016137633435134385,0.04307315409031939
-10.7115,-9.96909,-0.2648266592067116,0.38732501824188276,0.011379568807484045,0.02937989613771232
-10.70596,-9.96077,-0.26543601355589175,0.39906341071527496,0.007808984059112434,0.019568278748271446
-10.70041,-9.95245,-0.266045365354205,0.3937476649305979,0.011204042142273878,0.028454878949564583
-10.69486,-9.94413,-0.26665471715251843,0.41381410016957404,0.008300032366221306,0.020057393797891596
-10.68931,-9.93581,-0.26726406895083155,0.4450488823976372,0.020821877121963164,0.046785595797451014
-10.68377,-9.92749,-0.2678734233000119,0.43280242455715073,0.018862814591657846,0.04358296885919374
-10.67822,-9.91917,-0.2684827750983253,0.42830018809815906,0.015389268256555117,0.035931033149647275
-10.67267,-9.91085,-0.26909212689663836,0.4122201007030794,0.015552261831251078,0.03772805305885196
-10.66712,-9.90253,-0.2697014786949517,0.3978582653360855,0.012325036432168097,0.030978460185454956
-10.66158,-9.89421,-0.2703108330441321,0.3962017644547475,0.009862347299433773,0.024892234674942268
-10.65603,-9.88589,-0.2709201848424452,0.3977807872628708,0.014087527904794056,0.03541530500185874
-10.65048,-9.87757,-0.27152953664075846,0.4085028074095322,0.01203812718564032,0.029468897073140203
-10.64494,-9.86925,-0.2721388909899387,0.4096930822452315,0.019736172249325917,0.048173066875247764
-10.63939,-9.86093,-0.27274824278825205,0.41960805535362117,0.013760515988942564,0.03279373647235157
-10.63384,-9.85261,-0.2733575945865653,0.4371234400769823,0.01641555038729627,0.03755358071030304
-10.62829,-9.84429,-0.2739669463848786,0.45189128588933514,0.022687533495884704,0.050205733556545534
-10.62275,-9.83597,-0.27457630073405886,0.4607597494361838,0.017468250592371157,0.03791184150470276
-10.6172,-9.82765,-0.27518565253237215,0.46834033450505086,0.01952179427392139,0.04168292336928938
-10.6117,-9.8194,-0.27578987841590213,0.4567918810277999,0.022626819629272387,0.049534198327608504
-10.60617,-9.81107,-0.27639996941153727,0.42677140952802367,0.017858824557098,0.041846347150687725
-10.60064,-9.80274,-0.27701006040717274,0.4217763675688806,0.01778336245184169,0.04216301295955724
-10.59511,-9.7944,-0.27762088549839625,0.4135792403321007,0.008267230715911284,0.01998947217290879
-10.58958,-9.78607,-0.2782309764940316,0.42189835396070985,0.014555782284475086,0.0345006851717431
-10.58405,-9.77774,-0.27884106748966714,0.4271005522681038,0.008456227196830722,0.019799148354934685
-10.57852,-9.76941,-0.27945115848530233,0.41911195116175676,0.014964603983297384,0.035705505275657905
-10.57299,-9.76108,-0.28006124948093775,0.43057427259992886,0.015126477954374312,0.03513093771960961
-10.56746,-9.75275,-0.2806713404765729,0.4417268296823441,0.014070759643019683,0.03185398462922954
-10.56193,-9.74441,-0.2812821655677966,0.4561912624555631,0.011875461486395752,0.026031760061499477
-10.5564,-9.73608,-0.28189225656343186,0.46108734006017105,0.009785980689944304,0.021223702842648535
-10.55087,-9.72775,-0.28250234755906733,0.4569672158599625,0.019796062007984824,0.043320530053191655
-10.54534,-9.71942,-0.28311243855470275,0.44819392268784697,0.02563528846726898,0.057196867627147985
-10.53981,-9.71109,-0.28372252955033794,0.4426463115438102,0.014562297240327284,0.03289826857370302
-10.53428,-9.70276,-0.28433262054597336,0.44672572288108736,0.02885870864791197,0.06460050802938382
-10.52875,-9.69442,-0.2849434456371969,0.4366128255337232,0.014999817361887886,0.0343549627603171
-10.52322,-9.68609,-0.2855535366328323,0.42824287005614803,0.012851389412364394,0.030009581737296443
-10.51769,-9.67776,-0.2861636276284676,0.43467540013556727,0.007669827675602042,0.017644954541273704
-10.51216,-9.66943,-0.28677371862410295,0.43186289701197766,0.008371908664008679,0.019385570564022046
-10.50663,-9.6611,-0.2873838096197382,0.43526464969042894,0.016118997763690482,0.03703263698339554
-10.5011,-9.65277,-0.28799390061537355,0.4359791141760465,0.012734637305943068,0.0292092829492765
-10.49557,-9.64443,-0.2886047257065973,0.4277745783407969,0.015317906257470124,0.03580836036793834
-10.49004,-9.6361,-0.2892148167022324,0.44260524988260064,0.018451733799275127,0.04168891761715293
-10.48451,-9.62777,-0.28982490769786795,0.4295293246705388,0.01727124170426664,0.04020969166078282
-10.47898,-9.61944,-0.29043499869350314,0.446297178789663,0.015683302490153532,0.035140940242297546
-10.47345,-9.61111,-0.29104508968913856,0.4342836154543578,0.019755358459421543,0.045489532085508266
-10.46792,-9.60278,-0.2916551806847739,0.42819493211749143,0.013838557461508652,0.03231835882100426
-10.46239,-9.59444,-0.29226600577599743,0.43501341800988313,0.012108513379521178,0.02783480434906052
-10.45686,-9.58611,-0.2928760967716327,0.4514638668045684,0.01383824587133277,0.030651945568266552
-10.45133,-9.57778,-0.29348618776726804,0.4536346651212198,0.008981369388151545,0.019798684004344227
-10.4458,-9.56945,-0.29409627876290356,0.47905116246000146,0.011605981831880986,0.02422701945295881
-10.44027,-9.56112,-0.29470636975853876,0.47025831894213244,0.015197607868954657,0.032317573675554254
-10.43474,-9.55279,-0.29531646075417417,0.4766363909691117,0.015640712407739732,0.03281476761759327
-10.42921,-9.54445,-0.29592728584539774,0.46555208366966755,0.013683199758122764,0.029391340385089282
-10.42367,-9.53612,-0.29653737429016624,0.4490444295103943,0.009084477458058378,0.02023068734638004
-10.41814,-9.52779,-0.2971474652858016,0.46986323758494625,0.020489156847169687,0.043606639567040965
-10.41261,-9.51946,-0.29775755628143696,0.47548270457107666,0.025838899857814783,0.0543424600083478
-10.40708,-9.51113,-0.2983676472770722,0.46526274630106973,0.02241714412927306,0.048181687245526884
-10.40155,-9.50279,-0.29897847236829594,0.44166209251015875,0.020589203473759102,0.046617547267282226
-10.39602,-9.49446,-0.2995885633639311,0.44542744650142724,0.018780614940366758,0.042163129119854495
-10.39049,-9.48613,-0.3001986543595666,0.44581218326212124,0.016248473629766794,0.03644690351634757
-10.38496,-9.4778,-0.30080874535520175,0.4426350412239013,0.022079808433256257,0.049882649083102
-10.37943,-9.46947,-0.3014188363508372,0.44456766912126316,0.007386756282169132,0.01661559486943769
-10.3739,-9.46114,-0.3020289273464726,0.4559387688769915,0.018606158358403332,0.040808458566117506
-10.36837,-9.4528,-0.3026397524376961,0.45142724852816346,0.018254990920250676,0.040438389529585055
-10.36284,-9.44447,-0.30324984343333145,0.4409362755591853,0.010365083118514883,0.023506986594310303
-10.35731,-9.43614,-0.3038599344289667,0.4483000066865731,0.013988457908752088,0.031203340843427768
-10.35178,-9.42781,-0.3044700254246022,0.4520075120595842,0.004920644722860284,0.010886201205903051
-10.34625,-9.41948,-0.3050801164202374,0.4679414314901327,0.011340781453451566,0.024235471984896693
-10.34072,-9.41115,-0.3056902074158728,0.4851817074246142,0.021076070456105066,0.04343954055477203
-10.33519,-9.40281,-0.3063010325070963,0.46400906685724097,0.01395635779451392,0.03007776957687724
-10.32966,-9.39448,-0.3069111235027317,0.47884744440599214,0.014229806222404077,0.029716784309157335
-10.32413,-9.38615,-0.30752121449836706,0.5058928707223344,0.01774482032715802,0.03507624114532638
-10.3186,-9.37782,-0.3081313054940024,0.49919928715450823,0.012385431229212837,0.02481059478231866
-10.31307,-9.36949,-0.3087413964896378,0.5008181847792148,0.016856814614114306,0.0336585513993379
-10.30754,-9.36116,-0.309351487485273,0.5128891848056635,0.013474974993385885,0.026272683052366616
-10.30201,-9.35282,-0.30996231257649676,0.5160208780078044,0.01715480249604665,0.03324439616140337
-10.29648,-9.34449,-0.3105724035721319,0.5255844148608791,0.01157996834606826,0.022032556557320004
-10.29095,-9.33616,-0.3111824945677673,0.5039193389142551,0.020335800385241166,0.040355268819523164
-10.28542,-9.32783,-0.3117925855634028,0.49557265251183374,0.024928179863064528,0.0503017665254829
-10.27989,-9.3195,-0.31240267655903803,0.5164520906953739,0.018837667033799865,0.03647514914391381
-10.27436,-9.31117,-0.3130127675546734,0.4906076250759782,0.023327836491129187,0.04754886654588075
-10.26883,-9.30283,-0.3136235926458969,0.4625425642318984,0.016134202978377594,0.03488155302025052
-10.2633,-9.2945,-0.31423368364153237,0.4879235102973949,0.01953693238157678,0.040040973573232407
-10.25777,-9.28617,-0.3148437746371675,0.4948131343761257,0.012372166454947011,0.02500371472666381
-10.25224,-9.27784,-0.31545386563280303,0.48191775410514887,0.014074358329281169,0.029204896913198816
-10.24671,-9.26951,-0.31606395662843817,0.4902782553983928,0.021106631280840303,0.043050310815211185
-10.24118,-9.26118,-0.31667404762407364,0.48806667076670773,0.02266067701561805,0.04642947034268948
-10.23565,-9.25284,-0.31728487271529726,0.4868891139012385,0.01946806162544712,0.039984590062935886
-10.23012,-9.24451,-0.3178949637109325,0.49567368166949466,0.016839713717514488,0.03397338680721579
-10.22459,-9.23618,-0.31850505470656804,0.46897026925480834,0.015196017646100487,0.03240294458377264
-10.21906,-9.22785,-0.31911514570220323,0.5006356035141228,0.011242330680344218,0.022456114989486707
-10.21353,-9.21952,-0.31972523669783864,0.49442861448288483,0.019732904660336635,0.03991052314189981
-10.208,-9.21118,-0.3203360617890621,0.48805352774820154,0.015268827835671702,0.031285150024669535
-10.20247,-9.20285,-0.32094615278469757,0.4984092603450357,0.022356279420687228,0.04485526493871835
-10.19694,-9.19452,-0.3215562437803329,0.4892444517832975,0.014876695605311015,0.030407489652842082
-10.19141,-9.18619,-0.3221663347759681,0.46952467377141877,0.014465880916980384,0.030809628812016144
-10.18588,-9.17786,-0.3227764257716035,0.4680362358094067,0.009878004415374855,0.021105212929277056
-10.18035,-9.16953,-0.32338651676723884,0.46577992760572606,0.012226700329652345,0.026249951114256726
-10.17482,-9.16119,-0.3239973418584626,0.4684859666436106,0.011955136573726067,0.025518665285486873
-10.16929,-9.15286,-0.3246074328540977,0.45849355756510135,0.010805730503537156,0.023567900410471642
-10.16376,-9.14453,-0.3252175238497332,0.4757921081792019,0.02793855295140711,0.05872008482512358
-10.15823,-9.1362,-0.3258276148453683,0.46975178364213566,0.018108123602924398,0.03854828067394727
-10.1527,-9.12787,-0.32643770584100384,0.49010187421105644,0.022586227715808854,0.04608476095335715
-10.14717,-9.11954,-0.3270477968366392,0.46793947561787946,0.02337898438086322,0.04996155613926994
-10.14164,-9.1112,-0.3276586219278627,0.4938180405320933,0.020377401559513765,0.04126500023684217
-10.13611,-9.10287,-0.3282687129234982,0.5019182433605377,0.013886273110041772,0.02766640442687992
-10.13058,-9.09454,-0.3288788039191333,0.5164913716471515,0.01662082187011525,0.0321802507893007
-10.12505,-9.08621,-0.32948889491476885,0.4839243738526083,0.02858361916717429,0.05906629364339514
-10.11952,-9.07788,-0.33009898591040404,0.46088712636033125,0.011028387581487288,0.0239286084395099
-10.11399,-9.06955,-0.33070907690603946,0.4913406801781277,0.012191913313412184,0.024813563796492896
-10.10846,-9.06121,-0.3313199019972628,0.4929886387335321,0.008972737623854659,0.018200698593998553
-10.10293,-9.05288,-0.3319299929928983,0.491319219133797,0.008190324167909725,0.016670066728408033
-10.0974,-9.04455,-0.3325400839885338,0.4828676506465247,0.02175501847622024,0.045053791545347575
-10.09187,-9.03622,-0.33315017498416893,0.47600176290939344,0.01156994520960738,0.024306517561805144
-10.08634,-9.02789,-0.3337602659798045,0.4676938726745539,0.01842535049858397,0.03939617680517551
-10.08081,-9.01956,-0.33437035697543965,0.470976929613404,0.02235463775767802,0.04746440080627212
-10.07528,-9.01122,-0.3349811820666634,0.45905332780331837,0.021073490258702886,0.04590640995795554
-10.06975,-9.00289,-0.3355912730622985,0.4440917457076237,0.012740229016345004,0.028688281508237663
-10.06422,-8.99456,-0.336201364057934,0.45675092128754236,0.015481542984187122,0.03389493542902104
-10.05868,-8.98623,-0.3368114525027023,0.4434375381497925,0.012455718024786724,0.028089002290507942
-10.05315,-8.9779,-0.33742154349833786,0.45569644795599185,0.008711937927647143,0.019117853489365982
-10.0509,-8.9745,-0.3376705620532979,0.4584746133968397,0.015760633486901827,0.034376240311609074
-10.04572,-8.96595,-0.33829689243221595,0.4796642560702882,0.016878806200151652,0.035188792966216555
-10.04054,-8.95739,-0.3389239569067223,0.4571133857195758,0.009105592838068933,0.019919768535623057
-10.03537,-8.94884,-0.33955028983650715,0.4511335825878097,0.01220013718693261,0.027043291960110166
-10.03019,-8.94028,-0.34017735431101337,0.45576297694880913,0.02286854673270551,0.05017640284387138
-10.02501,-8.93173,-0.3408036846899315,0.43847564957181256,0.01264611827717332,0.028841095941183312
-10.01983,-8.92317,-0.34143074916443755,0.43389362312338386,0.017166196365390768,0.03956314509031011
-10.01465,-8.91462,-0.3420570795433558,0.43557247547690003,0.00896710194183599,0.020586934314474486
-10.00947,-8.90606,-0.34268414401786196,0.44955464025352254,0.011877280594908475,0.026420104546602798
-10.0043,-8.89751,-0.3433104769476468,0.45932794401703136,0.019193449973923804,0.041785940141303775
-9.99912,-8.88895,-0.3439375414221532,0.46845282550150247,0.020522295869301294,0.043808671337036205
-9.99394,-8.8804,-0.3445638718010712,0.46253482699335546,0.009898273610523024,0.02140006121239648
-9.98876,-8.87184,-0.3451909362755774,0.474193681123183,0.018059351519033567,0.038084336080265534
-9.98358,-8.86329,-0.34581726665449564,0.4934147900282683,0.0166181720230374,0.03367992277265407
-9.97841,-8.85473,-0.3464443336798686,0.5009300100454138,0.022006197781623854,0.04393068360913093
-9.97323,-8.84618,-0.34707066405878667,0.5204701712123319,0.012590168970380289,0.02418999140921754
-9.96805,-8.83762,-0.34769772853329306,0.5066363900205317,0.013801269680271861,0.02724097587959001
-9.96287,-8.82907,-0.348324058912211,0.5042225668000558,0.01560810848318343,0.030954799548614135
-9.95769,-8.82051,-0.34895112338671735,0.5216488816320481,0.027139574037481053,0.05202651628921598
-9.95251,-8.81196,-0.3495774537656353,0.5222438987138522,0.016505371902983186,0.0316047194493445
-9.94734,-8.8034,-0.35020452079100844,0.4992251810894938,0.02672104722748347,0.05352503887958591
-9.94216,-8.79485,-0.3508308511699265,0.48080288796626125,0.02043906628641124,0.042510281859716045
-9.93698,-8.78629,-0.35145791564443285,0.5089572681515603,0.01877826582730235,0.03689556472098646
-9.9318,-8.77774,-0.35208424602335087,0.5023659429249244,0.010869105583560357,0.02163583287568656
-9.92662,-8.76918,-0.35271131049785703,0.5014304469717704,0.012167202122940575,0.02426498469811819
-9.92144,-8.76063,-0.35333764087677505,0.5009453693031143,0.012923938724015814,0.02579909809725327
-9.91627,-8.75207,-0.3539647079021483,0.507560082579454,0.0181503533244503,0.03576000940067825
-9.91109,-8.74352,-0.35459103828106625,0.48292897266964185,0.014725586350064376,0.030492240439957484
-9.90591,-8.73496,-0.3552181027555727,0.48529665857591164,0.015410461328845928,0.03175472374787715
-9.90073,-8.72641,-0.35584443313449055,0.4717248919322851,0.016958659842966288,0.03595031793531188
-9.89555,-8.71785,-0.3564714976089969,0.4747137124196562,0.020331679869877932,0.042829350275654834
-9.89038,-8.7093,-0.35709783053878175,0.44611220129758217,0.01684165844409454,0.03775206863902877
-9.8852,-8.70074,-0.35772489501328797,0.4562827909147479,0.010617589500806513,0.023269756633864172
-9.88002,-8.69219,-0.3583512253922061,0.4483185944869101,0.022294364294002177,0.049728841426971246
-9.87484,-8.68363,-0.35897828986671215,0.4733327701545741,0.014040385425055353,0.029662821402520363
-9.86966,-8.67508,-0.3596046202456304,0.47025543272631687,0.01330586604069913,0.02829497569769276
-9.86448,-8.66652,-0.3602316847201367,0.44649833056164656,0.0174729925749032,0.03913338836659046
-9.85931,-8.65797,-0.3608580176499214,0.4640702652062066,0.01817210319954855,0.039158085665053105
-9.85413,-8.64941,-0.3614850821244278,0.4702527980854482,0.012816573279741308,0.02725464544160447
-9.84895,-8.64086,-0.36211141250334594,0.4774309013386306,0.016374371439886792,0.03429684043068011
-9.84377,-8.6323,-0.3627384769778521,0.49743326429177853,0.023027925693363965,0.04629349773411316
-9.83859,-8.62375,-0.36336480735677024,0.48856235578412016,0.01854175653180739,0.03795166842531026
-9.83342,-8.61519,-0.3639918743821434,0.47679780713217246,0.013526776595364361,0.0283700478337448
-9.82824,-8.60664,-0.36461820476106127,0.4972571004566625,0.019543999996216598,0.03930361170965304
-9.82306,-8.59808,-0.36524526923556777,0.473748451417622,0.013833408523252459,0.029199902357164513
-9.81788,-8.58953,-0.3658715996144856,0.4787497562701469,0.013355252642164929,0.027896103271599127
-9.8127,-8.58098,-0.3664979299934037,0.4879041875443769,0.013287949829876076,0.027234752578686326
-9.80752,-8.57242,-0.3671249944679099,0.48316633572350315,0.017118137487845013,0.03542907736362047
-9.80235,-8.56387,-0.3677513273976949,0.48946472570409805,0.007814554982251906,0.015965512062203504
-9.79717,-8.55531,-0.3683783918722011,0.48906950989098197,0.01665442952067426,0.03405329750445225
-9.79199,-8.54676,-0.3690047222511191,0.48954912699433006,0.012536163932956361,0.025607570806885648
-9.78681,-8.5382,-0.36963178672562547,0.5076499542097788,0.0192986625032269,0.038015688454592106
-9.78163,-8.52965,-0.3702581171045433,0.4950287624330921,0.014626580412926169,0.02954693044710325
-9.77645,-8.52109,-0.37088518157904976,0.48166082490249806,0.022705809426717533,0.04714066050797019
-9.77128,-8.51254,-0.37151151450883474,0.4821462296645812,0.016283232541186788,0.03377239422262968
-9.7661,-8.50398,-0.37213857898334085,0.47008432310494186,0.014056592173819023,0.02990227812953682
-9.76092,-8.49543,-0.3727649093622589,0.48304580535213154,0.01394437587367348,0.028867605761545293
-9.75574,-8.48687,-0.37339197383676515,0.5085163178185036,0.022761843134853132,0.04476128363490814
-9.75056,-8.47832,-0.37401830421568316,0.515024067307855,0.017801278316596534,0.0345639736986424
-9.74539,-8.46976,-0.37464537124105635,0.5094853686567902,0.021394170611702845,0.04199172719740028
-9.74021,-8.46121,-0.37527170161997436,0.49107747981235655,0.012052908068790067,0.024543801262064697
-9.73503,-8.45265,-0.3758987660944807,0.4929951640907628,0.022372406019748534,0.04538057905904664
-9.72985,-8.4441,-0.37652509647339877,0.48886953184719284,0.013276404257267503,0.02715735670231407
-9.72467,-8.43554,-0.377152160947905,0.4827456542067717,0.023145633678566032,0.04794581468909961
-9.71949,-8.42699,-0.3777784913268231,0.4644842905219967,0.010988730376814556,0.023657916104041325
-9.71432,-8.41843,-0.3784055583521962,0.45425013450483603,0.013734117419278033,0.03023470193189743
-9.70914,-8.40988,-0.3790318887311142,0.4941970345962581,0.014141078311176575,0.02861425164707706
-9.70396,-8.40132,-0.37965895320562054,0.46542521333853093,0.023415781795305648,0.05031051417980225
-9.69878,-8.39277,-0.38028528358453845,0.48618668307860446,0.01767021499755751,0.036344506364648144
-9.6936,-8.38421,-0.38091234805904484,0.46939860222573004,0.01512044054701675,0.03221236807123139
-9.68843,-8.37566,-0.3815386809888298,0.4714751223073465,0.012108706291316223,0.025682598547421907
-9.68325,-8.3671,-0.38216574546333587,0.4655757240586508,0.015127789904782024,0.03249265183524969
-9.67807,-8.35855,-0.3827920758422541,0.4814634143710559,0.021797981016784478,0.04527442868168823
-9.67289,-8.34999,-0.3834191403167602,0.4763409388337,0.01665456980095859,0.03496354909518501
-9.66771,-8.34144,-0.3840454706956783,0.4792930604629812,0.02770429353302037,0.0578024090443933
-9.66253,-8.33288,-0.3846725351701845,0.46732328822547925,0.017605275776003872,0.03767258388267928
-9.65736,-8.32433,-0.3852988680999695,0.4971014234579562,0.018509869021278536,0.037235598507281406
-9.65218,-8.31577,-0.3859259325744758,0.4774172709847374,0.022779264785667934,0.04771353315032494
-9.647,-8.30722,-0.38655226295339373,0.48719516809519436,0.019063468164305628,0.03912901730704514
-9.64182,-8.29866,-0.38717932742790007,0.46919859785455326,0.024363162945521544,0.05192505488491224
-9.63664,-8.29011,-0.38780565780681814,0.47088867352802255,0.012738614381851124,0.027052284537680753
-9.63147,-8.28155,-0.38843272483219127,0.49234471480131636,0.017684912798767514,0.03591977788550891
-9.62629,-8.273,-0.38905905521110934,0.48513005683529586,0.0035369839054615925,0.007290795232385316
-9.62111,-8.26444,-0.3896861196856157,0.481215900382096,0.00912708062045186,0.0189667062397663
-9.61593,-8.25589,-0.3903124500645335,0.5093692943957603,0.01010865592964331,0.01984543638743421
-9.61075,-8.24733,-0.3909395145390399,0.5058363696586851,0.01810013631516412,0.035782591764560646
-9.60557,-8.23878,-0.39156584491795776,0.5003753038411235,0.01159844407025121,0.02317948943765995
-9.6004,-8.23022,-0.3921929119433311,0.4859266483102256,0.021936256114458014,0.045143142881214154
-9.59522,-8.22167,-0.3928192423222492,0.4616662465779804,0.017768773282850887,0.03848835260225062
-9.59004,-8.21311,-0.3934463067967553,0.4922168138537858,0.015506990649098747,0.031504390367504055
-9.58486,-8.20456,-0.39407263717567337,0.5016252800791178,0.01973252791999613,0.039337187944124066
-9.57968,-8.196,-0.3946997016501796,0.49687589069879634,0.02081472741130739,0.04189120019897519
-9.5745,-8.18745,-0.3953260320290977,0.4735221176855112,0.011847649715482035,0.025020266790052304
-9.56933,-8.1789,-0.3959523649588826,0.4806965373610314,0.016709325662991464,0.03476065326936561
-9.56415,-8.17034,-0.3965794294333888,0.483375565647065,0.013916829145425169,0.02879092394088139
-9.55897,-8.16179,-0.3972057598123069,0.49916300740921943,0.02048748600827662,0.041043678526202866
-9.55379,-8.15323,-0.39783282428681305,0.4945083513856644,0.00904091411856853,0.018282631816500042
-9.54861,-8.14468,-0.39845915466573123,0.5099612571106635,0.02283847635056351,0.0447847283143854
-9.54344,-8.13612,-0.3990862216911044,0.5166621694856062,0.018224203664348973,0.0352729592772259
-9.53826,-8.12757,-0.39971255207002226,0.4960283317852413,0.013035508444113983,0.026279765910141178
-9.53308,-8.11901,-0.4003396165445287,0.4972770573370345,0.013862311691137373,0.027876435251952623
-9.5279,-8.11046,-0.4009659469234466,0.48451872183827616,0.01807692506285292,0.03730903316649688
-9.52272,-8.1019,-0.4015930113979529,0.48710397376550485,0.011060720491961815,0.022707103796460754
-9.51754,-8.09335,-0.40221934177687113,0.46792112095105304,0.01637961894370695,0.03500508570849561
-9.51237,-8.08479,-0.4028464088022441,0.44458109449082206,0.01733760937562817,0.038997630782039674
-9.50719,-8.07624,-0.4034727391811621,0.4497492683480524,0.015014296580673235,0.033383704293330735
-9.50201,-8.06768,-0.40409980365566855,0.462468548705004,0.012225361965465484,0.026435012715348365
-9.49683,-8.05913,-0.4047261340345865,0.46420687911810454,0.019324523373370137,0.041629118918019195
-9.49165,-8.05057,-0.40535319850909274,0.45964478737665965,0.012931570129282706,0.028133833961410348
-9.48648,-8.04202,-0.40597953143887766,0.4717875391972467,0.017517070881016367,0.037129151208236476
-9.4813,-8.03346,-0.40660659591338394,0.4700669483856827,0.014103344840983707,0.030002842976767065
-9.47612,-8.02491,-0.40723292629230196,0.45739605157683066,0.00908563685473151,0.01986382878341345
-9.47094,-8.01635,-0.4078599907668082,0.4611328843759157,0.009276023381202514,0.02011572736513125
-9.46576,-8.0078,-0.40848632114572636,0.4572592276375628,0.009984886310220762,0.021836380124700464
-9.46058,-7.99924,-0.4091133856202325,0.4561776947807858,0.023190858566112853,0.05083733560725085
-9.45541,-7.99069,-0.40973971855001745,0.49204005079096264,0.0217044215139459,0.04411108705288458
-9.45023,-7.98213,-0.4103667830245238,0.46839442357106503,0.01515432157275484,0.03235376172333021
-9.44505,-7.97358,-0.41099311340344163,0.46529575146998337,0.018562649203163143,0.03989430194563175
-9.43987,-7.96502,-0.4116201778779481,0.47265557404711717,0.012608142226441271,0.026675115916827027
-9.43469,-7.95647,-0.41224650825686593,0.47127857529325456,0.015436231422963942,0.03275394264073791
-9.42952,-7.94791,-0.41287357528223917,0.44657538939015523,0.019107212435811788,0.04278608470096092
-9.42434,-7.93936,-0.4134999056611573,0.48738882676776873,0.027120711124871993,0.05564491764148398
-9.41916,-7.9308,-0.4141269701356634,0.5428126979818193,0.03155664283337292,0.05813541752191999
-9.41398,-7.92225,-0.4147533005145815,0.5498190325292066,0.02697533189817191,0.049062201019276226
-9.4088,-7.91369,-0.4153803649890879,0.5288611261365973,0.012299227677258712,0.023256063018105053
-9.40362,-7.90514,-0.4160066953680058,0.5147835170167181,0.014519835819940345,0.028205712381946368
-9.39845,-7.89658,-0.416633762393379,0.4974630213982705,0.016117554812340677,0.03239950331792986
-9.39327,-7.88803,-0.41726009277229714,0.47237521590788256,0.019587327954209786,0.04146561312824992
-9.38809,-7.87947,-0.4178871572468033,0.4496912773666253,0.011257562705014606,0.0250339805809409
-9.38291,-7.87092,-0.41851348762572144,0.47124791116917625,0.01667569965656465,0.03538625691770575
-9.37773,-7.86236,-0.41914055210022755,0.4700258091778803,0.02700430135006738,0.0574528054050914
-9.37255,-7.85381,-0.4197668824791456,0.4688088998026164,0.017834808958678464,0.03804281225503076
-9.36738,-7.84525,-0.42039394950451886,0.4846091423423375,0.021039949117379306,0.04341632726052921
-9.3622,-7.8367,-0.4210202798834367,0.45049788943574826,0.014231343523286939,0.031590255708216074
-9.35702,-7.82814,-0.42164734435794315,0.4605130157525097,0.01633459591577064,0.035470432663187154
-9.35184,-7.81959,-0.4222736747368611,0.4755458436362697,0.02726164315657514,0.05732705589038168
-9.34666,-7.81103,-0.4229007392113674,0.4794321747901429,0.02898746945478677,0.0604620861490474
-9.34149,-7.80248,-0.42352707214115237,0.48443139815502906,0.017334451679565644,0.03578308868001621
-9.33631,-7.79393,-0.42415340252007033,0.4717606667930772,0.018888387970348704,0.04003807290410138
-9.33113,-7.78537,-0.42478046699457656,0.4840202100779704,0.024948962830044774,0.05154529152000857
-9.32595,-7.77682,-0.4254067973734945,0.4592097944199457,0.023246988748237753,0.05062389572418063
-9.32077,-7.76826,-0.42603386184800096,0.45329929700461963,0.011483349470215396,0.025332819940592954
-9.31559,-7.75971,-0.4266601922269188,0.46025676806372895,0.011510976652735634,0.025009901975285628
-9.31042,-7.75115,-0.42728725925229205,0.4678937316140123,0.0177741632426197,0.037987607103235246
-9.30524,-7.7426,-0.42791358963121007,0.46294822479085934,0.019002542908204356,0.04104679938407564
-9.30006,-7.73404,-0.42854065410571623,0.4359226327210542,0.009657900651501319,0.022155079655341928
-9.29488,-7.72549,-0.42916698448463436,0.4511663333657251,0.02106966747035611,0.04670044263536966
-9.2897,-7.71693,-0.4297940489591408,0.4408932605366157,0.013855647317627041,0.03142630781147163
-9.28453,-7.70838,-0.43042038188892545,0.4211803652678988,0.01349480355312693,0.03204043841061616
-9.27935,-7.69982,-0.4310474463634319,0.4180162768603248,0.012271940603701629,0.029357566398789187
-9.27417,-7.69127,-0.4316737767423499,0.4238278574459973,0.014266860309312563,0.0336619220720535
-9.26899,-7.68271,-0.4323008412168562,0.43413754506445634,0.021976978126518866,0.050622155066675806
-9.26381,-7.67416,-0.4329271715957743,0.45506139539672574,0.01892549883665162,0.041588891143253835
-9.25863,-7.6656,-0.4335542360702804,0.46843986191944237,0.02006478136102802,0.042833206548247515
-9.25346,-7.65705,-0.4341805690000653,0.46222037455048304,0.01503866250546209,0.032535697977587937
-9.24828,-7.64849,-0.43480763347457174,0.45545465908387167,0.011597567833168291,0.025463715436562492
-9.2431,-7.63994,-0.4354339638534896,0.44229063508018707,0.014301505711788719,0.03233508597620626
-9.23792,-7.63138,-0.43606102832799604,0.4357933291074563,0.014936539289706284,0.03427436422741406
-9.23274,-7.62283,-0.4366873587069139,0.44652239693509965,0.010194826635527425,0.02283161316320087
-9.22756,-7.61427,-0.4373144231814202,0.46210281283453564,0.02078433915216212,0.044977737799670854
-9.22239,-7.60572,-0.43794075611120525,0.4638875701096442,0.015743739801293104,0.033938697252810464
-9.21721,-7.59716,-0.4385678205857114,0.46234032088310456,0.01955627776283281,0.04229844744122438
-9.21203,-7.58861,-0.43919415096462944,0.4907668484931996,0.02026671843189524,0.04129602171401777
-9.20685,-7.58005,-0.43982121543913566,0.45828720769340825,0.020831094860599267,0.045454235926513493
-9.20167,-7.5715,-0.44044754581805373,0.4641019638415633,0.015504855438284827,0.03340829525896582
-9.1965,-7.56294,-0.44107461284342697,0.46924877986894675,0.02048529496642264,0.04365551035027483
-9.19132,-7.55439,-0.44170094322234493,0.5103850633525554,0.01343501013436316,0.02632328235883883
-9.18614,-7.54583,-0.44232800769685127,0.5037611814352498,0.016123546842471834,0.03200633045312216
-9.18096,-7.53728,-0.4429543380757691,0.5030242096458837,0.02287054390055925,0.045466089826291925
-9.17578,-7.52872,-0.44358140255027556,0.5159811774499192,0.023846158707296176,0.04621517169511608
-9.1706,-7.52017,-0.4442077329291936,0.4751322531353533,0.008243034345490287,0.017348926096040156
-9.16543,-7.51161,-0.44483479995456665,0.4804751360453273,0.012960259769766374,0.02697384067870626
-9.16025,-7.50306,-0.4454611303334848,0.4636980264261387,0.02790721588760193,0.060184029901294386
-9.15507,-7.4945,-0.4460881948079911,0.4703634880936013,0.015948661940622937,0.033907100241269555
-9.14989,-7.48595,-0.4467145251869091,0.46742535083075526,0.01630022855682023,0.034872367379838995
-9.14471,-7.47739,-0.4473415896614154,0.4682164659148135,0.013425954489351624,0.028674673931254523
-9.13954,-7.46884,-0.4479679225912003,0.4629479766150312,0.008330287623305463,0.01799400374144543
-9.13436,-7.46028,-0.4485949870657065,0.4704646877315731,0.009780697864155929,0.020789440991448808
-9.12918,-7.45173,-0.4492213174446245,0.4298086653157086,0.018026845218259712,0.041941558356015
-9.124,-7.44317,-0.4498483819191308,0.4517625053966835,0.0219794896769244,0.04865275319301821
-9.11882,-7.43462,-0.4504747122980489,0.4557536451408174,0.013543809596632967,0.029717391711586293
-9.11364,-7.42606,-0.45110177677255503,0.4392146414542538,0.015756691054084702,0.03587469443621868
-9.10847,-7.41751,-0.4517281097023399,0.44545620520226403,0.023442203876224633,0.052625159561040254
-9.10329,-7.40895,-0.45235517417684634,0.45348329635117707,0.017753575890401094,0.039149349123220496
-9.09811,-7.4004,-0.4529815045557642,0.45026581925551534,0.017641859648308906,0.03918098797167982
-9.09293,-7.39185,-0.4536078349346823,0.42458851281558374,0.02040038717409947,0.04804743076730434
-9.08775,-7.38329,-0.4542348994091886,0.39635237806196005,0.011716313891650386,0.029560347156082474
-9.08258,-7.37474,-0.4548612323389734,0.40962948334754284,0.014226217303597726,0.034729475982391005
-9.0774,-7.36618,-0.45548829681347985,0.4213582579231316,0.014245210302665682,0.033807834627189
-9.07222,-7.35763,-0.4561146271923977,0.4392323397841541,0.006200108288078482,0.014115782756627884
-9.06704,-7.34907,-0.45674169166690404,0.41529948245375276,0.018157865898802417,0.043722341746054195
-9.06186,-7.34052,-0.45736802204582216,0.4042082321825834,0.011214679281595058,0.02774480673250939
-9.05668,-7.33196,-0.45799508652032844,0.4037409195713426,0.012615380798565367,0.031246227932405994
-9.05151,-7.32341,-0.4586214194501133,0.40591836054493635,0.012252855488483715,0.030185516792180896
-9.04633,-7.31485,-0.4592484839246197,0.41239278276928665,0.01641012862205276,0.03979247287466089
-9.04115,-7.3063,-0.45987481430353755,0.45567873706477346,0.02503957983006903,0.05495007292058423
-9.03597,-7.29774,-0.4605018787780439,0.4155075591509886,0.014416602416323292,0.03469636616426643
-9.03079,-7.28919,-0.46112820915696195,0.43439630034758653,0.016091437381054226,0.03704321921751751
-9.02561,-7.28063,-0.4617552736314682,0.44811142832953765,0.024715023118420196,0.05515374426078007
-9.02044,-7.27208,-0.46238160656125316,0.41989680726331713,0.00856585767519995,0.020399911423542458
-9.01526,-7.26352,-0.4630086710357594,0.4145781393415454,0.014261284652371071,0.03439950952315427
-9.01008,-7.25497,-0.46363500141467745,0.40751805077057995,0.017089529089693082,0.04193563710215614
-9.0049,-7.24641,-0.4642620658891837,0.41346580527119386,0.016549228304982257,0.04002562749808912
-8.99972,-7.23786,-0.4648883962681017,0.41222359540435366,0.027646785229967535,0.06706744965156244
-8.99455,-7.2293,-0.4655154632934749,0.4204489797860866,0.014626294712809646,0.034787323589775675
-8.98937,-7.22075,-0.4661417936723928,0.41574646922765907,0.024186046466753843,0.0581749894633736
-8.98419,-7.21219,-0.4667688581468992,0.4234963265788119,0.017178853339874452,0.04056435029473036
-8.97901,-7.20364,-0.4673951885258171,0.39722180386324285,0.02085859025731029,0.05251119161749634
-8.97383,-7.19508,-0.4680222530003235,0.413974663207241,0.01142376132843661,0.027595315229999303
-8.96865,-7.18653,-0.46864858337924137,0.3996182456066546,0.009705527018944667,0.02428699671660599
-8.96348,-7.17797,-0.4692756504046146,0.4175993309590883,0.011608018400130872,0.027797023461390784
-8.9583,-7.16942,-0.46990198078353274,0.4342690657687228,0.011140739097666021,0.025654001115518566
-8.95312,-7.16086,-0.4705290452580389,0.4245030230998494,0.008089916650868003,0.019057382893985033
-8.94794,-7.15231,-0.4711553756369569,0.42566299688759585,0.01219595432152158,0.028651666719205444
-8.94276,-7.14375,-0.47178244011146336,0.41749403139713614,0.009489364677849459,0.02272934213237366
-8.93759,-7.1352,-0.472408773041248,0.42804742369155874,0.010288149427636496,0.024035069149370474
-8.93241,-7.12664,-0.47303583751575445,0.4266330198455767,0.013648596415935714,0.03199142068486854
-8.92723,-7.11809,-0.4736621678946726,0.42186271210399673,0.015776481120167146,0.03739719265891876
-8.92205,-7.10953,-0.47428923236917864,0.4248387273643239,0.015946423656995393,0.0375352401508359
-8.91687,-7.10098,-0.47491556274809676,0.4214671815080715,0.01382557570993838,0.03280344547935723
-8.91169,-7.09242,-0.47554262722260304,0.4006486701452595,0.014710963496158509,0.036717864284498664
-8.90652,-7.08387,-0.4761689601523879,0.39378747968520134,0.005794310203253449,0.014714307849212203
-8.90134,-7.07531,-0.4767960246268943,0.40209340794213533,0.009083790572402377,0.022591244703294443
-8.89616,-7.06676,-0.47742235500581215,0.4187072084996822,0.01426997988470207,0.03408104660016357
