x,y,z,mg_ca,std,relstd
NA,NA,NA,0.44284679593683474,0.01,0.02
NA,NA,NA,0.44284679593683474,0.01,0.02
NA,NA,NA,0.44284679593683474,0.01,0.02
NA,NA,NA,0.44284679593683474,0.01,0.02
NA,NA,NA,0.44284679593683474,0.01,0.02
NA,NA,NA,0.44284679593683474,0.01,0.02
NA,NA,NA,0.44284679593683474,0.01,0.02
NA,NA,NA,0.44284679593683474,0.01,0.02
NA,NA,NA,0.5025009056507544,0.02,0.04
NA,NA,NA,0.5025009056507544,0.02,0.04
NA,NA,NA,0.5025009056507544,0.02,0.04
NA,NA,NA,0.5025009056507544,0.02,0.04
NA,NA,NA,0.5025009056507544,0.02,0.04
NA,NA,NA,0.5025009056507544,0.02,0.04
NA,NA,NA,0.5025009056507544,0.02,0.04
NA,NA,NA,0.5025009056507544,0.02,0.04
NA,NA,NA,0.5025009056507544,0.02,0.04
NA,NA,NA,0.5025009056507544,0.02,0.04
NA,NA,NA,0.5376321079797735,0.02,0.04
NA,NA,NA,0.5376321079797735,0.02,0.04
NA,NA,NA,0.5376321079797735,0.02,0.04
NA,NA,NA,0.5376321079797735,0.02,0.03
NA,NA,NA,0.5376321079797735,0.02,0.04
NA,NA,NA,0.5376321079797735,0.02,0.04
NA,NA,NA,0.5376321079797735,0.02,0.04
NA,NA,NA,0.5376321079797735,0.02,0.04
NA,NA,NA,0.5376321079797735,0.02,0.04
NA,NA,NA,0.5376321079797735,0.02,0.04
NA,NA,NA,0.531709462173816,0.03,0.06
NA,NA,NA,0.531709462173816,0.03,0.06
NA,NA,NA,0.531709462173816,0.03,0.06
NA,NA,NA,0.531709462173816,0.03,0.06
NA,NA,NA,0.531709462173816,0.03,0.05
NA,NA,NA,0.531709462173816,0.03,0.06
NA,NA,NA,0.531709462173816,0.03,0.05
NA,NA,NA,0.531709462173816,0.03,0.06
NA,NA,NA,0.531709462173816,0.03,0.05
NA,NA,NA,0.531709462173816,0.03,0.06
NA,NA,NA,0.526323595833106,0.03,0.06
NA,NA,NA,0.526323595833106,0.03,0.05
NA,NA,NA,0.526323595833106,0.03,0.05
NA,NA,NA,0.526323595833106,0.03,0.05
NA,NA,NA,0.526323595833106,0.03,0.06
NA,NA,NA,0.526323595833106,0.03,0.06
NA,NA,NA,0.526323595833106,0.03,0.06
NA,NA,NA,0.526323595833106,0.03,0.06
NA,NA,NA,0.526323595833106,0.03,0.06
NA,NA,NA,0.526323595833106,0.03,0.06
NA,NA,NA,0.5648862052170571,0.02,0.04
NA,NA,NA,0.5648862052170571,0.02,0.04
NA,NA,NA,0.5648862052170571,0.02,0.03
NA,NA,NA,0.5648862052170571,0.02,0.03
NA,NA,NA,0.5648862052170571,0.02,0.04
NA,NA,NA,0.5648862052170571,0.02,0.04
NA,NA,NA,0.5648862052170571,0.02,0.03
NA,NA,NA,0.5648862052170571,0.02,0.04
NA,NA,NA,0.5648862052170571,0.02,0.03
NA,NA,NA,0.5648862052170571,0.02,0.04
NA,NA,NA,0.50168760225335,0.04,0.09
NA,NA,NA,0.50168760225335,0.04,0.09
NA,NA,NA,0.50168760225335,0.04,0.08
NA,NA,NA,0.50168760225335,0.04,0.08
NA,NA,NA,0.50168760225335,0.04,0.08
NA,NA,NA,0.50168760225335,0.04,0.08
NA,NA,NA,0.50168760225335,0.04,0.07
NA,NA,NA,0.50168760225335,0.04,0.08
NA,NA,NA,0.50168760225335,0.04,0.07
NA,NA,NA,0.50168760225335,0.04,0.08
NA,NA,NA,0.4234068540298024,0.01,0.02
NA,NA,NA,0.4234068540298024,0.01,0.02
NA,NA,NA,0.4234068540298024,0.01,0.02
NA,NA,NA,0.4234068540298024,0.01,0.02
NA,NA,NA,0.4234068540298024,0.01,0.02
NA,NA,NA,0.4234068540298024,0.01,0.02
NA,NA,NA,0.4234068540298024,0.01,0.02
NA,NA,NA,0.4234068540298024,0.01,0.02
NA,NA,NA,0.4234068540298024,0.01,0.02
NA,NA,NA,0.4234068540298024,0.01,0.02
NA,NA,NA,0.44335431252860585,0.03,0.08
NA,NA,NA,0.44335431252860585,0.03,0.07
NA,NA,NA,0.44335431252860585,0.03,0.07
NA,NA,NA,0.44335431252860585,0.03,0.07
NA,NA,NA,0.44335431252860585,0.03,0.06
NA,NA,NA,0.44335431252860585,0.03,0.07
NA,NA,NA,0.44335431252860585,0.03,0.06
NA,NA,NA,0.44335431252860585,0.03,0.07
NA,NA,NA,0.44335431252860585,0.03,0.07
NA,NA,NA,0.44335431252860585,0.03,0.07
NA,NA,NA,0.4137120569570078,0.01,0.02
NA,NA,NA,0.4137120569570078,0.01,0.02
NA,NA,NA,0.4137120569570078,0.01,0.02
NA,NA,NA,0.4137120569570078,0.01,0.02
NA,NA,NA,0.4137120569570078,0.01,0.02
NA,NA,NA,0.4137120569570078,0.01,0.02
NA,NA,NA,0.4137120569570078,0.01,0.02
NA,NA,NA,0.4137120569570078,0.01,0.02
NA,NA,NA,0.4137120569570078,0.01,0.02
NA,NA,NA,0.4137120569570078,0.01,0.03
NA,NA,NA,0.43093668309654926,0.01,0.02
NA,NA,NA,0.43093668309654926,0.01,0.02
NA,NA,NA,0.43093668309654926,0.01,0.02
NA,NA,NA,0.43093668309654926,0.01,0.02
NA,NA,NA,0.43093668309654926,0.01,0.02
NA,NA,NA,0.43093668309654926,0.01,0.02
NA,NA,NA,0.43093668309654926,0.01,0.02
NA,NA,NA,0.43093668309654926,0.01,0.02
NA,NA,NA,0.43093668309654926,0.01,0.02
NA,NA,NA,0.43093668309654926,0.01,0.02
NA,NA,NA,0.43202182533149,0.02,0.05
NA,NA,NA,0.43202182533149,0.02,0.05
NA,NA,NA,0.43202182533149,0.02,0.05
NA,NA,NA,0.43202182533149,0.02,0.05
NA,NA,NA,0.43202182533149,0.02,0.05
NA,NA,NA,0.43202182533149,0.02,0.04
NA,NA,NA,0.43202182533149,0.02,0.04
NA,NA,NA,0.43202182533149,0.02,0.05
NA,NA,NA,0.43202182533149,0.02,0.04
NA,NA,NA,0.43202182533149,0.02,0.05
NA,NA,NA,0.4040400674486453,0.01,0.03
NA,NA,NA,0.4040400674486453,0.01,0.03
NA,NA,NA,0.4040400674486453,0.01,0.03
NA,NA,NA,0.4040400674486453,0.01,0.03
NA,NA,NA,0.4040400674486453,0.01,0.02
NA,NA,NA,0.4040400674486453,0.01,0.03
NA,NA,NA,0.4040400674486453,0.01,0.02
NA,NA,NA,0.4040400674486453,0.01,0.02
NA,NA,NA,0.4040400674486453,0.01,0.02
NA,NA,NA,0.4040400674486453,0.01,0.02
NA,NA,NA,0.4093087441888723,0.01,0.02
NA,NA,NA,0.4093087441888723,0.01,0.03
NA,NA,NA,0.4093087441888723,0.01,0.03
NA,NA,NA,0.4093087441888723,0.01,0.02
NA,NA,NA,0.4093087441888723,0.01,0.02
NA,NA,NA,0.4093087441888723,0.01,0.02
NA,NA,NA,0.4093087441888723,0.01,0.02
NA,NA,NA,0.4093087441888723,0.01,0.02
NA,NA,NA,0.4093087441888723,0.01,0.02
NA,NA,NA,0.4093087441888723,0.01,0.03
NA,NA,NA,0.4211535045791882,0.01,0.02
NA,NA,NA,0.4211535045791882,0.01,0.02
NA,NA,NA,0.4211535045791882,0.01,0.02
NA,NA,NA,0.4211535045791882,0.01,0.02
NA,NA,NA,0.4211535045791882,0.01,0.02
NA,NA,NA,0.4211535045791882,0.01,0.02
NA,NA,NA,0.4211535045791882,0.01,0.02
NA,NA,NA,0.4211535045791882,0.01,0.02
NA,NA,NA,0.4211535045791882,0.01,0.02
NA,NA,NA,0.4211535045791882,0.01,0.02
NA,NA,NA,0.488612858205269,0.02,0.04
NA,NA,NA,0.488612858205269,0.02,0.04
NA,NA,NA,0.488612858205269,0.02,0.04
NA,NA,NA,0.488612858205269,0.02,0.04
NA,NA,NA,0.488612858205269,0.02,0.04
NA,NA,NA,0.488612858205269,0.02,0.04
NA,NA,NA,0.488612858205269,0.02,0.04
NA,NA,NA,0.488612858205269,0.02,0.04
NA,NA,NA,0.488612858205269,0.02,0.04
NA,NA,NA,0.488612858205269,0.02,0.04
NA,NA,NA,0.5101641333759857,0.03,0.06
NA,NA,NA,0.5101641333759857,0.03,0.06
NA,NA,NA,0.5101641333759857,0.03,0.06
NA,NA,NA,0.5101641333759857,0.03,0.06
NA,NA,NA,0.5101641333759857,0.03,0.06
NA,NA,NA,0.5101641333759857,0.03,0.06
NA,NA,NA,0.5101641333759857,0.03,0.06
NA,NA,NA,0.5101641333759857,0.03,0.06
NA,NA,NA,0.5101641333759857,0.03,0.06
NA,NA,NA,0.5101641333759857,0.03,0.06
NA,NA,NA,0.4995764585873381,0.02,0.04
NA,NA,NA,0.4995764585873381,0.02,0.04
NA,NA,NA,0.4995764585873381,0.02,0.04
NA,NA,NA,0.4995764585873381,0.02,0.04
NA,NA,NA,0.4995764585873381,0.02,0.04
NA,NA,NA,0.4995764585873381,0.02,0.04
NA,NA,NA,0.4995764585873381,0.02,0.04
NA,NA,NA,0.4995764585873381,0.02,0.04
NA,NA,NA,0.4995764585873381,0.02,0.04
NA,NA,NA,0.4995764585873381,0.02,0.04
NA,NA,NA,0.5313560086335967,0.01,0.02
NA,NA,NA,0.5313560086335967,0.01,0.02
NA,NA,NA,0.5313560086335967,0.01,0.02
NA,NA,NA,0.5313560086335967,0.01,0.02
NA,NA,NA,0.5313560086335967,0.01,0.02
NA,NA,NA,0.5313560086335967,0.01,0.02
NA,NA,NA,0.5313560086335967,0.01,0.02
NA,NA,NA,0.5313560086335967,0.01,0.02
NA,NA,NA,0.5313560086335967,0.01,0.02
NA,NA,NA,0.5313560086335967,0.01,0.02
NA,NA,NA,0.5440436095769777,0.01,0.02
NA,NA,NA,0.5440436095769777,0.01,0.02
NA,NA,NA,0.5440436095769777,0.01,0.02
NA,NA,NA,0.5440436095769777,0.01,0.02
NA,NA,NA,0.5440436095769777,0.01,0.02
NA,NA,NA,0.5440436095769777,0.01,0.02
NA,NA,NA,0.5440436095769777,0.01,0.02
NA,NA,NA,0.5440436095769777,0.01,0.02
NA,NA,NA,0.5440436095769777,0.01,0.02
NA,NA,NA,0.5440436095769777,0.01,0.02
NA,NA,NA,0.5112023859674314,0.02,0.04
NA,NA,NA,0.5112023859674314,0.02,0.04
NA,NA,NA,0.5112023859674314,0.02,0.04
NA,NA,NA,0.5112023859674314,0.02,0.04
NA,NA,NA,0.5112023859674314,0.02,0.04
NA,NA,NA,0.5112023859674314,0.02,0.04
NA,NA,NA,0.5112023859674314,0.02,0.04
NA,NA,NA,0.5112023859674314,0.02,0.04
NA,NA,NA,0.5112023859674314,0.02,0.04
NA,NA,NA,0.5112023859674314,0.02,0.04
NA,NA,NA,0.5008745880169087,0.01,0.02
NA,NA,NA,0.5008745880169087,0.01,0.02
NA,NA,NA,0.5008745880169087,0.01,0.02
NA,NA,NA,0.5008745880169087,0.01,0.02
NA,NA,NA,0.5008745880169087,0.01,0.02
NA,NA,NA,0.5008745880169087,0.01,0.02
NA,NA,NA,0.5008745880169087,0.01,0.02
NA,NA,NA,0.5008745880169087,0.01,0.02
NA,NA,NA,0.5008745880169087,0.01,0.02
NA,NA,NA,0.5008745880169087,0.01,0.02
NA,NA,NA,0.4774635070678793,0.05,0.12
NA,NA,NA,0.4774635070678793,0.05,0.12
NA,NA,NA,0.4774635070678793,0.05,0.11
NA,NA,NA,0.4774635070678793,0.05,0.11
NA,NA,NA,0.4774635070678793,0.05,0.1
NA,NA,NA,0.4774635070678793,0.05,0.1
NA,NA,NA,0.4774635070678793,0.05,0.09
NA,NA,NA,0.4774635070678793,0.05,0.1
NA,NA,NA,0.4774635070678793,0.05,0.1
NA,NA,NA,0.4774635070678793,0.05,0.09
NA,NA,NA,0.3969967184147875,0.01,0.03
NA,NA,NA,0.3969967184147875,0.01,0.03
NA,NA,NA,0.3969967184147875,0.01,0.03
NA,NA,NA,0.3969967184147875,0.01,0.02
NA,NA,NA,0.3969967184147875,0.01,0.03
NA,NA,NA,0.3969967184147875,0.01,0.02
NA,NA,NA,0.3969967184147875,0.01,0.03
NA,NA,NA,0.3969967184147875,0.01,0.03
NA,NA,NA,0.3969967184147875,0.01,0.02
NA,NA,NA,0.3969967184147875,0.01,0.03
NA,NA,NA,0.40141065755803423,0.01,0.02
NA,NA,NA,0.40141065755803423,0.01,0.03
NA,NA,NA,0.40141065755803423,0.01,0.02
NA,NA,NA,0.40141065755803423,0.01,0.03
NA,NA,NA,0.40141065755803423,0.01,0.03
NA,NA,NA,0.40141065755803423,0.01,0.02
NA,NA,NA,0.40141065755803423,0.01,0.02
NA,NA,NA,0.40141065755803423,0.01,0.02
NA,NA,NA,0.40141065755803423,0.01,0.02
NA,NA,NA,0.40141065755803423,0.01,0.03
NA,NA,NA,0.4178536062354583,0.01,0.02
NA,NA,NA,0.4178536062354583,0.01,0.02
NA,NA,NA,0.4178536062354583,0.01,0.02
NA,NA,NA,0.4178536062354583,0.01,0.02
NA,NA,NA,0.4178536062354583,0.01,0.02
NA,NA,NA,0.4178536062354583,0.01,0.02
NA,NA,NA,0.4178536062354583,0.01,0.02
NA,NA,NA,0.4178536062354583,0.01,0.02
NA,NA,NA,0.4178536062354583,0.01,0.02
NA,NA,NA,0.4178536062354583,0.01,0.02
NA,NA,NA,0.4173895708906482,0.01,0.02
NA,NA,NA,0.4173895708906482,0.01,0.02
NA,NA,NA,0.4173895708906482,0.01,0.02
NA,NA,NA,0.4173895708906482,0.01,0.03
NA,NA,NA,0.4173895708906482,0.01,0.02
NA,NA,NA,0.4173895708906482,0.01,0.02
NA,NA,NA,0.4173895708906482,0.01,0.02
NA,NA,NA,0.4173895708906482,0.01,0.02
NA,NA,NA,0.4173895708906482,0.01,0.02
NA,NA,NA,0.4173895708906482,0.01,0.02
NA,NA,NA,0.4306758537589804,0.01,0.02
NA,NA,NA,0.4306758537589804,0.01,0.02
NA,NA,NA,0.4306758537589804,0.01,0.02
NA,NA,NA,0.4306758537589804,0.01,0.02
NA,NA,NA,0.4306758537589804,0.01,0.02
NA,NA,NA,0.4306758537589804,0.01,0.02
NA,NA,NA,0.4306758537589804,0.01,0.02
NA,NA,NA,0.4306758537589804,0.01,0.02
NA,NA,NA,0.4306758537589804,0.01,0.02
NA,NA,NA,0.4306758537589804,0.01,0.02
NA,NA,NA,0.43836336399534104,0.01,0.02
NA,NA,NA,0.43836336399534104,0.01,0.02
NA,NA,NA,0.43836336399534104,0.01,0.02
NA,NA,NA,0.43836336399534104,0.01,0.02
NA,NA,NA,0.43836336399534104,0.01,0.02
NA,NA,NA,0.43836336399534104,0.01,0.02
NA,NA,NA,0.43836336399534104,0.01,0.02
NA,NA,NA,0.43836336399534104,0.01,0.02
NA,NA,NA,0.43836336399534104,0.01,0.02
NA,NA,NA,0.43836336399534104,0.01,0.02
NA,NA,NA,0.44341870967782016,0.01,0.02
NA,NA,NA,0.44341870967782016,0.01,0.02
NA,NA,NA,0.44341870967782016,0.01,0.02
NA,NA,NA,0.44341870967782016,0.01,0.02
NA,NA,NA,0.44341870967782016,0.01,0.02
NA,NA,NA,0.44341870967782016,0.01,0.02
NA,NA,NA,0.44341870967782016,0.01,0.02
NA,NA,NA,0.44341870967782016,0.01,0.02
NA,NA,NA,0.44341870967782016,0.01,0.02
NA,NA,NA,0.44341870967782016,0.01,0.02
NA,NA,NA,0.47049515491413346,0.02,0.04
NA,NA,NA,0.47049515491413346,0.02,0.04
NA,NA,NA,0.47049515491413346,0.02,0.04
NA,NA,NA,0.47049515491413346,0.02,0.04
NA,NA,NA,0.47049515491413346,0.02,0.04
NA,NA,NA,0.47049515491413346,0.02,0.04
NA,NA,NA,0.47049515491413346,0.02,0.04
NA,NA,NA,0.47049515491413346,0.02,0.04
NA,NA,NA,0.47049515491413346,0.02,0.04
NA,NA,NA,0.47049515491413346,0.02,0.05
NA,NA,NA,0.5171865017177172,0.01,0.02
NA,NA,NA,0.5171865017177172,0.01,0.02
NA,NA,NA,0.5171865017177172,0.01,0.02
NA,NA,NA,0.5171865017177172,0.01,0.02
NA,NA,NA,0.5171865017177172,0.01,0.02
NA,NA,NA,0.5171865017177172,0.01,0.02
NA,NA,NA,0.5171865017177172,0.01,0.02
NA,NA,NA,0.5171865017177172,0.01,0.02
NA,NA,NA,0.5171865017177172,0.01,0.02
NA,NA,NA,0.5171865017177172,0.01,0.02
NA,NA,NA,0.5234577223318869,0.01,0.02
NA,NA,NA,0.5234577223318869,0.01,0.02
NA,NA,NA,0.5234577223318869,0.01,0.02
NA,NA,NA,0.5234577223318869,0.01,0.02
NA,NA,NA,0.5234577223318869,0.01,0.02
NA,NA,NA,0.5234577223318869,0.01,0.02
NA,NA,NA,0.5234577223318869,0.01,0.02
NA,NA,NA,0.5234577223318869,0.01,0.02
NA,NA,NA,0.5234577223318869,0.01,0.02
NA,NA,NA,0.5234577223318869,0.01,0.02
NA,NA,NA,0.5249240209592381,0.02,0.04
NA,NA,NA,0.5249240209592381,0.02,0.04
NA,NA,NA,0.5249240209592381,0.02,0.04
NA,NA,NA,0.5249240209592381,0.02,0.04
NA,NA,NA,0.5249240209592381,0.02,0.04
NA,NA,NA,0.5249240209592381,0.02,0.04
NA,NA,NA,0.5249240209592381,0.02,0.04
NA,NA,NA,0.5249240209592381,0.02,0.04
NA,NA,NA,0.5249240209592381,0.02,0.04
NA,NA,NA,0.5249240209592381,0.02,0.04
NA,NA,NA,0.5596160876594867,0.02,0.03
NA,NA,NA,0.5596160876594867,0.02,0.03
NA,NA,NA,0.5596160876594867,0.02,0.04
NA,NA,NA,0.5596160876594867,0.02,0.04
NA,NA,NA,0.5596160876594867,0.02,0.04
NA,NA,NA,0.5596160876594867,0.02,0.04
NA,NA,NA,0.5596160876594867,0.02,0.04
NA,NA,NA,0.5596160876594867,0.02,0.04
NA,NA,NA,0.5596160876594867,0.02,0.04
NA,NA,NA,0.5596160876594867,0.02,0.04
NA,NA,NA,0.556494316286769,0.03,0.06
NA,NA,NA,0.556494316286769,0.03,0.06
NA,NA,NA,0.556494316286769,0.03,0.05
NA,NA,NA,0.556494316286769,0.03,0.06
NA,NA,NA,0.556494316286769,0.03,0.05
NA,NA,NA,0.556494316286769,0.03,0.05
NA,NA,NA,0.556494316286769,0.03,0.05
NA,NA,NA,0.556494316286769,0.03,0.05
NA,NA,NA,0.556494316286769,0.03,0.05
NA,NA,NA,0.556494316286769,0.03,0.05
NA,NA,NA,0.48907933812236665,0.02,0.04
NA,NA,NA,0.48907933812236665,0.02,0.04
NA,NA,NA,0.48907933812236665,0.02,0.04
NA,NA,NA,0.48907933812236665,0.02,0.04
NA,NA,NA,0.48907933812236665,0.02,0.04
NA,NA,NA,0.48907933812236665,0.02,0.04
NA,NA,NA,0.48907933812236665,0.02,0.04
NA,NA,NA,0.48907933812236665,0.02,0.04
NA,NA,NA,0.48907933812236665,0.02,0.04
NA,NA,NA,0.48907933812236665,0.02,0.04
NA,NA,NA,0.467596569936909,0.02,0.05
NA,NA,NA,0.467596569936909,0.02,0.05
NA,NA,NA,0.467596569936909,0.02,0.04
NA,NA,NA,0.467596569936909,0.02,0.04
NA,NA,NA,0.467596569936909,0.02,0.04
NA,NA,NA,0.467596569936909,0.02,0.04
NA,NA,NA,0.467596569936909,0.02,0.04
NA,NA,NA,0.467596569936909,0.02,0.04
NA,NA,NA,0.467596569936909,0.02,0.04
NA,NA,NA,0.467596569936909,0.02,0.04
NA,NA,NA,0.4208998446314134,0.03,0.08
NA,NA,NA,0.4208998446314134,0.03,0.08
NA,NA,NA,0.4208998446314134,0.03,0.07
NA,NA,NA,0.4208998446314134,0.03,0.08
NA,NA,NA,0.4208998446314134,0.03,0.07
NA,NA,NA,0.4208998446314134,0.03,0.07
NA,NA,NA,0.4208998446314134,0.03,0.07
NA,NA,NA,0.4208998446314134,0.03,0.07
NA,NA,NA,0.4208998446314134,0.03,0.06
NA,NA,NA,0.4208998446314134,0.03,0.07
NA,NA,NA,0.4041429011513527,0.01,0.02
NA,NA,NA,0.4041429011513527,0.01,0.02
NA,NA,NA,0.4041429011513527,0.01,0.02
NA,NA,NA,0.4041429011513527,0.01,0.02
NA,NA,NA,0.4041429011513527,0.01,0.02
NA,NA,NA,0.4041429011513527,0.01,0.02
NA,NA,NA,0.4041429011513527,0.01,0.03
NA,NA,NA,0.4041429011513527,0.01,0.03
NA,NA,NA,0.4041429011513527,0.01,0.02
NA,NA,NA,0.4041429011513527,0.01,0.03
NA,NA,NA,0.4097023651076248,0.01,0.02
NA,NA,NA,0.4097023651076248,0.01,0.02
NA,NA,NA,0.4097023651076248,0.01,0.02
NA,NA,NA,0.4097023651076248,0.01,0.02
NA,NA,NA,0.4097023651076248,0.01,0.02
NA,NA,NA,0.4097023651076248,0.01,0.02
NA,NA,NA,0.4097023651076248,0.01,0.02
NA,NA,NA,0.4097023651076248,0.01,0.02
NA,NA,NA,0.4097023651076248,0.01,0.02
NA,NA,NA,0.4097023651076248,0.01,0.02
NA,NA,NA,0.4191244681252841,0.01,0.02
NA,NA,NA,0.4191244681252841,0.01,0.02
NA,NA,NA,0.4191244681252841,0.01,0.02
NA,NA,NA,0.4191244681252841,0.01,0.02
NA,NA,NA,0.4191244681252841,0.01,0.02
NA,NA,NA,0.4191244681252841,0.01,0.02
NA,NA,NA,0.4191244681252841,0.01,0.02
NA,NA,NA,0.4191244681252841,0.01,0.02
NA,NA,NA,0.4191244681252841,0.01,0.02
NA,NA,NA,0.4191244681252841,0.01,0.02
NA,NA,NA,0.4342945641499697,0.01,0.02
NA,NA,NA,0.4342945641499697,0.01,0.02
NA,NA,NA,0.4342945641499697,0.01,0.02
NA,NA,NA,0.4342945641499697,0.01,0.02
NA,NA,NA,0.4342945641499697,0.01,0.02
NA,NA,NA,0.4342945641499697,0.01,0.02
NA,NA,NA,0.4342945641499697,0.01,0.02
NA,NA,NA,0.4342945641499697,0.01,0.02
NA,NA,NA,0.4342945641499697,0.01,0.02
NA,NA,NA,0.4342945641499697,0.01,0.02
NA,NA,NA,0.4279077996386676,0.02,0.05
NA,NA,NA,0.4279077996386676,0.02,0.05
NA,NA,NA,0.4279077996386676,0.02,0.05
NA,NA,NA,0.4279077996386676,0.02,0.05
NA,NA,NA,0.4279077996386676,0.02,0.05
NA,NA,NA,0.4279077996386676,0.02,0.05
NA,NA,NA,0.4279077996386676,0.02,0.04
NA,NA,NA,0.4279077996386676,0.02,0.05
NA,NA,NA,0.4279077996386676,0.02,0.04
NA,NA,NA,0.4279077996386676,0.02,0.05
NA,NA,NA,0.4300650482092984,0.01,0.02
NA,NA,NA,0.4300650482092984,0.01,0.02
NA,NA,NA,0.4300650482092984,0.01,0.02
NA,NA,NA,0.4300650482092984,0.01,0.02
NA,NA,NA,0.4300650482092984,0.01,0.02
NA,NA,NA,0.4300650482092984,0.01,0.02
NA,NA,NA,0.4300650482092984,0.01,0.02
NA,NA,NA,0.4300650482092984,0.01,0.02
NA,NA,NA,0.4300650482092984,0.01,0.02
NA,NA,NA,0.4300650482092984,0.01,0.02
NA,NA,NA,0.4274398257871197,0.01,0.02
NA,NA,NA,0.4274398257871197,0.01,0.02
NA,NA,NA,0.4274398257871197,0.01,0.02
NA,NA,NA,0.4274398257871197,0.01,0.02
NA,NA,NA,0.4274398257871197,0.01,0.02
NA,NA,NA,0.4274398257871197,0.01,0.02
NA,NA,NA,0.4274398257871197,0.01,0.02
NA,NA,NA,0.4274398257871197,0.01,0.02
NA,NA,NA,0.4274398257871197,0.01,0.02
NA,NA,NA,0.4274398257871197,0.01,0.02
NA,NA,NA,0.4087970379254598,0.02,0.05
NA,NA,NA,0.4087970379254598,0.02,0.05
NA,NA,NA,0.4087970379254598,0.02,0.05
NA,NA,NA,0.4087970379254598,0.02,0.05
NA,NA,NA,0.4087970379254598,0.02,0.05
NA,NA,NA,0.4087970379254598,0.02,0.05
NA,NA,NA,0.4087970379254598,0.02,0.05
NA,NA,NA,0.4087970379254598,0.02,0.05
NA,NA,NA,0.4087970379254598,0.02,0.05
NA,NA,NA,0.4087970379254598,0.02,0.05
NA,NA,NA,0.4336788797809598,0.02,0.04
NA,NA,NA,0.4336788797809598,0.02,0.05
NA,NA,NA,0.4336788797809598,0.02,0.05
NA,NA,NA,0.4336788797809598,0.02,0.05
NA,NA,NA,0.4336788797809598,0.02,0.05
NA,NA,NA,0.4336788797809598,0.02,0.05
NA,NA,NA,0.4336788797809598,0.02,0.04
NA,NA,NA,0.4336788797809598,0.02,0.05
NA,NA,NA,0.4336788797809598,0.02,0.05
NA,NA,NA,0.4336788797809598,0.02,0.05
NA,NA,NA,0.45011112078795623,0.01,0.02
NA,NA,NA,0.45011112078795623,0.01,0.02
NA,NA,NA,0.45011112078795623,0.01,0.02
NA,NA,NA,0.45011112078795623,0.01,0.02
NA,NA,NA,0.45011112078795623,0.01,0.02
NA,NA,NA,0.45011112078795623,0.01,0.02
NA,NA,NA,0.45011112078795623,0.01,0.02
NA,NA,NA,0.45011112078795623,0.01,0.02
NA,NA,NA,0.45011112078795623,0.01,0.02
NA,NA,NA,0.45011112078795623,0.01,0.02
NA,NA,NA,0.468166678333193,0.03,0.06
NA,NA,NA,0.468166678333193,0.03,0.06
NA,NA,NA,0.468166678333193,0.03,0.06
NA,NA,NA,0.468166678333193,0.03,0.06
NA,NA,NA,0.468166678333193,0.03,0.06
NA,NA,NA,0.468166678333193,0.03,0.07
NA,NA,NA,0.468166678333193,0.03,0.07
NA,NA,NA,0.468166678333193,0.03,0.07
NA,NA,NA,0.468166678333193,0.03,0.07
NA,NA,NA,0.468166678333193,0.03,0.07
NA,NA,NA,0.48442850543146176,0.01,0.02
NA,NA,NA,0.48442850543146176,0.01,0.02
NA,NA,NA,0.48442850543146176,0.01,0.02
NA,NA,NA,0.48442850543146176,0.01,0.02
NA,NA,NA,0.48442850543146176,0.01,0.02
NA,NA,NA,0.48442850543146176,0.01,0.02
NA,NA,NA,0.48442850543146176,0.01,0.02
NA,NA,NA,0.48442850543146176,0.01,0.02
NA,NA,NA,0.48442850543146176,0.01,0.02
NA,NA,NA,0.48442850543146176,0.01,0.02
NA,NA,NA,0.5084398763364096,0.03,0.06
NA,NA,NA,0.5084398763364096,0.03,0.06
NA,NA,NA,0.5084398763364096,0.03,0.06
NA,NA,NA,0.5084398763364096,0.03,0.06
NA,NA,NA,0.5084398763364096,0.03,0.06
NA,NA,NA,0.5084398763364096,0.03,0.06
NA,NA,NA,0.5084398763364096,0.03,0.06
NA,NA,NA,0.5084398763364096,0.03,0.06
NA,NA,NA,0.5084398763364096,0.03,0.06
NA,NA,NA,0.5084398763364096,0.03,0.06
NA,NA,NA,0.5187951785161434,0.03,0.06
NA,NA,NA,0.5187951785161434,0.03,0.06
NA,NA,NA,0.5187951785161434,0.03,0.06
NA,NA,NA,0.5187951785161434,0.03,0.06
NA,NA,NA,0.5187951785161434,0.03,0.06
NA,NA,NA,0.5187951785161434,0.03,0.05
NA,NA,NA,0.5187951785161434,0.03,0.06
NA,NA,NA,0.5187951785161434,0.03,0.06
NA,NA,NA,0.5187951785161434,0.03,0.05
NA,NA,NA,0.5187951785161434,0.03,0.06
NA,NA,NA,0.4947211729392889,0.02,0.04
NA,NA,NA,0.4947211729392889,0.02,0.04
NA,NA,NA,0.4947211729392889,0.02,0.04
NA,NA,NA,0.4947211729392889,0.02,0.04
NA,NA,NA,0.4947211729392889,0.02,0.04
NA,NA,NA,0.4947211729392889,0.02,0.04
NA,NA,NA,0.4947211729392889,0.02,0.04
NA,NA,NA,0.4947211729392889,0.02,0.04
NA,NA,NA,0.4947211729392889,0.02,0.04
NA,NA,NA,0.4947211729392889,0.02,0.04
NA,NA,NA,0.5082489582540025,0.02,0.04
NA,NA,NA,0.5082489582540025,0.02,0.04
NA,NA,NA,0.5082489582540025,0.02,0.04
NA,NA,NA,0.5082489582540025,0.02,0.04
NA,NA,NA,0.5082489582540025,0.02,0.04
NA,NA,NA,0.5082489582540025,0.02,0.04
NA,NA,NA,0.5082489582540025,0.02,0.04
NA,NA,NA,0.5082489582540025,0.02,0.04
NA,NA,NA,0.5082489582540025,0.02,0.04
NA,NA,NA,0.5082489582540025,0.02,0.04
NA,NA,NA,0.5075212345964356,0.02,0.04
NA,NA,NA,0.5075212345964356,0.02,0.04
NA,NA,NA,0.5075212345964356,0.02,0.04
NA,NA,NA,0.5075212345964356,0.02,0.04
NA,NA,NA,0.5075212345964356,0.02,0.04
NA,NA,NA,0.5075212345964356,0.02,0.04
NA,NA,NA,0.5075212345964356,0.02,0.04
NA,NA,NA,0.5075212345964356,0.02,0.04
NA,NA,NA,0.5075212345964356,0.02,0.04
NA,NA,NA,0.5075212345964356,0.02,0.04
NA,NA,NA,0.4823570118325818,0.03,0.07
NA,NA,NA,0.4823570118325818,0.03,0.07
NA,NA,NA,0.4823570118325818,0.03,0.07
NA,NA,NA,0.4823570118325818,0.03,0.07
NA,NA,NA,0.4823570118325818,0.03,0.06
NA,NA,NA,0.4823570118325818,0.03,0.07
NA,NA,NA,0.4823570118325818,0.03,0.06
NA,NA,NA,0.4823570118325818,0.03,0.06
NA,NA,NA,0.4823570118325818,0.03,0.06
NA,NA,NA,0.4823570118325818,0.03,0.06
NA,NA,NA,0.43487539860167257,0.02,0.05
NA,NA,NA,0.43487539860167257,0.02,0.05
NA,NA,NA,0.43487539860167257,0.02,0.05
NA,NA,NA,0.43487539860167257,0.02,0.05
NA,NA,NA,0.43487539860167257,0.02,0.05
NA,NA,NA,0.43487539860167257,0.02,0.05
NA,NA,NA,0.43487539860167257,0.02,0.04
NA,NA,NA,0.43487539860167257,0.02,0.05
NA,NA,NA,0.43487539860167257,0.02,0.04
NA,NA,NA,0.43487539860167257,0.02,0.04
NA,NA,NA,0.4294948662588481,0.02,0.04
NA,NA,NA,0.4294948662588481,0.02,0.04
NA,NA,NA,0.4294948662588481,0.02,0.05
NA,NA,NA,0.4294948662588481,0.02,0.05
NA,NA,NA,0.4294948662588481,0.02,0.05
NA,NA,NA,0.4294948662588481,0.02,0.05
NA,NA,NA,0.4294948662588481,0.02,0.05
NA,NA,NA,0.4294948662588481,0.02,0.05
NA,NA,NA,0.4294948662588481,0.02,0.05
NA,NA,NA,0.4294948662588481,0.02,0.05
NA,NA,NA,0.4578183415009112,0.02,0.04
NA,NA,NA,0.4578183415009112,0.02,0.04
NA,NA,NA,0.4578183415009112,0.02,0.04
NA,NA,NA,0.4578183415009112,0.02,0.04
NA,NA,NA,0.4578183415009112,0.02,0.04
NA,NA,NA,0.4578183415009112,0.02,0.04
NA,NA,NA,0.4578183415009112,0.02,0.05
NA,NA,NA,0.4578183415009112,0.02,0.05
NA,NA,NA,0.4578183415009112,0.02,0.05
NA,NA,NA,0.4578183415009112,0.02,0.05
NA,NA,NA,0.46362875729340747,0.01,0.02
NA,NA,NA,0.46362875729340747,0.01,0.02
NA,NA,NA,0.46362875729340747,0.01,0.02
NA,NA,NA,0.46362875729340747,0.01,0.02
NA,NA,NA,0.46362875729340747,0.01,0.02
NA,NA,NA,0.46362875729340747,0.01,0.02
NA,NA,NA,0.46362875729340747,0.01,0.02
NA,NA,NA,0.46362875729340747,0.01,0.02
NA,NA,NA,0.46362875729340747,0.01,0.02
NA,NA,NA,0.46362875729340747,0.01,0.02
NA,NA,NA,0.4573207417928901,0.01,0.02
NA,NA,NA,0.4573207417928901,0.01,0.02
NA,NA,NA,0.4573207417928901,0.01,0.02
NA,NA,NA,0.4573207417928901,0.01,0.02
NA,NA,NA,0.4573207417928901,0.01,0.02
NA,NA,NA,0.4573207417928901,0.01,0.02
NA,NA,NA,0.4573207417928901,0.01,0.02
NA,NA,NA,0.4573207417928901,0.01,0.02
NA,NA,NA,0.4573207417928901,0.01,0.02
NA,NA,NA,0.4573207417928901,0.01,0.02
NA,NA,NA,0.4638047658864575,0.01,0.02
NA,NA,NA,0.4638047658864575,0.01,0.02
NA,NA,NA,0.4638047658864575,0.01,0.02
NA,NA,NA,0.4638047658864575,0.01,0.02
NA,NA,NA,0.4638047658864575,0.01,0.02
NA,NA,NA,0.4638047658864575,0.01,0.02
NA,NA,NA,0.4638047658864575,0.01,0.02
NA,NA,NA,0.4638047658864575,0.01,0.02
NA,NA,NA,0.4638047658864575,0.01,0.02
NA,NA,NA,0.4638047658864575,0.01,0.02
NA,NA,NA,0.4497393273337245,0.01,0.02
NA,NA,NA,0.4497393273337245,0.01,0.02
NA,NA,NA,0.4497393273337245,0.01,0.02
NA,NA,NA,0.4497393273337245,0.01,0.02
NA,NA,NA,0.4497393273337245,0.01,0.02
NA,NA,NA,0.4497393273337245,0.01,0.02
NA,NA,NA,0.4497393273337245,0.01,0.02
NA,NA,NA,0.4497393273337245,0.01,0.02
NA,NA,NA,0.4497393273337245,0.01,0.02
NA,NA,NA,0.4497393273337245,0.01,0.02
NA,NA,NA,0.4502246983527945,0.01,0.02
NA,NA,NA,0.4502246983527945,0.01,0.02
NA,NA,NA,0.4502246983527945,0.01,0.02
NA,NA,NA,0.4502246983527945,0.01,0.02
NA,NA,NA,0.4502246983527945,0.01,0.02
NA,NA,NA,0.4502246983527945,0.01,0.02
NA,NA,NA,0.4502246983527945,0.01,0.02
NA,NA,NA,0.4502246983527945,0.01,0.02
NA,NA,NA,0.4502246983527945,0.01,0.02
NA,NA,NA,0.4502246983527945,0.01,0.02
NA,NA,NA,0.4455615374999337,0.02,0.04
NA,NA,NA,0.4455615374999337,0.02,0.05
NA,NA,NA,0.4455615374999337,0.02,0.04
NA,NA,NA,0.4455615374999337,0.02,0.04
NA,NA,NA,0.4455615374999337,0.02,0.04
NA,NA,NA,0.4455615374999337,0.02,0.05
NA,NA,NA,0.4455615374999337,0.02,0.05
NA,NA,NA,0.4455615374999337,0.02,0.05
NA,NA,NA,0.4455615374999337,0.02,0.05
NA,NA,NA,0.4455615374999337,0.02,0.04
NA,NA,NA,0.46885780936377935,0.03,0.06
NA,NA,NA,0.46885780936377935,0.03,0.06
NA,NA,NA,0.46885780936377935,0.03,0.06
NA,NA,NA,0.46885780936377935,0.03,0.07
NA,NA,NA,0.46885780936377935,0.03,0.06
NA,NA,NA,0.46885780936377935,0.03,0.07
NA,NA,NA,0.46885780936377935,0.03,0.07
NA,NA,NA,0.46885780936377935,0.03,0.07
NA,NA,NA,0.46885780936377935,0.03,0.06
NA,NA,NA,0.46885780936377935,0.03,0.06
NA,NA,NA,0.4805240526582186,0.02,0.04
NA,NA,NA,0.4805240526582186,0.02,0.04
NA,NA,NA,0.4805240526582186,0.02,0.04
NA,NA,NA,0.4805240526582186,0.02,0.04
NA,NA,NA,0.4805240526582186,0.02,0.04
NA,NA,NA,0.4805240526582186,0.02,0.04
NA,NA,NA,0.4805240526582186,0.02,0.04
NA,NA,NA,0.4805240526582186,0.02,0.04
NA,NA,NA,0.4805240526582186,0.02,0.04
NA,NA,NA,0.4805240526582186,0.02,0.04
NA,NA,NA,0.4913857218102988,0.02,0.04
NA,NA,NA,0.4913857218102988,0.02,0.04
NA,NA,NA,0.4913857218102988,0.02,0.04
NA,NA,NA,0.4913857218102988,0.02,0.04
NA,NA,NA,0.4913857218102988,0.02,0.04
NA,NA,NA,0.4913857218102988,0.02,0.04
NA,NA,NA,0.4913857218102988,0.02,0.04
NA,NA,NA,0.4913857218102988,0.02,0.04
NA,NA,NA,0.4913857218102988,0.02,0.04
NA,NA,NA,0.4913857218102988,0.02,0.04
NA,NA,NA,0.5143335535705277,0.03,0.06
NA,NA,NA,0.5143335535705277,0.03,0.06
NA,NA,NA,0.5143335535705277,0.03,0.05
NA,NA,NA,0.5143335535705277,0.03,0.06
NA,NA,NA,0.5143335535705277,0.03,0.06
NA,NA,NA,0.5143335535705277,0.03,0.06
NA,NA,NA,0.5143335535705277,0.03,0.06
NA,NA,NA,0.5143335535705277,0.03,0.06
NA,NA,NA,0.5143335535705277,0.03,0.06
NA,NA,NA,0.5143335535705277,0.03,0.06
NA,NA,NA,0.5203063630386565,0.03,0.06
NA,NA,NA,0.5203063630386565,0.03,0.06
NA,NA,NA,0.5203063630386565,0.03,0.06
NA,NA,NA,0.5203063630386565,0.03,0.06
NA,NA,NA,0.5203063630386565,0.03,0.06
NA,NA,NA,0.5203063630386565,0.03,0.06
NA,NA,NA,0.5203063630386565,0.03,0.05
NA,NA,NA,0.5203063630386565,0.03,0.05
NA,NA,NA,0.5203063630386565,0.03,0.06
NA,NA,NA,0.5203063630386565,0.03,0.06
NA,NA,NA,0.520942720162426,0.02,0.04
NA,NA,NA,0.520942720162426,0.02,0.04
NA,NA,NA,0.520942720162426,0.02,0.04
NA,NA,NA,0.520942720162426,0.02,0.04
NA,NA,NA,0.520942720162426,0.02,0.04
NA,NA,NA,0.520942720162426,0.02,0.04
NA,NA,NA,0.520942720162426,0.02,0.04
NA,NA,NA,0.520942720162426,0.02,0.04
NA,NA,NA,0.520942720162426,0.02,0.04
NA,NA,NA,0.520942720162426,0.02,0.04
NA,NA,NA,0.5170224099148278,0.02,0.04
NA,NA,NA,0.5170224099148278,0.02,0.04
NA,NA,NA,0.5170224099148278,0.02,0.04
NA,NA,NA,0.5170224099148278,0.02,0.04
NA,NA,NA,0.5170224099148278,0.02,0.04
NA,NA,NA,0.5170224099148278,0.02,0.04
NA,NA,NA,0.5170224099148278,0.02,0.04
NA,NA,NA,0.5170224099148278,0.02,0.04
NA,NA,NA,0.5170224099148278,0.02,0.04
NA,NA,NA,0.5170224099148278,0.02,0.04
NA,NA,NA,0.49392141257847955,0.04,0.08
NA,NA,NA,0.49392141257847955,0.04,0.09
NA,NA,NA,0.49392141257847955,0.04,0.09
NA,NA,NA,0.49392141257847955,0.04,0.09
NA,NA,NA,0.49392141257847955,0.04,0.08
NA,NA,NA,0.49392141257847955,0.04,0.08
NA,NA,NA,0.49392141257847955,0.04,0.08
NA,NA,NA,0.49392141257847955,0.04,0.08
NA,NA,NA,0.49392141257847955,0.04,0.07
NA,NA,NA,0.49392141257847955,0.04,0.07
NA,NA,NA,0.45658756905756415,0.03,0.07
NA,NA,NA,0.45658756905756415,0.03,0.07
NA,NA,NA,0.45658756905756415,0.03,0.06
NA,NA,NA,0.45658756905756415,0.03,0.07
NA,NA,NA,0.45658756905756415,0.03,0.06
NA,NA,NA,0.45658756905756415,0.03,0.07
NA,NA,NA,0.45658756905756415,0.03,0.06
NA,NA,NA,0.45658756905756415,0.03,0.07
NA,NA,NA,0.45658756905756415,0.03,0.06
NA,NA,NA,0.45658756905756415,0.03,0.06
NA,NA,NA,0.4430717877877504,0.03,0.07
NA,NA,NA,0.4430717877877504,0.03,0.07
NA,NA,NA,0.4430717877877504,0.03,0.07
NA,NA,NA,0.4430717877877504,0.03,0.07
NA,NA,NA,0.4430717877877504,0.03,0.07
NA,NA,NA,0.4430717877877504,0.03,0.07
NA,NA,NA,0.4430717877877504,0.03,0.06
NA,NA,NA,0.4430717877877504,0.03,0.06
NA,NA,NA,0.4430717877877504,0.03,0.06
NA,NA,NA,0.4430717877877504,0.03,0.06
NA,NA,NA,0.4171980689815411,0.02,0.05
NA,NA,NA,0.4171980689815411,0.02,0.05
NA,NA,NA,0.4171980689815411,0.02,0.05
NA,NA,NA,0.4171980689815411,0.02,0.05
NA,NA,NA,0.4171980689815411,0.02,0.04
NA,NA,NA,0.4171980689815411,0.02,0.05
NA,NA,NA,0.4171980689815411,0.02,0.05
NA,NA,NA,0.4171980689815411,0.02,0.05
NA,NA,NA,0.4171980689815411,0.02,0.05
NA,NA,NA,0.4171980689815411,0.02,0.05
NA,NA,NA,0.4125606653901424,0.03,0.08
NA,NA,NA,0.4125606653901424,0.03,0.08
NA,NA,NA,0.4125606653901424,0.03,0.08
NA,NA,NA,0.4125606653901424,0.03,0.08
NA,NA,NA,0.4125606653901424,0.03,0.07
NA,NA,NA,0.4125606653901424,0.03,0.07
NA,NA,NA,0.4125606653901424,0.03,0.07
NA,NA,NA,0.4125606653901424,0.03,0.07
NA,NA,NA,0.4125606653901424,0.03,0.07
NA,NA,NA,0.4125606653901424,0.03,0.07
NA,NA,NA,0.3989708942194178,0.02,0.05
NA,NA,NA,0.3989708942194178,0.02,0.05
NA,NA,NA,0.3989708942194178,0.02,0.05
NA,NA,NA,0.3989708942194178,0.02,0.05
NA,NA,NA,0.3989708942194178,0.02,0.05
NA,NA,NA,0.3989708942194178,0.02,0.05
NA,NA,NA,0.3989708942194178,0.02,0.05
NA,NA,NA,0.3989708942194178,0.02,0.05
NA,NA,NA,0.3989708942194178,0.02,0.05
NA,NA,NA,0.3989708942194178,0.02,0.05
NA,NA,NA,0.4486367638893754,0.07,0.14
NA,NA,NA,0.4486367638893754,0.07,0.12
NA,NA,NA,0.4486367638893754,0.07,0.13
NA,NA,NA,0.4486367638893754,0.07,0.15
NA,NA,NA,0.4486367638893754,0.07,0.17
NA,NA,NA,0.4486367638893754,0.07,0.17
NA,NA,NA,0.4486367638893754,0.07,0.17
NA,NA,NA,0.4486367638893754,0.07,0.18
NA,NA,NA,0.4486367638893754,0.07,0.18
NA,NA,NA,0.4486367638893754,0.07,0.18
NA,NA,NA,0.4653270513492704,0.04,0.09
NA,NA,NA,0.4653270513492704,0.04,0.09
NA,NA,NA,0.4653270513492704,0.04,0.09
NA,NA,NA,0.4653270513492704,0.04,0.09
NA,NA,NA,0.4653270513492704,0.04,0.07
NA,NA,NA,0.4653270513492704,0.04,0.08
NA,NA,NA,0.4653270513492704,0.04,0.08
NA,NA,NA,0.4653270513492704,0.04,0.09
NA,NA,NA,0.4653270513492704,0.04,0.09
NA,NA,NA,0.4653270513492704,0.04,0.1
NA,NA,NA,0.4593424710231324,0.03,0.07
NA,NA,NA,0.4593424710231324,0.03,0.07
NA,NA,NA,0.4593424710231324,0.03,0.07
NA,NA,NA,0.4593424710231324,0.03,0.07
NA,NA,NA,0.4593424710231324,0.03,0.06
NA,NA,NA,0.4593424710231324,0.03,0.07
NA,NA,NA,0.4593424710231324,0.03,0.06
NA,NA,NA,0.4593424710231324,0.03,0.06
NA,NA,NA,0.4593424710231324,0.03,0.06
NA,NA,NA,0.4593424710231324,0.03,0.06
NA,NA,NA,0.4409679240092418,0.01,0.02
NA,NA,NA,0.4409679240092418,0.01,0.02
NA,NA,NA,0.4409679240092418,0.01,0.02
NA,NA,NA,0.4409679240092418,0.01,0.02
NA,NA,NA,0.4409679240092418,0.01,0.02
NA,NA,NA,0.4409679240092418,0.01,0.02
NA,NA,NA,0.4409679240092418,0.01,0.02
NA,NA,NA,0.4409679240092418,0.01,0.02
NA,NA,NA,0.4409679240092418,0.01,0.02
NA,NA,NA,0.4409679240092418,0.01,0.02
NA,NA,NA,0.4663009267122114,0.03,0.06
NA,NA,NA,0.4663009267122114,0.03,0.06
NA,NA,NA,0.4663009267122114,0.03,0.06
NA,NA,NA,0.4663009267122114,0.03,0.06
NA,NA,NA,0.4663009267122114,0.03,0.06
NA,NA,NA,0.4663009267122114,0.03,0.07
NA,NA,NA,0.4663009267122114,0.03,0.07
NA,NA,NA,0.4663009267122114,0.03,0.07
NA,NA,NA,0.4663009267122114,0.03,0.07
NA,NA,NA,0.4663009267122114,0.03,0.07
NA,NA,NA,0.49922885687898466,0.03,0.06
NA,NA,NA,0.49922885687898466,0.03,0.06
NA,NA,NA,0.49922885687898466,0.03,0.06
NA,NA,NA,0.49922885687898466,0.03,0.06
NA,NA,NA,0.49922885687898466,0.03,0.06
NA,NA,NA,0.49922885687898466,0.03,0.06
NA,NA,NA,0.49922885687898466,0.03,0.06
NA,NA,NA,0.49922885687898466,0.03,0.06
NA,NA,NA,0.49922885687898466,0.03,0.06
NA,NA,NA,0.49922885687898466,0.03,0.07
NA,NA,NA,0.5146577608372398,0.02,0.04
NA,NA,NA,0.5146577608372398,0.02,0.04
NA,NA,NA,0.5146577608372398,0.02,0.04
NA,NA,NA,0.5146577608372398,0.02,0.04
NA,NA,NA,0.5146577608372398,0.02,0.04
NA,NA,NA,0.5146577608372398,0.02,0.04
NA,NA,NA,0.5146577608372398,0.02,0.04
NA,NA,NA,0.5146577608372398,0.02,0.04
NA,NA,NA,0.5146577608372398,0.02,0.04
NA,NA,NA,0.5146577608372398,0.02,0.04
NA,NA,NA,0.5157903405530283,0.02,0.04
NA,NA,NA,0.5157903405530283,0.02,0.04
NA,NA,NA,0.5157903405530283,0.02,0.04
NA,NA,NA,0.5157903405530283,0.02,0.04
NA,NA,NA,0.5157903405530283,0.02,0.04
NA,NA,NA,0.5157903405530283,0.02,0.04
NA,NA,NA,0.5157903405530283,0.02,0.04
NA,NA,NA,0.5157903405530283,0.02,0.04
NA,NA,NA,0.5157903405530283,0.02,0.04
NA,NA,NA,0.5157903405530283,0.02,0.04
NA,NA,NA,0.4963434193542762,0.03,0.07
NA,NA,NA,0.4963434193542762,0.03,0.07
NA,NA,NA,0.4963434193542762,0.03,0.06
NA,NA,NA,0.4963434193542762,0.03,0.06
NA,NA,NA,0.4963434193542762,0.03,0.06
NA,NA,NA,0.4963434193542762,0.03,0.06
NA,NA,NA,0.4963434193542762,0.03,0.05
NA,NA,NA,0.4963434193542762,0.03,0.06
NA,NA,NA,0.4963434193542762,0.03,0.06
NA,NA,NA,0.4963434193542762,0.03,0.06
NA,NA,NA,0.4950932452094868,0.04,0.07
NA,NA,NA,0.4950932452094868,0.04,0.07
NA,NA,NA,0.4950932452094868,0.04,0.08
NA,NA,NA,0.4950932452094868,0.04,0.09
NA,NA,NA,0.4950932452094868,0.04,0.08
NA,NA,NA,0.4950932452094868,0.04,0.09
NA,NA,NA,0.4950932452094868,0.04,0.08
NA,NA,NA,0.4950932452094868,0.04,0.08
NA,NA,NA,0.4950932452094868,0.04,0.08
NA,NA,NA,0.4950932452094868,0.04,0.08
NA,NA,NA,0.49718546402500463,0.03,0.06
NA,NA,NA,0.49718546402500463,0.03,0.06
NA,NA,NA,0.49718546402500463,0.03,0.06
NA,NA,NA,0.49718546402500463,0.03,0.06
NA,NA,NA,0.49718546402500463,0.03,0.05
NA,NA,NA,0.49718546402500463,0.03,0.06
NA,NA,NA,0.49718546402500463,0.03,0.06
NA,NA,NA,0.49718546402500463,0.03,0.07
NA,NA,NA,0.49718546402500463,0.03,0.06
NA,NA,NA,0.49718546402500463,0.03,0.06
NA,NA,NA,0.4877579710611629,0.03,0.06
NA,NA,NA,0.4877579710611629,0.03,0.07
NA,NA,NA,0.4877579710611629,0.03,0.07
NA,NA,NA,0.4877579710611629,0.03,0.06
NA,NA,NA,0.4877579710611629,0.03,0.06
NA,NA,NA,0.4877579710611629,0.03,0.06
NA,NA,NA,0.4877579710611629,0.03,0.06
NA,NA,NA,0.4877579710611629,0.03,0.06
NA,NA,NA,0.4877579710611629,0.03,0.06
NA,NA,NA,0.4877579710611629,0.03,0.06
NA,NA,NA,0.4554569262041209,0.02,0.05
NA,NA,NA,0.4554569262041209,0.02,0.05
NA,NA,NA,0.4554569262041209,0.02,0.04
NA,NA,NA,0.4554569262041209,0.02,0.04
NA,NA,NA,0.4554569262041209,0.02,0.04
NA,NA,NA,0.4554569262041209,0.02,0.05
NA,NA,NA,0.4554569262041209,0.02,0.04
NA,NA,NA,0.4554569262041209,0.02,0.04
NA,NA,NA,0.4554569262041209,0.02,0.04
NA,NA,NA,0.4554569262041209,0.02,0.04
NA,NA,NA,0.4356062738884968,0.01,0.02
NA,NA,NA,0.4356062738884968,0.01,0.02
NA,NA,NA,0.4356062738884968,0.01,0.02
NA,NA,NA,0.4356062738884968,0.01,0.02
NA,NA,NA,0.4356062738884968,0.01,0.02
NA,NA,NA,0.4356062738884968,0.01,0.02
NA,NA,NA,0.4356062738884968,0.01,0.02
NA,NA,NA,0.4356062738884968,0.01,0.02
NA,NA,NA,0.4356062738884968,0.01,0.02
NA,NA,NA,0.4356062738884968,0.01,0.02
NA,NA,NA,0.4322929666600355,0.01,0.02
NA,NA,NA,0.4322929666600355,0.01,0.02
NA,NA,NA,0.4322929666600355,0.01,0.02
NA,NA,NA,0.4322929666600355,0.01,0.02
NA,NA,NA,0.4322929666600355,0.01,0.02
NA,NA,NA,0.4322929666600355,0.01,0.02
NA,NA,NA,0.4322929666600355,0.01,0.02
NA,NA,NA,0.4322929666600355,0.01,0.02
NA,NA,NA,0.4322929666600355,0.01,0.02
NA,NA,NA,0.4322929666600355,0.01,0.02
NA,NA,NA,0.4344829479731537,0.01,0.02
NA,NA,NA,0.4344829479731537,0.01,0.02
NA,NA,NA,0.4344829479731537,0.01,0.02
NA,NA,NA,0.4344829479731537,0.01,0.02
NA,NA,NA,0.4344829479731537,0.01,0.02
NA,NA,NA,0.4344829479731537,0.01,0.02
NA,NA,NA,0.4344829479731537,0.01,0.02
NA,NA,NA,0.4344829479731537,0.01,0.02
NA,NA,NA,0.4344829479731537,0.01,0.02
NA,NA,NA,0.4344829479731537,0.01,0.02
NA,NA,NA,0.4434080231584162,0.01,0.02
NA,NA,NA,0.4434080231584162,0.01,0.02
NA,NA,NA,0.4434080231584162,0.01,0.02
NA,NA,NA,0.4434080231584162,0.01,0.02
NA,NA,NA,0.4434080231584162,0.01,0.02
NA,NA,NA,0.4434080231584162,0.01,0.02
NA,NA,NA,0.4434080231584162,0.01,0.02
NA,NA,NA,0.4434080231584162,0.01,0.02
NA,NA,NA,0.4434080231584162,0.01,0.02
NA,NA,NA,0.4434080231584162,0.01,0.02
NA,NA,NA,0.4332542740875108,0.01,0.02
NA,NA,NA,0.4332542740875108,0.01,0.02
NA,NA,NA,0.4332542740875108,0.01,0.02
NA,NA,NA,0.4332542740875108,0.01,0.02
NA,NA,NA,0.4332542740875108,0.01,0.02
NA,NA,NA,0.4332542740875108,0.01,0.02
NA,NA,NA,0.4332542740875108,0.01,0.02
NA,NA,NA,0.4332542740875108,0.01,0.02
NA,NA,NA,0.4332542740875108,0.01,0.02
NA,NA,NA,0.4332542740875108,0.01,0.02
NA,NA,NA,0.43721608271687384,0.01,0.02
NA,NA,NA,0.43721608271687384,0.01,0.02
NA,NA,NA,0.43721608271687384,0.01,0.02
NA,NA,NA,0.43721608271687384,0.01,0.02
NA,NA,NA,0.43721608271687384,0.01,0.02
NA,NA,NA,0.43721608271687384,0.01,0.02
NA,NA,NA,0.43721608271687384,0.01,0.02
NA,NA,NA,0.43721608271687384,0.01,0.02
NA,NA,NA,0.43721608271687384,0.01,0.02
NA,NA,NA,0.43721608271687384,0.01,0.02
NA,NA,NA,0.4447072647664162,0.02,0.04
NA,NA,NA,0.4447072647664162,0.02,0.05
NA,NA,NA,0.4447072647664162,0.02,0.05
NA,NA,NA,0.4447072647664162,0.02,0.05
NA,NA,NA,0.4447072647664162,0.02,0.04
NA,NA,NA,0.4447072647664162,0.02,0.05
NA,NA,NA,0.4447072647664162,0.02,0.04
NA,NA,NA,0.4447072647664162,0.02,0.05
NA,NA,NA,0.4447072647664162,0.02,0.05
NA,NA,NA,0.4447072647664162,0.02,0.04
NA,NA,NA,0.4720382157364955,0.04,0.08
NA,NA,NA,0.4720382157364955,0.04,0.08
NA,NA,NA,0.4720382157364955,0.04,0.08
NA,NA,NA,0.4720382157364955,0.04,0.08
NA,NA,NA,0.4720382157364955,0.04,0.09
NA,NA,NA,0.4720382157364955,0.04,0.09
NA,NA,NA,0.4720382157364955,0.04,0.09
NA,NA,NA,0.4720382157364955,0.04,0.09
NA,NA,NA,0.4720382157364955,0.04,0.09
NA,NA,NA,0.4720382157364955,0.04,0.09
NA,NA,NA,0.5075379043690618,0.04,0.07
NA,NA,NA,0.5075379043690618,0.04,0.07
NA,NA,NA,0.5075379043690618,0.04,0.08
NA,NA,NA,0.5075379043690618,0.04,0.07
NA,NA,NA,0.5075379043690618,0.04,0.07
NA,NA,NA,0.5075379043690618,0.04,0.08
NA,NA,NA,0.5075379043690618,0.04,0.08
NA,NA,NA,0.5075379043690618,0.04,0.09
NA,NA,NA,0.5075379043690618,0.04,0.09
NA,NA,NA,0.5075379043690618,0.04,0.09
NA,NA,NA,0.5291367149644531,0.02,0.04
NA,NA,NA,0.5291367149644531,0.02,0.04
NA,NA,NA,0.5291367149644531,0.02,0.04
NA,NA,NA,0.5291367149644531,0.02,0.04
NA,NA,NA,0.5291367149644531,0.02,0.04
NA,NA,NA,0.5291367149644531,0.02,0.04
NA,NA,NA,0.5291367149644531,0.02,0.04
NA,NA,NA,0.5291367149644531,0.02,0.04
NA,NA,NA,0.5291367149644531,0.02,0.04
NA,NA,NA,0.5291367149644531,0.02,0.04
NA,NA,NA,0.5158113482723573,0.02,0.04
NA,NA,NA,0.5158113482723573,0.02,0.04
NA,NA,NA,0.5158113482723573,0.02,0.04
NA,NA,NA,0.5158113482723573,0.02,0.04
NA,NA,NA,0.5158113482723573,0.02,0.04
NA,NA,NA,0.5158113482723573,0.02,0.04
NA,NA,NA,0.5158113482723573,0.02,0.04
NA,NA,NA,0.5158113482723573,0.02,0.04
NA,NA,NA,0.5158113482723573,0.02,0.04
NA,NA,NA,0.5158113482723573,0.02,0.04
NA,NA,NA,0.4817651149394371,0.03,0.07
NA,NA,NA,0.4817651149394371,0.03,0.07
NA,NA,NA,0.4817651149394371,0.03,0.06
NA,NA,NA,0.4817651149394371,0.03,0.06
NA,NA,NA,0.4817651149394371,0.03,0.06
NA,NA,NA,0.4817651149394371,0.03,0.06
NA,NA,NA,0.4817651149394371,0.03,0.06
NA,NA,NA,0.4817651149394371,0.03,0.06
NA,NA,NA,0.4817651149394371,0.03,0.06
NA,NA,NA,0.4817651149394371,0.03,0.06
NA,NA,NA,0.4612990759014717,0.03,0.06
NA,NA,NA,0.4612990759014717,0.03,0.07
NA,NA,NA,0.4612990759014717,0.03,0.07
NA,NA,NA,0.4612990759014717,0.03,0.07
NA,NA,NA,0.4612990759014717,0.03,0.07
NA,NA,NA,0.4612990759014717,0.03,0.07
NA,NA,NA,0.4612990759014717,0.03,0.06
NA,NA,NA,0.4612990759014717,0.03,0.06
NA,NA,NA,0.4612990759014717,0.03,0.06
NA,NA,NA,0.4612990759014717,0.03,0.06
NA,NA,NA,0.4365876948380428,0.02,0.05
NA,NA,NA,0.4365876948380428,0.02,0.05
NA,NA,NA,0.4365876948380428,0.02,0.04
NA,NA,NA,0.4365876948380428,0.02,0.05
NA,NA,NA,0.4365876948380428,0.02,0.04
NA,NA,NA,0.4365876948380428,0.02,0.04
NA,NA,NA,0.4365876948380428,0.02,0.05
NA,NA,NA,0.4365876948380428,0.02,0.05
NA,NA,NA,0.4365876948380428,0.02,0.05
NA,NA,NA,0.4365876948380428,0.02,0.05
NA,NA,NA,0.42722805073476167,0.03,0.08
NA,NA,NA,0.42722805073476167,0.03,0.08
NA,NA,NA,0.42722805073476167,0.03,0.07
NA,NA,NA,0.42722805073476167,0.03,0.07
NA,NA,NA,0.42722805073476167,0.03,0.07
NA,NA,NA,0.42722805073476167,0.03,0.07
NA,NA,NA,0.42722805073476167,0.03,0.06
NA,NA,NA,0.42722805073476167,0.03,0.07
NA,NA,NA,0.42722805073476167,0.03,0.06
NA,NA,NA,0.42722805073476167,0.03,0.07
NA,NA,NA,0.40990379606463734,0.01,0.02
NA,NA,NA,0.40990379606463734,0.01,0.02
NA,NA,NA,0.40990379606463734,0.01,0.03
NA,NA,NA,0.40990379606463734,0.01,0.02
NA,NA,NA,0.40990379606463734,0.01,0.03
NA,NA,NA,0.40990379606463734,0.01,0.02
NA,NA,NA,0.40990379606463734,0.01,0.02
NA,NA,NA,0.40990379606463734,0.01,0.02
NA,NA,NA,0.40990379606463734,0.01,0.02
NA,NA,NA,0.40990379606463734,0.01,0.02
NA,NA,NA,0.41411226827346215,0.01,0.02
NA,NA,NA,0.41411226827346215,0.01,0.02
NA,NA,NA,0.41411226827346215,0.01,0.02
NA,NA,NA,0.41411226827346215,0.01,0.02
NA,NA,NA,0.41411226827346215,0.01,0.02
NA,NA,NA,0.41411226827346215,0.01,0.02
NA,NA,NA,0.41411226827346215,0.01,0.02
NA,NA,NA,0.41411226827346215,0.01,0.03
NA,NA,NA,0.41411226827346215,0.01,0.02
NA,NA,NA,0.41411226827346215,0.01,0.03
NA,NA,NA,0.4194767660544186,0.01,0.02
NA,NA,NA,0.4194767660544186,0.01,0.02
NA,NA,NA,0.4194767660544186,0.01,0.02
NA,NA,NA,0.4194767660544186,0.01,0.02
NA,NA,NA,0.4194767660544186,0.01,0.02
NA,NA,NA,0.4194767660544186,0.01,0.02
NA,NA,NA,0.4194767660544186,0.01,0.02
NA,NA,NA,0.4194767660544186,0.01,0.02
NA,NA,NA,0.4194767660544186,0.01,0.02
NA,NA,NA,0.4194767660544186,0.01,0.02
NA,NA,NA,0.4260221442941689,0.01,0.02
NA,NA,NA,0.4260221442941689,0.01,0.02
NA,NA,NA,0.4260221442941689,0.01,0.02
NA,NA,NA,0.4260221442941689,0.01,0.02
NA,NA,NA,0.4260221442941689,0.01,0.02
NA,NA,NA,0.4260221442941689,0.01,0.02
NA,NA,NA,0.4260221442941689,0.01,0.02
NA,NA,NA,0.4260221442941689,0.01,0.02
NA,NA,NA,0.4260221442941689,0.01,0.02
NA,NA,NA,0.4260221442941689,0.01,0.02
NA,NA,NA,0.4179472868611121,0.02,0.05
NA,NA,NA,0.4179472868611121,0.02,0.05
NA,NA,NA,0.4179472868611121,0.02,0.05
NA,NA,NA,0.4179472868611121,0.02,0.05
NA,NA,NA,0.4179472868611121,0.02,0.05
NA,NA,NA,0.4179472868611121,0.02,0.05
NA,NA,NA,0.4179472868611121,0.02,0.05
NA,NA,NA,0.4179472868611121,0.02,0.05
NA,NA,NA,0.4179472868611121,0.02,0.05
NA,NA,NA,0.4179472868611121,0.02,0.05
NA,NA,NA,0.41678236810921954,0.02,0.05
NA,NA,NA,0.41678236810921954,0.02,0.05
NA,NA,NA,0.41678236810921954,0.02,0.05
NA,NA,NA,0.41678236810921954,0.02,0.05
NA,NA,NA,0.41678236810921954,0.02,0.05
NA,NA,NA,0.41678236810921954,0.02,0.05
NA,NA,NA,0.41678236810921954,0.02,0.05
NA,NA,NA,0.41678236810921954,0.02,0.05
NA,NA,NA,0.41678236810921954,0.02,0.05
NA,NA,NA,0.41678236810921954,0.02,0.05
NA,NA,NA,0.43169379153588694,0.04,0.07
NA,NA,NA,0.43169379153588694,0.04,0.09
NA,NA,NA,0.43169379153588694,0.04,0.09
NA,NA,NA,0.43169379153588694,0.04,0.09
NA,NA,NA,0.43169379153588694,0.04,0.1
NA,NA,NA,0.43169379153588694,0.04,0.09
NA,NA,NA,0.43169379153588694,0.04,0.1
NA,NA,NA,0.43169379153588694,0.04,0.1
NA,NA,NA,0.43169379153588694,0.04,0.1
NA,NA,NA,0.43169379153588694,0.04,0.1
NA,NA,NA,0.4861840264388444,0.06,0.11
NA,NA,NA,0.4861840264388444,0.06,0.11
NA,NA,NA,0.4861840264388444,0.06,0.11
NA,NA,NA,0.4861840264388444,0.06,0.11
NA,NA,NA,0.4861840264388444,0.06,0.11
NA,NA,NA,0.4861840264388444,0.06,0.13
NA,NA,NA,0.4861840264388444,0.06,0.13
NA,NA,NA,0.4861840264388444,0.06,0.14
NA,NA,NA,0.4861840264388444,0.06,0.14
NA,NA,NA,0.4861840264388444,0.06,0.15
NA,NA,NA,0.5231193862162196,0.03,0.06
NA,NA,NA,0.5231193862162196,0.03,0.06
NA,NA,NA,0.5231193862162196,0.03,0.06
NA,NA,NA,0.5231193862162196,0.03,0.06
NA,NA,NA,0.5231193862162196,0.03,0.05
NA,NA,NA,0.5231193862162196,0.03,0.05
NA,NA,NA,0.5231193862162196,0.03,0.05
NA,NA,NA,0.5231193862162196,0.03,0.06
NA,NA,NA,0.5231193862162196,0.03,0.06
NA,NA,NA,0.5231193862162196,0.03,0.06
NA,NA,NA,0.5127171053128416,0.02,0.04
NA,NA,NA,0.5127171053128416,0.02,0.04
NA,NA,NA,0.5127171053128416,0.02,0.04
NA,NA,NA,0.5127171053128416,0.02,0.04
NA,NA,NA,0.5127171053128416,0.02,0.04
NA,NA,NA,0.5127171053128416,0.02,0.04
NA,NA,NA,0.5127171053128416,0.02,0.04
NA,NA,NA,0.5127171053128416,0.02,0.04
NA,NA,NA,0.5127171053128416,0.02,0.04
NA,NA,NA,0.5127171053128416,0.02,0.04
NA,NA,NA,0.4835613963580045,0.03,0.07
NA,NA,NA,0.4835613963580045,0.03,0.07
NA,NA,NA,0.4835613963580045,0.03,0.06
NA,NA,NA,0.4835613963580045,0.03,0.06
NA,NA,NA,0.4835613963580045,0.03,0.06
NA,NA,NA,0.4835613963580045,0.03,0.06
NA,NA,NA,0.4835613963580045,0.03,0.06
NA,NA,NA,0.4835613963580045,0.03,0.06
NA,NA,NA,0.4835613963580045,0.03,0.06
NA,NA,NA,0.4835613963580045,0.03,0.06
NA,NA,NA,0.4579915631297924,0.05,0.13
NA,NA,NA,0.4579915631297924,0.05,0.13
NA,NA,NA,0.4579915631297924,0.05,0.12
NA,NA,NA,0.4579915631297924,0.05,0.12
NA,NA,NA,0.4579915631297924,0.05,0.11
NA,NA,NA,0.4579915631297924,0.05,0.1
NA,NA,NA,0.4579915631297924,0.05,0.1
NA,NA,NA,0.4579915631297924,0.05,0.1
NA,NA,NA,0.4579915631297924,0.05,0.1
NA,NA,NA,0.4579915631297924,0.05,0.1
NA,NA,NA,0.400690412883071,0.03,0.08
NA,NA,NA,0.400690412883071,0.03,0.08
NA,NA,NA,0.400690412883071,0.03,0.08
NA,NA,NA,0.400690412883071,0.03,0.08
NA,NA,NA,0.400690412883071,0.03,0.08
NA,NA,NA,0.400690412883071,0.03,0.08
NA,NA,NA,0.400690412883071,0.03,0.07
NA,NA,NA,0.400690412883071,0.03,0.07
NA,NA,NA,0.400690412883071,0.03,0.07
NA,NA,NA,0.400690412883071,0.03,0.07
NA,NA,NA,0.3876905389063528,0.01,0.03
NA,NA,NA,0.3876905389063528,0.01,0.03
NA,NA,NA,0.3876905389063528,0.01,0.03
NA,NA,NA,0.3876905389063528,0.01,0.03
NA,NA,NA,0.3876905389063528,0.01,0.03
NA,NA,NA,0.3876905389063528,0.01,0.03
NA,NA,NA,0.3876905389063528,0.01,0.03
NA,NA,NA,0.3876905389063528,0.01,0.03
NA,NA,NA,0.3876905389063528,0.01,0.03
NA,NA,NA,0.3876905389063528,0.01,0.02
NA,NA,NA,0.3897779248183452,0.02,0.05
NA,NA,NA,0.3897779248183452,0.02,0.05
NA,NA,NA,0.3897779248183452,0.02,0.05
NA,NA,NA,0.3897779248183452,0.02,0.05
NA,NA,NA,0.3897779248183452,0.02,0.05
NA,NA,NA,0.3897779248183452,0.02,0.05
NA,NA,NA,0.3897779248183452,0.02,0.05
NA,NA,NA,0.3897779248183452,0.02,0.05
NA,NA,NA,0.3897779248183452,0.02,0.05
NA,NA,NA,0.3897779248183452,0.02,0.05
NA,NA,NA,0.4047684197038506,0.02,0.05
NA,NA,NA,0.4047684197038506,0.02,0.05
NA,NA,NA,0.4047684197038506,0.02,0.05
NA,NA,NA,0.4047684197038506,0.02,0.05
NA,NA,NA,0.4047684197038506,0.02,0.05
NA,NA,NA,0.4047684197038506,0.02,0.05
NA,NA,NA,0.4047684197038506,0.02,0.05
NA,NA,NA,0.4047684197038506,0.02,0.05
NA,NA,NA,0.4047684197038506,0.02,0.05
NA,NA,NA,0.4047684197038506,0.02,0.05
NA,NA,NA,0.41808512986768465,0.01,0.02
NA,NA,NA,0.41808512986768465,0.01,0.02
NA,NA,NA,0.41808512986768465,0.01,0.02
NA,NA,NA,0.41808512986768465,0.01,0.02
NA,NA,NA,0.41808512986768465,0.01,0.02
NA,NA,NA,0.41808512986768465,0.01,0.02
NA,NA,NA,0.41808512986768465,0.01,0.02
NA,NA,NA,0.41808512986768465,0.01,0.02
NA,NA,NA,0.41808512986768465,0.01,0.02
NA,NA,NA,0.41808512986768465,0.01,0.02
NA,NA,NA,0.40612854696502554,0.01,0.03
NA,NA,NA,0.40612854696502554,0.01,0.03
NA,NA,NA,0.40612854696502554,0.01,0.02
NA,NA,NA,0.40612854696502554,0.01,0.02
NA,NA,NA,0.40612854696502554,0.01,0.02
NA,NA,NA,0.40612854696502554,0.01,0.02
NA,NA,NA,0.40612854696502554,0.01,0.02
NA,NA,NA,0.40612854696502554,0.01,0.02
NA,NA,NA,0.40612854696502554,0.01,0.02
NA,NA,NA,0.40612854696502554,0.01,0.02
NA,NA,NA,0.4241050294208242,0.03,0.06
NA,NA,NA,0.4241050294208242,0.03,0.06
NA,NA,NA,0.4241050294208242,0.03,0.07
NA,NA,NA,0.4241050294208242,0.03,0.07
NA,NA,NA,0.4241050294208242,0.03,0.08
NA,NA,NA,0.4241050294208242,0.03,0.07
NA,NA,NA,0.4241050294208242,0.03,0.07
NA,NA,NA,0.4241050294208242,0.03,0.07
NA,NA,NA,0.4241050294208242,0.03,0.07
NA,NA,NA,0.4241050294208242,0.03,0.07
NA,NA,NA,0.4325478398029523,0.02,0.05
NA,NA,NA,0.4325478398029523,0.02,0.05
NA,NA,NA,0.4325478398029523,0.02,0.05
NA,NA,NA,0.4325478398029523,0.02,0.05
NA,NA,NA,0.4325478398029523,0.02,0.04
NA,NA,NA,0.4325478398029523,0.02,0.04
NA,NA,NA,0.4325478398029523,0.02,0.05
NA,NA,NA,0.4325478398029523,0.02,0.04
NA,NA,NA,0.4325478398029523,0.02,0.05
NA,NA,NA,0.4325478398029523,0.02,0.05
NA,NA,NA,0.43220392384970807,0.02,0.05
NA,NA,NA,0.43220392384970807,0.02,0.05
NA,NA,NA,0.43220392384970807,0.02,0.05
NA,NA,NA,0.43220392384970807,0.02,0.05
NA,NA,NA,0.43220392384970807,0.02,0.05
NA,NA,NA,0.43220392384970807,0.02,0.05
NA,NA,NA,0.43220392384970807,0.02,0.05
NA,NA,NA,0.43220392384970807,0.02,0.05
NA,NA,NA,0.43220392384970807,0.02,0.04
NA,NA,NA,0.43220392384970807,0.02,0.04
NA,NA,NA,0.43501025052599607,0.02,0.04
NA,NA,NA,0.43501025052599607,0.02,0.04
NA,NA,NA,0.43501025052599607,0.02,0.05
NA,NA,NA,0.43501025052599607,0.02,0.05
NA,NA,NA,0.43501025052599607,0.02,0.05
NA,NA,NA,0.43501025052599607,0.02,0.04
NA,NA,NA,0.43501025052599607,0.02,0.05
NA,NA,NA,0.43501025052599607,0.02,0.05
NA,NA,NA,0.43501025052599607,0.02,0.05
NA,NA,NA,0.43501025052599607,0.02,0.05
NA,NA,NA,0.457092673223862,0.03,0.06
NA,NA,NA,0.457092673223862,0.03,0.06
NA,NA,NA,0.457092673223862,0.03,0.06
NA,NA,NA,0.457092673223862,0.03,0.06
NA,NA,NA,0.457092673223862,0.03,0.07
NA,NA,NA,0.457092673223862,0.03,0.07
NA,NA,NA,0.457092673223862,0.03,0.07
NA,NA,NA,0.457092673223862,0.03,0.07
NA,NA,NA,0.457092673223862,0.03,0.07
NA,NA,NA,0.457092673223862,0.03,0.07
NA,NA,NA,0.48627081861155136,0.03,0.06
NA,NA,NA,0.48627081861155136,0.03,0.06
NA,NA,NA,0.48627081861155136,0.03,0.06
NA,NA,NA,0.48627081861155136,0.03,0.06
NA,NA,NA,0.48627081861155136,0.03,0.06
NA,NA,NA,0.48627081861155136,0.03,0.06
NA,NA,NA,0.48627081861155136,0.03,0.06
NA,NA,NA,0.48627081861155136,0.03,0.06
NA,NA,NA,0.48627081861155136,0.03,0.07
NA,NA,NA,0.48627081861155136,0.03,0.07
NA,NA,NA,0.49913741757793223,0.02,0.04
NA,NA,NA,0.49913741757793223,0.02,0.04
NA,NA,NA,0.49913741757793223,0.02,0.04
NA,NA,NA,0.49913741757793223,0.02,0.04
NA,NA,NA,0.49913741757793223,0.02,0.04
NA,NA,NA,0.49913741757793223,0.02,0.04
NA,NA,NA,0.49913741757793223,0.02,0.04
NA,NA,NA,0.49913741757793223,0.02,0.04
NA,NA,NA,0.49913741757793223,0.02,0.04
NA,NA,NA,0.49913741757793223,0.02,0.04
NA,NA,NA,0.5071848357748542,0.02,0.04
NA,NA,NA,0.5071848357748542,0.02,0.04
NA,NA,NA,0.5071848357748542,0.02,0.04
NA,NA,NA,0.5071848357748542,0.02,0.04
NA,NA,NA,0.5071848357748542,0.02,0.04
NA,NA,NA,0.5071848357748542,0.02,0.04
NA,NA,NA,0.5071848357748542,0.02,0.04
NA,NA,NA,0.5071848357748542,0.02,0.04
NA,NA,NA,0.5071848357748542,0.02,0.04
NA,NA,NA,0.5071848357748542,0.02,0.04
NA,NA,NA,0.5142252522740239,0.04,0.07
NA,NA,NA,0.5142252522740239,0.04,0.07
NA,NA,NA,0.5142252522740239,0.04,0.07
NA,NA,NA,0.5142252522740239,0.04,0.07
NA,NA,NA,0.5142252522740239,0.04,0.08
NA,NA,NA,0.5142252522740239,0.04,0.08
NA,NA,NA,0.5142252522740239,0.04,0.08
NA,NA,NA,0.5142252522740239,0.04,0.08
NA,NA,NA,0.5142252522740239,0.04,0.09
NA,NA,NA,0.5142252522740239,0.04,0.08
NA,NA,NA,0.5643688718629212,0.04,0.07
NA,NA,NA,0.5643688718629212,0.04,0.06
NA,NA,NA,0.5643688718629212,0.04,0.07
NA,NA,NA,0.5643688718629212,0.04,0.07
NA,NA,NA,0.5643688718629212,0.04,0.07
NA,NA,NA,0.5643688718629212,0.04,0.07
NA,NA,NA,0.5643688718629212,0.04,0.07
NA,NA,NA,0.5643688718629212,0.04,0.07
NA,NA,NA,0.5643688718629212,0.04,0.08
NA,NA,NA,0.5643688718629212,0.04,0.08
NA,NA,NA,0.5757793878977957,0.06,0.13
NA,NA,NA,0.5757793878977957,0.06,0.11
NA,NA,NA,0.5757793878977957,0.06,0.11
NA,NA,NA,0.5757793878977957,0.06,0.09
NA,NA,NA,0.5757793878977957,0.06,0.11
NA,NA,NA,0.5757793878977957,0.06,0.1
NA,NA,NA,0.5757793878977957,0.06,0.09
NA,NA,NA,0.5757793878977957,0.06,0.11
NA,NA,NA,0.5757793878977957,0.06,0.11
NA,NA,NA,0.5757793878977957,0.06,0.11
NA,NA,NA,0.4994687425577699,0.04,0.08
NA,NA,NA,0.4994687425577699,0.04,0.08
NA,NA,NA,0.4994687425577699,0.04,0.08
NA,NA,NA,0.4994687425577699,0.04,0.08
NA,NA,NA,0.4994687425577699,0.04,0.09
NA,NA,NA,0.4994687425577699,0.04,0.08
NA,NA,NA,0.4994687425577699,0.04,0.08
NA,NA,NA,0.4994687425577699,0.04,0.08
NA,NA,NA,0.4994687425577699,0.04,0.07
NA,NA,NA,0.4994687425577699,0.04,0.07
NA,NA,NA,0.45771109537878674,0.04,0.07
NA,NA,NA,0.45771109537878674,0.04,0.08
NA,NA,NA,0.45771109537878674,0.04,0.09
NA,NA,NA,0.45771109537878674,0.04,0.09
NA,NA,NA,0.45771109537878674,0.04,0.09
NA,NA,NA,0.45771109537878674,0.04,0.09
NA,NA,NA,0.45771109537878674,0.04,0.09
NA,NA,NA,0.45771109537878674,0.04,0.09
NA,NA,NA,0.45771109537878674,0.04,0.09
NA,NA,NA,0.45771109537878674,0.04,0.09
NA,NA,NA,0.46698604193805254,0.04,0.07
NA,NA,NA,0.46698604193805254,0.04,0.08
NA,NA,NA,0.46698604193805254,0.04,0.08
NA,NA,NA,0.46698604193805254,0.04,0.09
NA,NA,NA,0.46698604193805254,0.04,0.09
NA,NA,NA,0.46698604193805254,0.04,0.09
NA,NA,NA,0.46698604193805254,0.04,0.08
NA,NA,NA,0.46698604193805254,0.04,0.09
NA,NA,NA,0.46698604193805254,0.04,0.09
NA,NA,NA,0.46698604193805254,0.04,0.1
NA,NA,NA,0.4682471747050379,0.02,0.04
NA,NA,NA,0.4682471747050379,0.02,0.04
NA,NA,NA,0.4682471747050379,0.02,0.04
NA,NA,NA,0.4682471747050379,0.02,0.04
NA,NA,NA,0.4682471747050379,0.02,0.04
NA,NA,NA,0.4682471747050379,0.02,0.04
NA,NA,NA,0.4682471747050379,0.02,0.04
NA,NA,NA,0.4682471747050379,0.02,0.04
NA,NA,NA,0.4682471747050379,0.02,0.04
NA,NA,NA,0.4682471747050379,0.02,0.05
NA,NA,NA,0.4789970985682857,0.02,0.04
NA,NA,NA,0.4789970985682857,0.02,0.04
NA,NA,NA,0.4789970985682857,0.02,0.04
NA,NA,NA,0.4789970985682857,0.02,0.04
NA,NA,NA,0.4789970985682857,0.02,0.04
NA,NA,NA,0.4789970985682857,0.02,0.04
NA,NA,NA,0.4789970985682857,0.02,0.04
NA,NA,NA,0.4789970985682857,0.02,0.04
NA,NA,NA,0.4789970985682857,0.02,0.04
NA,NA,NA,0.4789970985682857,0.02,0.04
NA,NA,NA,0.4657676588104177,0.02,0.04
NA,NA,NA,0.4657676588104177,0.02,0.05
NA,NA,NA,0.4657676588104177,0.02,0.04
NA,NA,NA,0.4657676588104177,0.02,0.05
NA,NA,NA,0.4657676588104177,0.02,0.04
NA,NA,NA,0.4657676588104177,0.02,0.04
NA,NA,NA,0.4657676588104177,0.02,0.04
NA,NA,NA,0.4657676588104177,0.02,0.05
NA,NA,NA,0.4657676588104177,0.02,0.04
NA,NA,NA,0.4657676588104177,0.02,0.04
NA,NA,NA,0.45766385182025887,0.02,0.04
NA,NA,NA,0.45766385182025887,0.02,0.05
NA,NA,NA,0.45766385182025887,0.02,0.04
NA,NA,NA,0.45766385182025887,0.02,0.04
NA,NA,NA,0.45766385182025887,0.02,0.04
NA,NA,NA,0.45766385182025887,0.02,0.05
NA,NA,NA,0.45766385182025887,0.02,0.04
NA,NA,NA,0.45766385182025887,0.02,0.04
NA,NA,NA,0.45766385182025887,0.02,0.04
NA,NA,NA,0.45766385182025887,0.02,0.04
NA,NA,NA,0.4392702630171856,0.01,0.02
NA,NA,NA,0.4392702630171856,0.01,0.02
NA,NA,NA,0.4392702630171856,0.01,0.02
NA,NA,NA,0.4392702630171856,0.01,0.02
NA,NA,NA,0.4392702630171856,0.01,0.02
NA,NA,NA,0.4392702630171856,0.01,0.02
NA,NA,NA,0.4392702630171856,0.01,0.02
NA,NA,NA,0.4392702630171856,0.01,0.02
NA,NA,NA,0.4392702630171856,0.01,0.02
NA,NA,NA,0.4392702630171856,0.01,0.02
NA,NA,NA,0.4319431800706154,0.01,0.02
NA,NA,NA,0.4319431800706154,0.01,0.02
NA,NA,NA,0.4319431800706154,0.01,0.02
NA,NA,NA,0.4319431800706154,0.01,0.02
NA,NA,NA,0.4319431800706154,0.01,0.02
NA,NA,NA,0.4319431800706154,0.01,0.02
NA,NA,NA,0.4319431800706154,0.01,0.02
NA,NA,NA,0.4319431800706154,0.01,0.02
NA,NA,NA,0.4319431800706154,0.01,0.02
NA,NA,NA,0.4319431800706154,0.01,0.02
NA,NA,NA,0.43013344645608215,0.01,0.02
NA,NA,NA,0.43013344645608215,0.01,0.02
NA,NA,NA,0.43013344645608215,0.01,0.02
NA,NA,NA,0.43013344645608215,0.01,0.02
NA,NA,NA,0.43013344645608215,0.01,0.02
NA,NA,NA,0.43013344645608215,0.01,0.02
NA,NA,NA,0.43013344645608215,0.01,0.02
NA,NA,NA,0.43013344645608215,0.01,0.02
NA,NA,NA,0.43013344645608215,0.01,0.02
NA,NA,NA,0.43013344645608215,0.01,0.02
NA,NA,NA,0.4283700424945058,0.01,0.02
NA,NA,NA,0.4283700424945058,0.01,0.02
NA,NA,NA,0.4283700424945058,0.01,0.02
NA,NA,NA,0.4283700424945058,0.01,0.02
NA,NA,NA,0.4283700424945058,0.01,0.02
NA,NA,NA,0.4283700424945058,0.01,0.02
NA,NA,NA,0.4283700424945058,0.01,0.02
NA,NA,NA,0.4283700424945058,0.01,0.02
NA,NA,NA,0.4283700424945058,0.01,0.02
NA,NA,NA,0.4283700424945058,0.01,0.02
NA,NA,NA,0.441767843181472,0.01,0.02
NA,NA,NA,0.441767843181472,0.01,0.02
NA,NA,NA,0.441767843181472,0.01,0.02
NA,NA,NA,0.441767843181472,0.01,0.02
NA,NA,NA,0.441767843181472,0.01,0.02
NA,NA,NA,0.441767843181472,0.01,0.02
NA,NA,NA,0.441767843181472,0.01,0.02
NA,NA,NA,0.441767843181472,0.01,0.02
NA,NA,NA,0.441767843181472,0.01,0.02
NA,NA,NA,0.441767843181472,0.01,0.02
NA,NA,NA,0.4496929282026508,0.01,0.02
NA,NA,NA,0.4496929282026508,0.01,0.02
NA,NA,NA,0.4496929282026508,0.01,0.02
NA,NA,NA,0.4496929282026508,0.01,0.02
NA,NA,NA,0.4496929282026508,0.01,0.02
NA,NA,NA,0.4496929282026508,0.01,0.02
NA,NA,NA,0.4496929282026508,0.01,0.02
NA,NA,NA,0.4496929282026508,0.01,0.02
NA,NA,NA,0.4496929282026508,0.01,0.02
NA,NA,NA,0.4496929282026508,0.01,0.02
NA,NA,NA,0.457795618770618,0.01,0.02
NA,NA,NA,0.457795618770618,0.01,0.02
NA,NA,NA,0.457795618770618,0.01,0.02
NA,NA,NA,0.457795618770618,0.01,0.02
NA,NA,NA,0.457795618770618,0.01,0.02
NA,NA,NA,0.457795618770618,0.01,0.02
NA,NA,NA,0.457795618770618,0.01,0.02
NA,NA,NA,0.457795618770618,0.01,0.02
NA,NA,NA,0.457795618770618,0.01,0.02
NA,NA,NA,0.457795618770618,0.01,0.02
NA,NA,NA,0.47169808234631394,0.02,0.04
NA,NA,NA,0.47169808234631394,0.02,0.04
NA,NA,NA,0.47169808234631394,0.02,0.04
NA,NA,NA,0.47169808234631394,0.02,0.04
NA,NA,NA,0.47169808234631394,0.02,0.04
NA,NA,NA,0.47169808234631394,0.02,0.04
NA,NA,NA,0.47169808234631394,0.02,0.04
NA,NA,NA,0.47169808234631394,0.02,0.04
NA,NA,NA,0.47169808234631394,0.02,0.04
NA,NA,NA,0.47169808234631394,0.02,0.04
NA,NA,NA,0.474999399575081,0.02,0.04
NA,NA,NA,0.474999399575081,0.02,0.04
NA,NA,NA,0.474999399575081,0.02,0.04
NA,NA,NA,0.474999399575081,0.02,0.05
NA,NA,NA,0.474999399575081,0.02,0.04
NA,NA,NA,0.474999399575081,0.02,0.04
NA,NA,NA,0.474999399575081,0.02,0.04
NA,NA,NA,0.474999399575081,0.02,0.04
NA,NA,NA,0.474999399575081,0.02,0.04
NA,NA,NA,0.474999399575081,0.02,0.04
NA,NA,NA,0.4605948241268814,0.02,0.05
NA,NA,NA,0.4605948241268814,0.02,0.05
NA,NA,NA,0.4605948241268814,0.02,0.05
NA,NA,NA,0.4605948241268814,0.02,0.04
NA,NA,NA,0.4605948241268814,0.02,0.04
NA,NA,NA,0.4605948241268814,0.02,0.04
NA,NA,NA,0.4605948241268814,0.02,0.04
NA,NA,NA,0.4605948241268814,0.02,0.04
NA,NA,NA,0.4605948241268814,0.02,0.04
NA,NA,NA,0.4605948241268814,0.02,0.04
NA,NA,NA,0.4330757226478921,0.02,0.05
NA,NA,NA,0.4330757226478921,0.02,0.05
NA,NA,NA,0.4330757226478921,0.02,0.05
NA,NA,NA,0.4330757226478921,0.02,0.05
NA,NA,NA,0.4330757226478921,0.02,0.05
NA,NA,NA,0.4330757226478921,0.02,0.05
NA,NA,NA,0.4330757226478921,0.02,0.05
NA,NA,NA,0.4330757226478921,0.02,0.04
NA,NA,NA,0.4330757226478921,0.02,0.04
NA,NA,NA,0.4330757226478921,0.02,0.04
NA,NA,NA,0.4156692852939984,0.01,0.03
NA,NA,NA,0.4156692852939984,0.01,0.02
NA,NA,NA,0.4156692852939984,0.01,0.02
NA,NA,NA,0.4156692852939984,0.01,0.03
NA,NA,NA,0.4156692852939984,0.01,0.02
NA,NA,NA,0.4156692852939984,0.01,0.02
NA,NA,NA,0.4156692852939984,0.01,0.02
NA,NA,NA,0.4156692852939984,0.01,0.02
NA,NA,NA,0.4156692852939984,0.01,0.02
NA,NA,NA,0.4156692852939984,0.01,0.02
NA,NA,NA,0.41682026742363887,0.01,0.02
NA,NA,NA,0.41682026742363887,0.01,0.02
NA,NA,NA,0.41682026742363887,0.01,0.02
NA,NA,NA,0.41682026742363887,0.01,0.02
NA,NA,NA,0.41682026742363887,0.01,0.02
NA,NA,NA,0.41682026742363887,0.01,0.02
NA,NA,NA,0.41682026742363887,0.01,0.02
NA,NA,NA,0.41682026742363887,0.01,0.02
NA,NA,NA,0.41682026742363887,0.01,0.02
NA,NA,NA,0.41682026742363887,0.01,0.03
NA,NA,NA,0.4347325048122595,0.02,0.05
NA,NA,NA,0.4347325048122595,0.02,0.05
NA,NA,NA,0.4347325048122595,0.02,0.04
NA,NA,NA,0.4347325048122595,0.02,0.04
NA,NA,NA,0.4347325048122595,0.02,0.04
NA,NA,NA,0.4347325048122595,0.02,0.05
NA,NA,NA,0.4347325048122595,0.02,0.05
NA,NA,NA,0.4347325048122595,0.02,0.05
NA,NA,NA,0.4347325048122595,0.02,0.05
NA,NA,NA,0.4347325048122595,0.02,0.05
NA,NA,NA,0.43085613284062,0.02,0.05
NA,NA,NA,0.43085613284062,0.02,0.05
NA,NA,NA,0.43085613284062,0.02,0.05
NA,NA,NA,0.43085613284062,0.02,0.05
NA,NA,NA,0.43085613284062,0.02,0.05
NA,NA,NA,0.43085613284062,0.02,0.05
NA,NA,NA,0.43085613284062,0.02,0.05
NA,NA,NA,0.43085613284062,0.02,0.04
NA,NA,NA,0.43085613284062,0.02,0.04
NA,NA,NA,0.43085613284062,0.02,0.04
NA,NA,NA,0.425962801793223,0.01,0.02
NA,NA,NA,0.425962801793223,0.01,0.02
NA,NA,NA,0.425962801793223,0.01,0.02
NA,NA,NA,0.425962801793223,0.01,0.02
NA,NA,NA,0.425962801793223,0.01,0.02
NA,NA,NA,0.425962801793223,0.01,0.02
NA,NA,NA,0.425962801793223,0.01,0.02
NA,NA,NA,0.425962801793223,0.01,0.02
NA,NA,NA,0.425962801793223,0.01,0.02
NA,NA,NA,0.425962801793223,0.01,0.02
NA,NA,NA,0.4196625491800205,0.01,0.02
NA,NA,NA,0.4196625491800205,0.01,0.02
NA,NA,NA,0.4196625491800205,0.01,0.02
NA,NA,NA,0.4196625491800205,0.01,0.02
NA,NA,NA,0.4196625491800205,0.01,0.02
NA,NA,NA,0.4196625491800205,0.01,0.02
NA,NA,NA,0.4196625491800205,0.01,0.02
NA,NA,NA,0.4196625491800205,0.01,0.02
NA,NA,NA,0.4196625491800205,0.01,0.02
NA,NA,NA,0.4196625491800205,0.01,0.02
NA,NA,NA,0.4345454822688127,0.02,0.04
NA,NA,NA,0.4345454822688127,0.02,0.04
NA,NA,NA,0.4345454822688127,0.02,0.05
NA,NA,NA,0.4345454822688127,0.02,0.05
NA,NA,NA,0.4345454822688127,0.02,0.05
NA,NA,NA,0.4345454822688127,0.02,0.05
NA,NA,NA,0.4345454822688127,0.02,0.05
NA,NA,NA,0.4345454822688127,0.02,0.05
NA,NA,NA,0.4345454822688127,0.02,0.05
NA,NA,NA,0.4345454822688127,0.02,0.05
NA,NA,NA,0.45107271559647694,0.04,0.1
NA,NA,NA,0.45107271559647694,0.04,0.1
NA,NA,NA,0.45107271559647694,0.04,0.09
NA,NA,NA,0.45107271559647694,0.04,0.08
NA,NA,NA,0.45107271559647694,0.04,0.08
NA,NA,NA,0.45107271559647694,0.04,0.08
NA,NA,NA,0.45107271559647694,0.04,0.08
NA,NA,NA,0.45107271559647694,0.04,0.09
NA,NA,NA,0.45107271559647694,0.04,0.09
NA,NA,NA,0.45107271559647694,0.04,0.1
NA,NA,NA,0.4308147558181258,0.05,0.11
NA,NA,NA,0.4308147558181258,0.05,0.12
NA,NA,NA,0.4308147558181258,0.05,0.13
NA,NA,NA,0.4308147558181258,0.05,0.13
NA,NA,NA,0.4308147558181258,0.05,0.13
NA,NA,NA,0.4308147558181258,0.05,0.13
NA,NA,NA,0.4308147558181258,0.05,0.11
NA,NA,NA,0.4308147558181258,0.05,0.1
NA,NA,NA,0.4308147558181258,0.05,0.1
NA,NA,NA,0.4308147558181258,0.05,0.1
NA,NA,NA,0.3993246722339362,0.02,0.05
NA,NA,NA,0.3993246722339362,0.02,0.05
NA,NA,NA,0.3993246722339362,0.02,0.05
NA,NA,NA,0.3993246722339362,0.02,0.05
NA,NA,NA,0.3993246722339362,0.02,0.05
NA,NA,NA,0.3993246722339362,0.02,0.05
NA,NA,NA,0.3993246722339362,0.02,0.05
NA,NA,NA,0.3993246722339362,0.02,0.05
NA,NA,NA,0.3993246722339362,0.02,0.06
NA,NA,NA,0.3993246722339362,0.02,0.05
NA,NA,NA,0.41545413559866223,0.01,0.02
NA,NA,NA,0.41545413559866223,0.01,0.03
NA,NA,NA,0.41545413559866223,0.01,0.02
NA,NA,NA,0.41545413559866223,0.01,0.02
NA,NA,NA,0.41545413559866223,0.01,0.02
NA,NA,NA,0.41545413559866223,0.01,0.02
NA,NA,NA,0.41545413559866223,0.01,0.02
NA,NA,NA,0.41545413559866223,0.01,0.02
NA,NA,NA,0.41545413559866223,0.01,0.02
NA,NA,NA,0.41545413559866223,0.01,0.02
NA,NA,NA,0.4110362051828535,0.01,0.02
NA,NA,NA,0.4110362051828535,0.01,0.02
NA,NA,NA,0.4110362051828535,0.01,0.02
NA,NA,NA,0.4110362051828535,0.01,0.02
NA,NA,NA,0.4110362051828535,0.01,0.02
NA,NA,NA,0.4110362051828535,0.01,0.03
NA,NA,NA,0.4110362051828535,0.01,0.03
NA,NA,NA,0.4110362051828535,0.01,0.02
NA,NA,NA,0.4110362051828535,0.01,0.02
NA,NA,NA,0.4110362051828535,0.01,0.02
NA,NA,NA,0.4166971793201135,0.02,0.04
NA,NA,NA,0.4166971793201135,0.02,0.05
NA,NA,NA,0.4166971793201135,0.02,0.05
NA,NA,NA,0.4166971793201135,0.02,0.05
NA,NA,NA,0.4166971793201135,0.02,0.05
NA,NA,NA,0.4166971793201135,0.02,0.05
NA,NA,NA,0.4166971793201135,0.02,0.05
NA,NA,NA,0.4166971793201135,0.02,0.05
NA,NA,NA,0.4166971793201135,0.02,0.05
NA,NA,NA,0.4166971793201135,0.02,0.05
NA,NA,NA,0.45533094965665,0.05,0.09
NA,NA,NA,0.45533094965665,0.05,0.1
NA,NA,NA,0.45533094965665,0.05,0.1
NA,NA,NA,0.45533094965665,0.05,0.1
NA,NA,NA,0.45533094965665,0.05,0.11
NA,NA,NA,0.45533094965665,0.05,0.12
NA,NA,NA,0.45533094965665,0.05,0.12
NA,NA,NA,0.45533094965665,0.05,0.12
NA,NA,NA,0.45533094965665,0.05,0.12
NA,NA,NA,0.45533094965665,0.05,0.12
NA,NA,NA,0.49102746106359574,0.04,0.08
NA,NA,NA,0.49102746106359574,0.04,0.07
NA,NA,NA,0.49102746106359574,0.04,0.08
NA,NA,NA,0.49102746106359574,0.04,0.08
NA,NA,NA,0.49102746106359574,0.04,0.08
NA,NA,NA,0.49102746106359574,0.04,0.08
NA,NA,NA,0.49102746106359574,0.04,0.09
NA,NA,NA,0.49102746106359574,0.04,0.09
NA,NA,NA,0.49102746106359574,0.04,0.09
NA,NA,NA,0.49102746106359574,0.04,0.09
NA,NA,NA,0.5305053216074469,0.02,0.04
NA,NA,NA,0.5305053216074469,0.02,0.04
NA,NA,NA,0.5305053216074469,0.02,0.04
NA,NA,NA,0.5305053216074469,0.02,0.04
NA,NA,NA,0.5305053216074469,0.02,0.04
NA,NA,NA,0.5305053216074469,0.02,0.04
NA,NA,NA,0.5305053216074469,0.02,0.04
NA,NA,NA,0.5305053216074469,0.02,0.04
NA,NA,NA,0.5305053216074469,0.02,0.04
NA,NA,NA,0.5305053216074469,0.02,0.04
NA,NA,NA,0.531381227961015,0.02,0.04
NA,NA,NA,0.531381227961015,0.02,0.04
NA,NA,NA,0.531381227961015,0.02,0.04
NA,NA,NA,0.531381227961015,0.02,0.04
NA,NA,NA,0.531381227961015,0.02,0.04
NA,NA,NA,0.531381227961015,0.02,0.04
NA,NA,NA,0.531381227961015,0.02,0.04
NA,NA,NA,0.531381227961015,0.02,0.04
NA,NA,NA,0.531381227961015,0.02,0.03
NA,NA,NA,0.531381227961015,0.02,0.04
NA,NA,NA,0.5113304167867507,0.03,0.06
NA,NA,NA,0.5113304167867507,0.03,0.06
NA,NA,NA,0.5113304167867507,0.03,0.06
NA,NA,NA,0.5113304167867507,0.03,0.06
NA,NA,NA,0.5113304167867507,0.03,0.06
NA,NA,NA,0.5113304167867507,0.03,0.06
NA,NA,NA,0.5113304167867507,0.03,0.06
NA,NA,NA,0.5113304167867507,0.03,0.06
NA,NA,NA,0.5113304167867507,0.03,0.06
NA,NA,NA,0.5113304167867507,0.03,0.06
NA,NA,NA,0.4969356217507667,0.02,0.04
NA,NA,NA,0.4969356217507667,0.02,0.04
NA,NA,NA,0.4969356217507667,0.02,0.04
NA,NA,NA,0.4969356217507667,0.02,0.04
NA,NA,NA,0.4969356217507667,0.02,0.04
NA,NA,NA,0.4969356217507667,0.02,0.04
NA,NA,NA,0.4969356217507667,0.02,0.04
NA,NA,NA,0.4969356217507667,0.02,0.04
NA,NA,NA,0.4969356217507667,0.02,0.04
NA,NA,NA,0.4969356217507667,0.02,0.04
NA,NA,NA,0.46119512505283794,0.02,0.04
NA,NA,NA,0.46119512505283794,0.02,0.05
NA,NA,NA,0.46119512505283794,0.02,0.05
NA,NA,NA,0.46119512505283794,0.02,0.05
NA,NA,NA,0.46119512505283794,0.02,0.04
NA,NA,NA,0.46119512505283794,0.02,0.04
NA,NA,NA,0.46119512505283794,0.02,0.04
NA,NA,NA,0.46119512505283794,0.02,0.04
NA,NA,NA,0.46119512505283794,0.02,0.04
NA,NA,NA,0.46119512505283794,0.02,0.04
NA,NA,NA,0.4555694919775937,0.04,0.09
NA,NA,NA,0.4555694919775937,0.04,0.08
NA,NA,NA,0.4555694919775937,0.04,0.08
NA,NA,NA,0.4555694919775937,0.04,0.08
NA,NA,NA,0.4555694919775937,0.04,0.09
NA,NA,NA,0.4555694919775937,0.04,0.1
NA,NA,NA,0.4555694919775937,0.04,0.1
NA,NA,NA,0.4555694919775937,0.04,0.09
NA,NA,NA,0.4555694919775937,0.04,0.09
NA,NA,NA,0.4555694919775937,0.04,0.09
NA,NA,NA,0.44625118485582504,0.03,0.07
NA,NA,NA,0.44625118485582504,0.03,0.07
NA,NA,NA,0.44625118485582504,0.03,0.07
NA,NA,NA,0.44625118485582504,0.03,0.08
NA,NA,NA,0.44625118485582504,0.03,0.06
NA,NA,NA,0.44625118485582504,0.03,0.07
NA,NA,NA,0.44625118485582504,0.03,0.06
NA,NA,NA,0.44625118485582504,0.03,0.06
NA,NA,NA,0.44625118485582504,0.03,0.06
NA,NA,NA,0.44625118485582504,0.03,0.07
NA,NA,NA,0.45592412108892566,0.04,0.08
NA,NA,NA,0.45592412108892566,0.04,0.08
NA,NA,NA,0.45592412108892566,0.04,0.09
NA,NA,NA,0.45592412108892566,0.04,0.09
NA,NA,NA,0.45592412108892566,0.04,0.09
NA,NA,NA,0.45592412108892566,0.04,0.09
NA,NA,NA,0.45592412108892566,0.04,0.1
NA,NA,NA,0.45592412108892566,0.04,0.1
NA,NA,NA,0.45592412108892566,0.04,0.08
NA,NA,NA,0.45592412108892566,0.04,0.08
NA,NA,NA,0.4727265122192507,0.04,0.08
NA,NA,NA,0.4727265122192507,0.04,0.08
NA,NA,NA,0.4727265122192507,0.04,0.08
NA,NA,NA,0.4727265122192507,0.04,0.08
NA,NA,NA,0.4727265122192507,0.04,0.08
NA,NA,NA,0.4727265122192507,0.04,0.08
NA,NA,NA,0.4727265122192507,0.04,0.09
NA,NA,NA,0.4727265122192507,0.04,0.08
NA,NA,NA,0.4727265122192507,0.04,0.1
NA,NA,NA,0.4727265122192507,0.04,0.09
NA,NA,NA,0.5719783553693304,0.03,0.05
NA,NA,NA,0.5719783553693304,0.03,0.05
NA,NA,NA,0.5719783553693304,0.03,0.05
NA,NA,NA,0.5719783553693304,0.03,0.05
NA,NA,NA,0.5719783553693304,0.03,0.05
NA,NA,NA,0.5719783553693304,0.03,0.05
NA,NA,NA,0.5719783553693304,0.03,0.05
NA,NA,NA,0.5719783553693304,0.03,0.05
NA,NA,NA,0.5719783553693304,0.03,0.06
NA,NA,NA,0.5719783553693304,0.03,0.06
NA,NA,NA,0.5692409424698499,0.03,0.05
NA,NA,NA,0.5692409424698499,0.03,0.06
NA,NA,NA,0.5692409424698499,0.03,0.05
NA,NA,NA,0.5692409424698499,0.03,0.05
NA,NA,NA,0.5692409424698499,0.03,0.05
NA,NA,NA,0.5692409424698499,0.03,0.05
NA,NA,NA,0.5692409424698499,0.03,0.05
NA,NA,NA,0.5692409424698499,0.03,0.05
NA,NA,NA,0.5692409424698499,0.03,0.05
NA,NA,NA,0.5692409424698499,0.03,0.06
NA,NA,NA,0.5311919718590603,0.03,0.06
NA,NA,NA,0.5311919718590603,0.03,0.06
NA,NA,NA,0.5311919718590603,0.03,0.06
NA,NA,NA,0.5311919718590603,0.03,0.06
NA,NA,NA,0.5311919718590603,0.03,0.06
NA,NA,NA,0.5311919718590603,0.03,0.06
NA,NA,NA,0.5311919718590603,0.03,0.06
NA,NA,NA,0.5311919718590603,0.03,0.06
NA,NA,NA,0.5311919718590603,0.03,0.05
NA,NA,NA,0.5311919718590603,0.03,0.05
NA,NA,NA,0.45682991008068463,0.03,0.07
NA,NA,NA,0.45682991008068463,0.03,0.07
NA,NA,NA,0.45682991008068463,0.03,0.07
NA,NA,NA,0.45682991008068463,0.03,0.07
NA,NA,NA,0.45682991008068463,0.03,0.07
NA,NA,NA,0.45682991008068463,0.03,0.07
NA,NA,NA,0.45682991008068463,0.03,0.06
NA,NA,NA,0.45682991008068463,0.03,0.06
NA,NA,NA,0.45682991008068463,0.03,0.06
NA,NA,NA,0.45682991008068463,0.03,0.06
NA,NA,NA,0.4177284957203173,0.02,0.05
NA,NA,NA,0.4177284957203173,0.02,0.05
NA,NA,NA,0.4177284957203173,0.02,0.05
NA,NA,NA,0.4177284957203173,0.02,0.05
NA,NA,NA,0.4177284957203173,0.02,0.05
NA,NA,NA,0.4177284957203173,0.02,0.05
NA,NA,NA,0.4177284957203173,0.02,0.05
NA,NA,NA,0.4177284957203173,0.02,0.05
NA,NA,NA,0.4177284957203173,0.02,0.04
NA,NA,NA,0.4177284957203173,0.02,0.04
NA,NA,NA,0.4101983580659857,0.02,0.04
NA,NA,NA,0.4101983580659857,0.02,0.05
NA,NA,NA,0.4101983580659857,0.02,0.05
NA,NA,NA,0.4101983580659857,0.02,0.05
NA,NA,NA,0.4101983580659857,0.02,0.05
NA,NA,NA,0.4101983580659857,0.02,0.05
NA,NA,NA,0.4101983580659857,0.02,0.05
NA,NA,NA,0.4101983580659857,0.02,0.05
NA,NA,NA,0.4101983580659857,0.02,0.05
NA,NA,NA,0.4101983580659857,0.02,0.05
NA,NA,NA,0.43428245839035545,0.02,0.05
NA,NA,NA,0.43428245839035545,0.02,0.05
NA,NA,NA,0.43428245839035545,0.02,0.05
NA,NA,NA,0.43428245839035545,0.02,0.04
NA,NA,NA,0.43428245839035545,0.02,0.04
NA,NA,NA,0.43428245839035545,0.02,0.05
NA,NA,NA,0.43428245839035545,0.02,0.04
NA,NA,NA,0.43428245839035545,0.02,0.05
NA,NA,NA,0.43428245839035545,0.02,0.05
NA,NA,NA,0.43428245839035545,0.02,0.05
NA,NA,NA,0.41788145681713335,0.04,0.1
NA,NA,NA,0.41788145681713335,0.04,0.11
NA,NA,NA,0.41788145681713335,0.04,0.1
NA,NA,NA,0.41788145681713335,0.04,0.11
NA,NA,NA,0.41788145681713335,0.04,0.1
NA,NA,NA,0.41788145681713335,0.04,0.1
NA,NA,NA,0.41788145681713335,0.04,0.09
NA,NA,NA,0.41788145681713335,0.04,0.08
NA,NA,NA,0.41788145681713335,0.04,0.08
NA,NA,NA,0.41788145681713335,0.04,0.09
NA,NA,NA,0.3822445686614165,0.02,0.05
NA,NA,NA,0.3822445686614165,0.02,0.05
NA,NA,NA,0.3822445686614165,0.02,0.05
NA,NA,NA,0.3822445686614165,0.02,0.05
NA,NA,NA,0.3822445686614165,0.02,0.05
NA,NA,NA,0.3822445686614165,0.02,0.05
NA,NA,NA,0.3822445686614165,0.02,0.05
NA,NA,NA,0.3822445686614165,0.02,0.06
NA,NA,NA,0.3822445686614165,0.02,0.05
NA,NA,NA,0.3822445686614165,0.02,0.05
NA,NA,NA,0.3954178132907285,0.01,0.02
NA,NA,NA,0.3954178132907285,0.01,0.02
NA,NA,NA,0.3954178132907285,0.01,0.02
NA,NA,NA,0.3954178132907285,0.01,0.02
NA,NA,NA,0.3954178132907285,0.01,0.03
NA,NA,NA,0.3954178132907285,0.01,0.03
NA,NA,NA,0.3954178132907285,0.01,0.03
NA,NA,NA,0.3954178132907285,0.01,0.03
NA,NA,NA,0.3954178132907285,0.01,0.03
NA,NA,NA,0.3954178132907285,0.01,0.03
NA,NA,NA,0.4025988903658004,0.01,0.02
NA,NA,NA,0.4025988903658004,0.01,0.03
NA,NA,NA,0.4025988903658004,0.01,0.02
NA,NA,NA,0.4025988903658004,0.01,0.03
NA,NA,NA,0.4025988903658004,0.01,0.02
NA,NA,NA,0.4025988903658004,0.01,0.02
NA,NA,NA,0.4025988903658004,0.01,0.02
NA,NA,NA,0.4025988903658004,0.01,0.02
NA,NA,NA,0.4025988903658004,0.01,0.02
NA,NA,NA,0.4025988903658004,0.01,0.03
NA,NA,NA,0.3972873023124974,0.01,0.02
NA,NA,NA,0.3972873023124974,0.01,0.03
NA,NA,NA,0.3972873023124974,0.01,0.03
NA,NA,NA,0.3972873023124974,0.01,0.03
NA,NA,NA,0.3972873023124974,0.01,0.03
NA,NA,NA,0.3972873023124974,0.01,0.03
NA,NA,NA,0.3972873023124974,0.01,0.02
NA,NA,NA,0.3972873023124974,0.01,0.03
NA,NA,NA,0.3972873023124974,0.01,0.02
NA,NA,NA,0.3972873023124974,0.01,0.02
NA,NA,NA,0.4204958087477887,0.03,0.06
NA,NA,NA,0.4204958087477887,0.03,0.07
NA,NA,NA,0.4204958087477887,0.03,0.07
NA,NA,NA,0.4204958087477887,0.03,0.07
NA,NA,NA,0.4204958087477887,0.03,0.07
NA,NA,NA,0.4204958087477887,0.03,0.07
NA,NA,NA,0.4204958087477887,0.03,0.08
NA,NA,NA,0.4204958087477887,0.03,0.08
NA,NA,NA,0.4204958087477887,0.03,0.08
NA,NA,NA,0.4204958087477887,0.03,0.08
NA,NA,NA,0.4647857795516366,0.04,0.08
NA,NA,NA,0.4647857795516366,0.04,0.08
NA,NA,NA,0.4647857795516366,0.04,0.08
NA,NA,NA,0.4647857795516366,0.04,0.08
NA,NA,NA,0.4647857795516366,0.04,0.08
NA,NA,NA,0.4647857795516366,0.04,0.09
NA,NA,NA,0.4647857795516366,0.04,0.09
NA,NA,NA,0.4647857795516366,0.04,0.09
NA,NA,NA,0.4647857795516366,0.04,0.09
NA,NA,NA,0.4647857795516366,0.04,0.1
NA,NA,NA,0.4843744199013425,0.02,0.04
NA,NA,NA,0.4843744199013425,0.02,0.04
NA,NA,NA,0.4843744199013425,0.02,0.04
